City,Area_Code,Population_Density,Vehicles_Per_Hour,Traffic_Signals,Weather,Time_of_Day,Day_Type,Road_Type,Traffic_High
Lucknow,47,8238,1350,9,Rain,Night,Weekday,Street,0
Hyderabad,46,7026,822,11,Clear,Evening,Weekend,Street,1
Jaipur,52,11482,1966,9,Fog,Afternoon,Weekday,Highway,1
Chennai,19,14801,1414,5,Clear,Night,Weekday,Main Road,0
Lucknow,77,17120,501,1,Rain,Morning,Weekday,Highway,0
Ahmedabad,21,16580,1442,7,Rain,Morning,Weekend,Street,1
Bangalore,64,9664,993,11,Rain,Afternoon,Weekday,Street,1
Lucknow,37,18342,897,5,Rain,Evening,Weekday,Main Road,1
Jaipur,27,1493,1066,3,Clear,Afternoon,Weekday,Highway,0
Chennai,55,17465,1547,3,Rain,Afternoon,Weekday,Highway,1
Hyderabad,29,7999,1263,10,Fog,Morning,Weekend,Main Road,1
Jaipur,20,14833,933,6,Rain,Morning,Weekend,Highway,1
Jaipur,25,3970,468,2,Fog,Night,Weekday,Main Road,0
Bangalore,70,1011,1783,10,Rain,Night,Weekday,Highway,0
Kolkata,63,16551,914,2,Clear,Night,Weekday,Main Road,0
Chennai,36,18145,838,5,Fog,Afternoon,Weekend,Main Road,1
Mumbai,2,4185,1921,8,Clear,Afternoon,Weekend,Main Road,0
Jaipur,22,17409,544,0,Rain,Night,Weekday,Street,0
Kolkata,16,2806,1112,4,Clear,Morning,Weekday,Street,0
Mumbai,18,6664,211,0,Rain,Morning,Weekend,Street,0
Chennai,69,15126,170,0,Clear,Evening,Weekday,Highway,0
Delhi,54,13894,1965,2,Clear,Night,Weekend,Main Road,0
Ahmedabad,30,6154,448,2,Fog,Afternoon,Weekday,Highway,0
Kolkata,45,14767,1335,3,Rain,Evening,Weekday,Highway,1
Pune,19,16226,777,2,Clear,Evening,Weekday,Main Road,1
Delhi,34,2525,1897,5,Rain,Evening,Weekday,Street,1
Ahmedabad,13,1760,610,11,Fog,Night,Weekend,Highway,0
Bangalore,43,17978,653,3,Clear,Night,Weekend,Highway,0
Lucknow,62,14880,1202,7,Rain,Night,Weekend,Highway,0
Hyderabad,22,2055,1906,0,Clear,Morning,Weekday,Street,0
Pune,52,11046,589,7,Clear,Evening,Weekday,Main Road,0
Bangalore,52,4083,405,10,Clear,Morning,Weekend,Main Road,0
Chennai,36,16678,709,0,Clear,Night,Weekend,Highway,0
Bangalore,73,13108,481,10,Fog,Morning,Weekday,Main Road,1
Lucknow,19,10650,1913,0,Fog,Morning,Weekend,Street,1
Chennai,38,6957,1138,6,Rain,Afternoon,Weekday,Main Road,0
Pune,70,6255,1291,0,Rain,Night,Weekend,Highway,0
Lucknow,79,10411,612,8,Clear,Evening,Weekday,Highway,0
Mumbai,57,17344,1500,7,Clear,Night,Weekday,Main Road,1
Hyderabad,20,10691,866,0,Clear,Morning,Weekend,Highway,0
Pune,9,19214,1994,1,Fog,Night,Weekend,Street,1
Mumbai,32,4395,1147,1,Clear,Night,Weekday,Street,0
Ahmedabad,4,2203,1533,1,Rain,Afternoon,Weekday,Street,0
Pune,50,4044,1498,5,Clear,Afternoon,Weekend,Street,0
Ahmedabad,5,8272,760,3,Fog,Night,Weekday,Highway,0
Chennai,20,4514,1265,7,Clear,Afternoon,Weekend,Highway,0
Mumbai,75,10990,1262,0,Fog,Morning,Weekday,Main Road,1
Hyderabad,37,7192,61,9,Fog,Morning,Weekend,Highway,0
Lucknow,22,11767,288,3,Fog,Morning,Weekday,Main Road,0
Jaipur,58,17528,1945,9,Fog,Afternoon,Weekday,Highway,1
Bangalore,68,8507,1666,10,Rain,Night,Weekday,Main Road,1
Delhi,44,5857,502,4,Fog,Morning,Weekday,Main Road,0
Hyderabad,34,13118,432,8,Rain,Evening,Weekday,Street,1
Mumbai,77,18761,831,4,Rain,Morning,Weekday,Main Road,1
Jaipur,42,4146,1875,10,Clear,Night,Weekday,Main Road,0
Hyderabad,9,18177,97,2,Clear,Morning,Weekend,Main Road,0
Mumbai,7,6756,366,10,Fog,Evening,Weekend,Main Road,1
Kolkata,68,5414,258,3,Clear,Morning,Weekday,Main Road,0
Kolkata,19,18494,1620,9,Fog,Morning,Weekend,Street,1
Ahmedabad,31,4937,1192,6,Clear,Night,Weekend,Main Road,0
Hyderabad,35,4963,626,0,Fog,Morning,Weekday,Main Road,0
Kolkata,57,6897,364,10,Clear,Morning,Weekend,Main Road,0
Mumbai,61,9974,803,5,Clear,Afternoon,Weekday,Highway,0
Ahmedabad,31,15377,1109,7,Rain,Night,Weekend,Highway,0
Mumbai,53,18500,1536,0,Clear,Night,Weekend,Street,0
Ahmedabad,32,17056,1837,7,Clear,Night,Weekend,Main Road,1
Hyderabad,66,2750,964,6,Fog,Night,Weekday,Main Road,0
Jaipur,59,5027,804,0,Rain,Morning,Weekend,Highway,0
Lucknow,10,12528,603,8,Fog,Evening,Weekday,Main Road,1
Pune,2,6745,1654,10,Clear,Evening,Weekday,Street,1
Jaipur,66,10679,452,2,Fog,Afternoon,Weekend,Main Road,0
Chennai,60,6938,1180,1,Rain,Morning,Weekday,Street,0
Mumbai,17,13150,88,6,Fog,Night,Weekday,Highway,0
Chennai,16,14406,630,10,Clear,Night,Weekend,Street,0
Jaipur,16,18743,229,2,Fog,Evening,Weekday,Street,1
Ahmedabad,46,5853,61,0,Clear,Afternoon,Weekend,Street,0
Pune,39,19325,1412,9,Rain,Morning,Weekend,Street,1
Pune,31,4148,992,2,Rain,Afternoon,Weekday,Street,0
Delhi,1,17243,1789,5,Fog,Morning,Weekend,Street,1
Pune,11,8933,597,2,Rain,Afternoon,Weekend,Street,0
Lucknow,4,10436,1199,4,Fog,Afternoon,Weekday,Street,1
Pune,71,18669,112,8,Clear,Night,Weekday,Street,0
Jaipur,26,7474,893,6,Fog,Evening,Weekday,Highway,1
Delhi,50,15679,1155,1,Clear,Night,Weekday,Street,0
Jaipur,12,12228,1058,0,Rain,Evening,Weekend,Street,1
Jaipur,75,1770,1892,6,Clear,Afternoon,Weekend,Main Road,0
Bangalore,65,2843,1372,3,Clear,Morning,Weekend,Main Road,0
Delhi,47,1073,83,10,Clear,Night,Weekend,Main Road,0
Jaipur,53,19044,801,6,Clear,Morning,Weekend,Street,1
Bangalore,71,17059,1682,5,Clear,Night,Weekday,Highway,0
Bangalore,2,9000,98,6,Fog,Night,Weekend,Highway,0
Delhi,24,14273,707,3,Clear,Night,Weekend,Main Road,0
Chennai,4,17121,1710,2,Clear,Morning,Weekend,Main Road,1
Ahmedabad,19,1331,750,11,Clear,Night,Weekend,Street,0
Lucknow,26,18805,1130,4,Clear,Night,Weekday,Highway,0
Ahmedabad,75,8512,1934,2,Clear,Night,Weekday,Highway,0
Pune,40,5931,158,2,Clear,Morning,Weekday,Main Road,0
Lucknow,50,13742,1590,3,Rain,Night,Weekend,Highway,0
Pune,43,14426,1034,7,Fog,Morning,Weekend,Main Road,1
Jaipur,75,6113,73,1,Clear,Evening,Weekend,Main Road,0
Mumbai,67,9419,270,3,Fog,Night,Weekday,Street,0
Delhi,12,3881,364,10,Rain,Afternoon,Weekend,Main Road,0
Lucknow,67,14145,343,2,Rain,Evening,Weekday,Street,1
Lucknow,27,14556,1083,6,Clear,Morning,Weekend,Highway,0
Jaipur,54,3575,1750,1,Fog,Afternoon,Weekday,Highway,0
Chennai,66,13714,1069,0,Clear,Morning,Weekday,Main Road,0
Bangalore,49,7185,1554,9,Rain,Morning,Weekend,Main Road,1
Jaipur,16,9656,1800,0,Rain,Night,Weekend,Street,0
Kolkata,2,6741,1067,5,Fog,Afternoon,Weekday,Street,0
Bangalore,60,17661,687,2,Clear,Morning,Weekday,Highway,0
Delhi,54,1065,316,6,Fog,Evening,Weekday,Highway,0
Bangalore,30,5262,1865,7,Fog,Night,Weekday,Main Road,1
Chennai,38,6704,137,4,Rain,Evening,Weekday,Main Road,0
Bangalore,28,16355,504,4,Fog,Evening,Weekend,Street,1
Delhi,25,9594,1699,11,Rain,Night,Weekday,Main Road,1
Chennai,10,13175,1606,1,Clear,Morning,Weekend,Street,1
Ahmedabad,60,13696,1221,7,Fog,Evening,Weekend,Highway,1
Lucknow,42,7255,806,9,Fog,Morning,Weekend,Highway,0
Lucknow,40,8441,1851,0,Clear,Morning,Weekend,Main Road,0
Pune,77,15986,1802,9,Fog,Night,Weekend,Street,1
Ahmedabad,42,14350,480,8,Clear,Evening,Weekday,Main Road,1
Ahmedabad,47,15440,1825,0,Rain,Evening,Weekend,Main Road,1
Bangalore,37,8960,960,0,Rain,Night,Weekday,Street,0
Lucknow,22,18821,1817,0,Fog,Morning,Weekend,Main Road,1
Delhi,57,14665,1817,6,Rain,Morning,Weekday,Street,1
Hyderabad,27,7629,291,3,Rain,Night,Weekend,Street,0
Hyderabad,41,14828,751,11,Clear,Morning,Weekday,Main Road,1
Chennai,34,5541,951,6,Rain,Morning,Weekday,Street,0
Lucknow,32,8876,790,4,Rain,Evening,Weekday,Highway,0
Lucknow,66,14311,115,11,Rain,Morning,Weekend,Highway,0
Hyderabad,12,15588,1021,6,Clear,Morning,Weekday,Highway,0
Lucknow,40,17648,427,9,Fog,Morning,Weekend,Highway,1
Bangalore,73,13380,437,6,Clear,Morning,Weekend,Main Road,0
Kolkata,76,10877,1864,3,Fog,Night,Weekday,Highway,1
Mumbai,73,18818,830,1,Fog,Night,Weekend,Highway,0
Ahmedabad,10,6097,258,7,Rain,Night,Weekend,Highway,0
Pune,48,19044,1488,1,Rain,Morning,Weekend,Highway,1
Chennai,20,19738,65,8,Clear,Night,Weekend,Main Road,0
Kolkata,39,7461,1370,4,Clear,Afternoon,Weekday,Highway,0
Hyderabad,60,8044,1035,8,Clear,Afternoon,Weekend,Street,0
Ahmedabad,66,6497,1293,8,Rain,Afternoon,Weekday,Street,1
Lucknow,65,14751,1842,7,Fog,Evening,Weekend,Main Road,1
Pune,51,10304,416,7,Clear,Morning,Weekday,Main Road,0
Lucknow,36,11426,829,3,Fog,Evening,Weekday,Main Road,1
Delhi,24,12058,1302,3,Rain,Night,Weekend,Highway,0
Delhi,27,12260,1704,1,Rain,Morning,Weekend,Main Road,1
Pune,2,19563,489,3,Rain,Afternoon,Weekend,Highway,0
Pune,31,1634,739,3,Rain,Morning,Weekend,Main Road,0
Hyderabad,57,11057,1605,5,Fog,Evening,Weekend,Street,1
Pune,78,14345,1523,2,Fog,Night,Weekday,Street,1
Bangalore,66,11147,1109,1,Clear,Night,Weekday,Highway,0
Lucknow,29,19602,896,7,Fog,Evening,Weekday,Main Road,1
Kolkata,15,2389,471,1,Fog,Morning,Weekend,Street,0
Jaipur,12,14071,1991,7,Fog,Evening,Weekend,Highway,1
Pune,28,12322,1693,6,Clear,Night,Weekend,Street,0
Chennai,24,5276,1262,2,Fog,Afternoon,Weekday,Main Road,0
Delhi,21,13306,1251,5,Fog,Night,Weekend,Highway,0
Bangalore,10,2249,657,5,Fog,Night,Weekday,Street,0
Ahmedabad,78,18629,1388,9,Rain,Morning,Weekday,Main Road,1
Jaipur,18,9245,69,4,Fog,Afternoon,Weekend,Highway,0
Kolkata,14,12102,725,7,Clear,Night,Weekday,Street,0
Jaipur,34,17226,431,10,Clear,Afternoon,Weekday,Street,1
Pune,58,11588,658,11,Clear,Evening,Weekday,Highway,1
Hyderabad,76,1442,192,4,Clear,Morning,Weekend,Main Road,0
Delhi,22,7976,111,6,Rain,Afternoon,Weekday,Highway,0
Delhi,70,5675,1315,5,Clear,Afternoon,Weekend,Street,0
Ahmedabad,36,12803,287,10,Rain,Morning,Weekend,Street,1
Hyderabad,45,8953,1204,6,Rain,Evening,Weekday,Street,1
Lucknow,36,5377,1678,8,Rain,Afternoon,Weekend,Main Road,0
Mumbai,22,11599,1676,2,Clear,Morning,Weekday,Street,1
Bangalore,78,8058,1718,9,Clear,Night,Weekend,Street,0
Delhi,61,18206,1196,6,Rain,Morning,Weekend,Highway,1
Chennai,56,12894,1513,9,Rain,Night,Weekend,Street,1
Delhi,33,3939,976,2,Clear,Afternoon,Weekend,Highway,0
Jaipur,45,2031,391,1,Fog,Afternoon,Weekend,Street,0
Delhi,36,11208,1492,11,Fog,Afternoon,Weekend,Highway,1
Delhi,20,1562,1703,6,Fog,Evening,Weekend,Highway,1
Mumbai,18,11730,504,3,Clear,Evening,Weekday,Highway,0
Mumbai,38,17724,1271,0,Clear,Night,Weekday,Highway,0
Kolkata,67,17152,331,5,Rain,Morning,Weekday,Main Road,1
Lucknow,23,14998,935,10,Clear,Night,Weekend,Street,0
Chennai,16,19680,1074,5,Clear,Morning,Weekday,Main Road,1
Delhi,59,17618,772,5,Clear,Afternoon,Weekend,Street,0
Delhi,69,10308,1848,1,Rain,Morning,Weekend,Highway,1
Bangalore,68,10609,1405,0,Rain,Evening,Weekend,Street,1
Mumbai,21,18675,1285,2,Fog,Morning,Weekend,Highway,1
Chennai,78,9720,136,11,Fog,Morning,Weekend,Street,1
Ahmedabad,78,11172,714,1,Clear,Afternoon,Weekend,Highway,0
Kolkata,70,15457,911,5,Clear,Afternoon,Weekend,Street,0
Lucknow,12,3939,1772,11,Rain,Evening,Weekend,Street,1
Hyderabad,16,15345,110,5,Fog,Morning,Weekday,Street,1
Lucknow,14,17158,846,4,Fog,Morning,Weekend,Highway,1
Jaipur,61,6435,144,9,Fog,Morning,Weekday,Street,0
Delhi,71,6392,835,9,Clear,Afternoon,Weekday,Highway,0
Kolkata,46,8972,1626,4,Clear,Evening,Weekend,Main Road,1
Jaipur,32,18617,1220,8,Clear,Morning,Weekday,Street,1
Chennai,15,15799,1319,4,Rain,Morning,Weekend,Highway,1
Hyderabad,44,16052,1717,9,Fog,Morning,Weekday,Highway,1
Mumbai,17,7044,1010,5,Rain,Morning,Weekend,Highway,0
Kolkata,41,15415,346,10,Fog,Evening,Weekday,Main Road,1
Kolkata,54,18274,1196,3,Clear,Evening,Weekend,Highway,1
Delhi,44,14858,1728,9,Rain,Evening,Weekday,Main Road,1
Pune,5,18572,743,0,Rain,Afternoon,Weekend,Main Road,0
Kolkata,27,6644,1777,3,Clear,Morning,Weekend,Highway,0
Bangalore,78,18124,1529,1,Fog,Morning,Weekday,Street,1
Hyderabad,79,18753,448,9,Fog,Morning,Weekday,Main Road,1
Hyderabad,43,19384,1792,2,Fog,Morning,Weekday,Highway,1
Bangalore,31,18855,995,6,Fog,Night,Weekday,Main Road,1
Ahmedabad,17,18920,1304,6,Clear,Evening,Weekend,Highway,1
Bangalore,54,17702,583,0,Clear,Night,Weekday,Highway,0
Bangalore,62,6153,451,7,Clear,Night,Weekday,Main Road,0
Hyderabad,32,2894,1665,6,Clear,Afternoon,Weekend,Highway,0
Lucknow,40,8991,179,0,Rain,Afternoon,Weekend,Main Road,0
Hyderabad,13,16439,341,7,Rain,Morning,Weekend,Highway,1
Pune,35,10467,325,1,Rain,Night,Weekday,Street,0
Delhi,5,6935,961,7,Clear,Night,Weekday,Street,0
Jaipur,73,18107,1908,2,Fog,Evening,Weekday,Main Road,1
Lucknow,29,3329,1449,9,Rain,Night,Weekday,Main Road,0
Mumbai,70,10327,975,6,Rain,Afternoon,Weekend,Main Road,0
Jaipur,25,3770,104,5,Clear,Night,Weekday,Main Road,0
Delhi,22,5846,1651,4,Fog,Afternoon,Weekday,Street,1
Pune,66,17651,788,10,Fog,Morning,Weekend,Main Road,1
Pune,45,17276,1099,9,Fog,Afternoon,Weekend,Highway,1
Mumbai,69,15633,1514,10,Clear,Morning,Weekend,Highway,1
Lucknow,72,14628,814,1,Fog,Evening,Weekday,Main Road,1
Ahmedabad,1,1569,1270,1,Rain,Morning,Weekday,Highway,0
Bangalore,44,2973,691,11,Rain,Night,Weekend,Main Road,0
Lucknow,75,3822,1316,0,Rain,Afternoon,Weekday,Highway,0
Ahmedabad,39,1270,1897,8,Clear,Morning,Weekday,Highway,0
Pune,54,17320,773,10,Fog,Morning,Weekend,Main Road,1
Hyderabad,75,8641,1263,7,Clear,Morning,Weekend,Main Road,0
Delhi,29,9930,851,7,Fog,Morning,Weekend,Street,1
Mumbai,54,7680,787,0,Clear,Morning,Weekday,Main Road,0
Delhi,16,2257,807,4,Rain,Morning,Weekday,Street,0
Chennai,20,9250,1641,11,Clear,Afternoon,Weekday,Main Road,1
Chennai,46,6370,616,5,Clear,Night,Weekend,Highway,0
Lucknow,67,5858,1349,1,Clear,Night,Weekday,Street,0
Pune,65,9581,1891,9,Rain,Morning,Weekday,Highway,1
Pune,58,14491,1482,4,Clear,Afternoon,Weekend,Main Road,0
Bangalore,53,13436,389,5,Clear,Morning,Weekday,Main Road,0
Bangalore,1,13870,202,8,Rain,Evening,Weekday,Main Road,1
Bangalore,66,17504,1638,9,Fog,Night,Weekend,Main Road,1
Hyderabad,29,7908,1471,0,Clear,Morning,Weekend,Street,0
Jaipur,70,11844,1517,9,Rain,Afternoon,Weekend,Street,1
Kolkata,8,19687,1696,2,Clear,Night,Weekend,Main Road,0
Jaipur,29,5861,1053,11,Rain,Afternoon,Weekend,Highway,0
Delhi,51,3911,476,8,Fog,Evening,Weekday,Street,1
Jaipur,33,9991,1052,0,Fog,Morning,Weekend,Highway,0
Hyderabad,3,12572,1560,0,Clear,Evening,Weekend,Main Road,1
Delhi,60,11298,253,0,Rain,Night,Weekend,Street,0
Jaipur,35,8236,1185,6,Fog,Morning,Weekday,Street,1
Hyderabad,69,6565,374,4,Fog,Night,Weekday,Street,0
Kolkata,76,18493,1331,5,Rain,Morning,Weekend,Highway,1
Jaipur,20,7929,999,7,Clear,Afternoon,Weekday,Main Road,0
Hyderabad,73,18634,1601,1,Fog,Night,Weekday,Main Road,1
Bangalore,39,19033,1000,1,Fog,Evening,Weekday,Street,1
Pune,4,8351,1423,2,Fog,Evening,Weekend,Street,1
Bangalore,19,15901,988,2,Clear,Afternoon,Weekday,Main Road,0
Pune,45,11638,1006,2,Fog,Afternoon,Weekday,Highway,0
Mumbai,43,6828,1751,3,Rain,Evening,Weekend,Street,1
Mumbai,13,12556,1886,2,Clear,Afternoon,Weekend,Highway,0
Mumbai,13,19099,943,1,Fog,Morning,Weekday,Highway,1
Kolkata,60,9150,484,8,Rain,Evening,Weekend,Main Road,1
Bangalore,57,11107,1499,5,Rain,Night,Weekend,Main Road,0
Pune,52,2757,1353,2,Clear,Evening,Weekend,Highway,0
Hyderabad,53,19193,420,8,Rain,Afternoon,Weekend,Highway,1
Delhi,43,12199,1743,3,Clear,Morning,Weekday,Main Road,1
Hyderabad,72,17295,982,3,Clear,Night,Weekend,Street,0
Delhi,72,13807,298,7,Clear,Evening,Weekend,Highway,0
Chennai,42,18535,940,6,Rain,Evening,Weekday,Street,1
Hyderabad,26,6492,230,6,Clear,Night,Weekend,Highway,0
Jaipur,23,7302,752,9,Clear,Morning,Weekday,Main Road,0
Jaipur,43,16929,1048,6,Rain,Afternoon,Weekend,Street,1
Lucknow,77,5747,1724,9,Clear,Afternoon,Weekday,Main Road,0
Bangalore,28,15238,127,10,Fog,Afternoon,Weekend,Highway,0
Delhi,9,9402,968,4,Rain,Afternoon,Weekend,Main Road,0
Delhi,20,11686,934,6,Rain,Night,Weekday,Street,0
Bangalore,56,5681,385,3,Rain,Morning,Weekday,Main Road,0
Kolkata,39,19891,99,7,Fog,Morning,Weekday,Street,1
Lucknow,51,4428,134,8,Clear,Evening,Weekday,Main Road,0
Kolkata,12,8494,1768,11,Rain,Evening,Weekday,Main Road,1
Kolkata,79,4955,744,2,Rain,Morning,Weekend,Street,0
Kolkata,55,15026,53,6,Rain,Evening,Weekday,Street,1
Bangalore,78,10244,1042,11,Fog,Morning,Weekend,Street,1
Kolkata,11,1713,366,9,Fog,Night,Weekday,Highway,0
Jaipur,26,12080,1184,8,Fog,Night,Weekday,Main Road,1
Mumbai,42,9521,1407,0,Clear,Afternoon,Weekend,Street,0
Chennai,27,2746,1924,1,Clear,Morning,Weekend,Highway,0
Delhi,11,18591,812,6,Fog,Night,Weekend,Highway,1
Delhi,38,18168,1206,1,Clear,Morning,Weekend,Street,1
Chennai,43,3696,661,6,Fog,Evening,Weekday,Street,1
Bangalore,19,13012,1054,0,Clear,Morning,Weekend,Street,0
Hyderabad,64,15688,963,2,Clear,Afternoon,Weekday,Highway,0
Bangalore,6,6036,1757,4,Fog,Afternoon,Weekday,Highway,0
Delhi,46,8127,848,11,Rain,Night,Weekday,Main Road,0
Delhi,42,4718,168,10,Rain,Evening,Weekend,Highway,0
Chennai,65,8910,399,5,Clear,Evening,Weekend,Street,0
Kolkata,72,3693,966,8,Clear,Morning,Weekend,Main Road,0
Bangalore,59,18009,736,8,Clear,Evening,Weekend,Main Road,1
Pune,52,16858,591,2,Clear,Afternoon,Weekend,Main Road,0
Chennai,47,16932,1128,7,Clear,Night,Weekend,Main Road,0
Jaipur,7,8692,410,3,Clear,Night,Weekday,Street,0
Delhi,11,7398,757,6,Fog,Night,Weekend,Main Road,0
Chennai,61,8252,1526,5,Rain,Evening,Weekday,Street,1
Bangalore,68,12721,1626,7,Rain,Evening,Weekday,Highway,1
Delhi,25,18939,734,5,Fog,Afternoon,Weekend,Street,1
Hyderabad,12,12825,379,3,Fog,Morning,Weekend,Main Road,0
Chennai,26,5187,268,1,Rain,Morning,Weekend,Highway,0
Lucknow,12,1036,257,6,Rain,Night,Weekend,Highway,0
Delhi,43,19171,1743,10,Clear,Night,Weekday,Highway,1
Bangalore,51,7283,894,10,Rain,Evening,Weekend,Main Road,1
Mumbai,37,16202,1813,3,Clear,Night,Weekend,Street,0
Pune,46,9060,134,8,Clear,Afternoon,Weekday,Street,0
Ahmedabad,53,9065,734,8,Rain,Afternoon,Weekday,Main Road,0
Kolkata,13,4880,294,6,Clear,Night,Weekend,Main Road,0
Ahmedabad,54,6932,921,4,Clear,Night,Weekday,Highway,0
Bangalore,57,9328,1072,2,Fog,Night,Weekend,Street,0
Jaipur,4,7333,1758,2,Rain,Night,Weekend,Main Road,0
Jaipur,75,14870,1408,8,Fog,Night,Weekday,Main Road,1
Mumbai,49,12268,1285,8,Clear,Afternoon,Weekday,Street,1
Kolkata,7,6067,645,11,Clear,Morning,Weekend,Highway,0
Lucknow,11,16616,734,10,Fog,Afternoon,Weekend,Highway,1
Mumbai,54,13075,1256,3,Fog,Afternoon,Weekend,Highway,0
Ahmedabad,45,18045,1206,10,Fog,Night,Weekday,Street,1
Mumbai,23,8973,1063,0,Clear,Morning,Weekday,Main Road,0
Ahmedabad,28,11002,1063,9,Rain,Night,Weekend,Main Road,0
Delhi,57,8887,1965,4,Clear,Afternoon,Weekend,Main Road,0
Jaipur,26,1414,1873,7,Fog,Morning,Weekday,Main Road,1
Delhi,25,7850,1847,9,Rain,Evening,Weekend,Street,1
Pune,54,3729,399,3,Fog,Night,Weekday,Highway,0
Kolkata,29,12929,331,9,Clear,Evening,Weekend,Highway,0
Lucknow,36,15988,342,9,Rain,Evening,Weekday,Highway,1
Ahmedabad,14,4897,1342,3,Rain,Evening,Weekend,Highway,0
Lucknow,78,3169,1934,11,Clear,Evening,Weekend,Main Road,1
Ahmedabad,35,14563,1270,8,Fog,Morning,Weekend,Main Road,1
Bangalore,30,19262,1610,8,Fog,Night,Weekday,Street,1
Mumbai,17,13888,1726,6,Fog,Morning,Weekend,Highway,1
Pune,67,5570,1033,9,Clear,Night,Weekend,Main Road,0
Jaipur,30,2515,1808,7,Fog,Night,Weekend,Main Road,0
Ahmedabad,45,17958,69,11,Rain,Night,Weekend,Main Road,0
Lucknow,79,13634,808,11,Fog,Morning,Weekend,Highway,1
Pune,51,14798,1913,3,Fog,Afternoon,Weekend,Main Road,1
Hyderabad,47,5477,1786,7,Rain,Evening,Weekday,Highway,1
Hyderabad,53,17455,454,5,Rain,Afternoon,Weekday,Highway,0
Delhi,64,10551,1188,2,Fog,Afternoon,Weekend,Street,1
Jaipur,38,15179,1968,6,Rain,Afternoon,Weekend,Street,1
Bangalore,64,1039,750,2,Clear,Evening,Weekday,Highway,0
Lucknow,7,11222,1029,10,Rain,Afternoon,Weekday,Highway,1
Mumbai,22,17116,75,6,Clear,Evening,Weekend,Highway,0
Mumbai,41,19284,615,4,Rain,Evening,Weekday,Main Road,1
Lucknow,74,19601,1755,3,Clear,Evening,Weekend,Main Road,1
Kolkata,10,17049,444,2,Clear,Night,Weekend,Main Road,0
Bangalore,57,5796,1050,7,Fog,Night,Weekday,Street,0
Pune,7,5606,1454,3,Rain,Afternoon,Weekend,Highway,0
Ahmedabad,50,18667,572,7,Rain,Night,Weekend,Main Road,0
Kolkata,52,9775,1612,9,Rain,Evening,Weekend,Main Road,1
Ahmedabad,33,15864,911,2,Clear,Night,Weekend,Street,0
Ahmedabad,1,15193,1156,9,Fog,Evening,Weekday,Street,1
Kolkata,53,15676,851,8,Rain,Morning,Weekday,Highway,1
Delhi,60,11457,599,5,Fog,Night,Weekday,Highway,0
Hyderabad,34,18199,1518,4,Fog,Afternoon,Weekend,Main Road,1
Ahmedabad,4,17044,136,4,Clear,Morning,Weekday,Main Road,0
Kolkata,17,16066,882,2,Rain,Morning,Weekday,Main Road,1
Kolkata,4,19895,436,1,Fog,Night,Weekday,Main Road,0
Chennai,43,1246,1012,5,Rain,Night,Weekend,Main Road,0
Delhi,4,7516,717,10,Rain,Afternoon,Weekend,Street,0
Jaipur,1,17800,1471,0,Rain,Morning,Weekend,Highway,1
Chennai,71,14342,1893,6,Fog,Evening,Weekend,Street,1
Chennai,50,17491,335,4,Clear,Night,Weekend,Highway,0
Lucknow,73,10030,747,3,Clear,Morning,Weekday,Highway,0
Hyderabad,61,2421,1767,8,Fog,Morning,Weekday,Highway,1
Kolkata,35,13970,1014,9,Rain,Evening,Weekday,Street,1
Hyderabad,8,8283,418,0,Rain,Morning,Weekend,Main Road,0
Bangalore,24,16945,704,10,Clear,Night,Weekday,Highway,0
Lucknow,36,1255,1495,3,Fog,Evening,Weekday,Highway,0
Jaipur,50,12019,1791,2,Fog,Night,Weekend,Street,1
Hyderabad,43,16487,703,5,Clear,Afternoon,Weekend,Street,0
Mumbai,27,10029,746,4,Fog,Morning,Weekend,Main Road,0
Ahmedabad,32,3282,1516,6,Fog,Night,Weekend,Main Road,0
Bangalore,78,9744,1826,0,Clear,Night,Weekday,Highway,0
Delhi,18,18861,1593,4,Clear,Afternoon,Weekend,Street,1
Jaipur,28,10919,1073,1,Fog,Morning,Weekend,Main Road,1
Bangalore,29,14335,1657,1,Fog,Night,Weekend,Main Road,1
Ahmedabad,16,1591,964,10,Clear,Evening,Weekday,Main Road,0
Lucknow,47,7277,337,10,Clear,Night,Weekday,Street,0
Ahmedabad,59,3260,144,1,Rain,Night,Weekday,Street,0
Chennai,31,12139,718,8,Fog,Night,Weekday,Street,1
Ahmedabad,4,1347,90,9,Fog,Night,Weekday,Street,0
Chennai,37,5443,380,2,Clear,Morning,Weekend,Street,0
Lucknow,17,12088,1886,3,Clear,Night,Weekend,Highway,0
Pune,39,9774,1854,4,Rain,Afternoon,Weekend,Highway,0
Chennai,48,7869,1228,3,Rain,Night,Weekday,Street,0
Delhi,46,3845,553,3,Clear,Evening,Weekend,Highway,0
Ahmedabad,48,13386,324,4,Fog,Evening,Weekday,Street,1
Ahmedabad,39,2265,1739,9,Rain,Night,Weekday,Highway,0
Delhi,4,13445,1638,8,Clear,Night,Weekend,Highway,0
Mumbai,30,13938,228,11,Clear,Afternoon,Weekend,Main Road,0
Kolkata,30,12159,1825,8,Clear,Afternoon,Weekend,Street,1
Pune,22,3274,186,5,Fog,Morning,Weekend,Highway,0
Jaipur,75,19854,816,10,Clear,Morning,Weekday,Highway,1
Chennai,66,11482,1037,11,Clear,Evening,Weekday,Main Road,1
Delhi,12,19961,1809,2,Fog,Night,Weekday,Highway,1
Lucknow,36,2068,1253,5,Clear,Night,Weekend,Main Road,0
Chennai,18,15706,1255,9,Clear,Afternoon,Weekday,Highway,0
Kolkata,53,6974,1332,3,Rain,Afternoon,Weekend,Main Road,0
Lucknow,71,11928,292,2,Clear,Morning,Weekday,Main Road,0
Bangalore,1,2950,1169,5,Fog,Morning,Weekend,Street,0
Ahmedabad,58,11411,246,10,Rain,Evening,Weekday,Street,1
Bangalore,6,14388,1977,5,Clear,Afternoon,Weekend,Highway,0
Chennai,70,18771,575,1,Fog,Night,Weekend,Street,0
Kolkata,44,5274,681,8,Clear,Afternoon,Weekday,Street,0
Pune,72,3285,1460,7,Rain,Afternoon,Weekend,Street,0
Chennai,24,8045,457,5,Fog,Afternoon,Weekday,Highway,0
Delhi,19,2618,1342,0,Rain,Morning,Weekend,Highway,0
Hyderabad,18,11979,1244,11,Fog,Night,Weekday,Street,1
Chennai,30,9562,1998,1,Fog,Night,Weekend,Street,1
Ahmedabad,42,13026,1657,3,Clear,Morning,Weekday,Highway,0
Ahmedabad,33,8843,740,6,Fog,Morning,Weekday,Street,1
Chennai,74,10895,219,8,Fog,Night,Weekday,Main Road,0
Lucknow,12,12966,208,9,Clear,Evening,Weekday,Highway,0
Hyderabad,27,18732,1582,4,Fog,Afternoon,Weekend,Highway,1
Delhi,39,6289,496,9,Fog,Night,Weekend,Main Road,0
Chennai,9,19806,1739,1,Fog,Morning,Weekday,Street,1
Lucknow,21,19812,1987,10,Fog,Night,Weekday,Main Road,1
Ahmedabad,76,4033,1067,10,Clear,Afternoon,Weekend,Street,0
Ahmedabad,29,9860,1155,10,Clear,Night,Weekday,Street,0
Kolkata,33,8813,1130,0,Rain,Morning,Weekday,Highway,0
Chennai,62,18798,1592,9,Fog,Evening,Weekday,Highway,1
Hyderabad,15,14860,161,0,Clear,Morning,Weekend,Street,0
Mumbai,2,15294,97,4,Fog,Evening,Weekday,Main Road,1
Hyderabad,52,4621,1665,6,Clear,Afternoon,Weekend,Highway,0
Ahmedabad,44,18138,1960,8,Rain,Morning,Weekend,Street,1
Ahmedabad,54,3347,425,8,Fog,Night,Weekend,Highway,0
Bangalore,18,15882,877,7,Rain,Morning,Weekday,Highway,1
Ahmedabad,3,18110,82,0,Rain,Morning,Weekday,Highway,0
Delhi,7,5923,553,4,Rain,Afternoon,Weekday,Main Road,0
Jaipur,43,16611,676,5,Clear,Evening,Weekend,Main Road,1
Chennai,38,16367,1969,5,Fog,Evening,Weekday,Street,1
Hyderabad,37,10066,1076,3,Clear,Night,Weekday,Main Road,0
Jaipur,58,4279,1559,0,Clear,Morning,Weekend,Street,0
Lucknow,33,4807,1589,2,Fog,Afternoon,Weekend,Street,0
Mumbai,59,14965,1941,9,Fog,Evening,Weekend,Highway,1
Delhi,11,17123,1845,3,Fog,Night,Weekday,Highway,1
Hyderabad,68,17991,91,3,Fog,Evening,Weekday,Main Road,1
Jaipur,68,1634,58,3,Clear,Night,Weekday,Street,0
Mumbai,22,13771,1049,4,Fog,Evening,Weekend,Street,1
Bangalore,66,18458,868,10,Fog,Night,Weekday,Highway,1
Delhi,44,19298,706,8,Fog,Evening,Weekend,Highway,1
Delhi,6,15340,1986,3,Rain,Evening,Weekday,Highway,1
Bangalore,42,1588,1682,8,Fog,Morning,Weekday,Main Road,1
Chennai,25,4231,1861,8,Fog,Night,Weekday,Street,1
Bangalore,57,7351,1215,0,Clear,Night,Weekday,Street,0
Delhi,55,4838,839,4,Rain,Morning,Weekday,Street,0
Delhi,16,2973,1509,8,Clear,Morning,Weekend,Highway,0
Jaipur,14,15346,1100,3,Rain,Evening,Weekend,Main Road,1
Ahmedabad,39,6044,1116,4,Clear,Evening,Weekday,Main Road,0
Mumbai,28,11247,1204,3,Clear,Evening,Weekday,Highway,0
Bangalore,51,12672,1289,1,Fog,Morning,Weekend,Main Road,1
Mumbai,49,11271,1679,9,Fog,Evening,Weekday,Main Road,1
Bangalore,9,7683,1593,1,Rain,Morning,Weekend,Street,1
Lucknow,58,12244,647,1,Rain,Evening,Weekday,Highway,0
Delhi,45,7783,1418,0,Rain,Morning,Weekday,Highway,0
Ahmedabad,22,6594,1581,2,Fog,Night,Weekend,Highway,0
Jaipur,32,4822,1723,10,Clear,Afternoon,Weekend,Highway,0
Ahmedabad,69,4389,1954,9,Rain,Evening,Weekday,Street,1
Ahmedabad,69,6914,1486,0,Fog,Evening,Weekend,Main Road,1
Ahmedabad,42,19164,985,3,Fog,Morning,Weekend,Main Road,1
Mumbai,53,4688,1319,0,Clear,Night,Weekday,Street,0
Bangalore,59,15683,1522,3,Clear,Night,Weekday,Main Road,0
Pune,74,14080,1061,2,Fog,Evening,Weekday,Highway,1
Lucknow,39,10916,70,8,Clear,Morning,Weekday,Street,0
Hyderabad,15,6037,1048,0,Clear,Morning,Weekend,Street,0
Ahmedabad,71,14453,1481,7,Fog,Afternoon,Weekday,Highway,1
Chennai,29,9640,506,10,Rain,Night,Weekday,Highway,0
Mumbai,3,1081,1517,8,Rain,Afternoon,Weekend,Highway,0
Jaipur,10,7278,1063,11,Fog,Night,Weekend,Main Road,0
Hyderabad,29,17078,1995,6,Rain,Evening,Weekday,Highway,1
Pune,79,16536,314,0,Fog,Evening,Weekday,Street,1
Chennai,35,18790,1733,3,Fog,Morning,Weekend,Main Road,1
Pune,6,8410,233,9,Clear,Morning,Weekday,Main Road,0
Hyderabad,12,16926,276,0,Rain,Morning,Weekend,Street,0
Ahmedabad,38,16500,1877,3,Fog,Night,Weekend,Main Road,1
Chennai,77,2480,1621,2,Rain,Morning,Weekend,Highway,0
Pune,19,10271,1319,1,Rain,Evening,Weekday,Highway,1
Jaipur,67,4598,1146,0,Rain,Afternoon,Weekday,Highway,0
Bangalore,8,16032,1223,5,Fog,Evening,Weekend,Highway,1
Delhi,8,8993,1586,11,Clear,Evening,Weekday,Main Road,1
Bangalore,47,11895,1142,6,Rain,Evening,Weekend,Street,1
Hyderabad,4,16367,1018,5,Fog,Afternoon,Weekday,Main Road,1
Mumbai,51,8644,854,8,Rain,Evening,Weekday,Street,1
Delhi,67,12948,1303,11,Clear,Night,Weekend,Street,0
Lucknow,45,19142,772,8,Rain,Night,Weekday,Highway,1
Jaipur,8,3599,1145,1,Fog,Afternoon,Weekday,Main Road,0
Lucknow,16,6813,1051,1,Rain,Night,Weekday,Highway,0
Chennai,77,4853,924,8,Rain,Morning,Weekend,Main Road,0
Delhi,67,19676,1681,0,Rain,Night,Weekday,Main Road,1
Lucknow,9,2501,1470,4,Clear,Evening,Weekend,Highway,0
Lucknow,60,9422,133,0,Rain,Night,Weekday,Main Road,0
Pune,78,8550,789,6,Fog,Morning,Weekday,Highway,0
Bangalore,77,5250,1372,8,Rain,Morning,Weekday,Street,1
Pune,71,7991,1821,5,Rain,Morning,Weekend,Highway,1
Delhi,15,17498,1366,1,Rain,Evening,Weekend,Main Road,1
Delhi,71,5406,1807,5,Clear,Morning,Weekend,Main Road,0
Hyderabad,41,19731,272,8,Fog,Evening,Weekday,Street,1
Pune,22,2041,842,2,Rain,Morning,Weekday,Street,0
Kolkata,24,7927,782,8,Fog,Evening,Weekday,Street,1
Bangalore,44,17395,1289,7,Fog,Evening,Weekend,Highway,1
Delhi,1,8871,1304,11,Clear,Evening,Weekday,Highway,1
Hyderabad,10,7375,454,6,Fog,Night,Weekday,Main Road,0
Pune,72,4676,1242,7,Rain,Morning,Weekend,Street,1
Bangalore,56,14017,378,9,Clear,Evening,Weekday,Street,1
Pune,50,4065,475,5,Clear,Morning,Weekend,Highway,0
Lucknow,12,3036,1627,2,Fog,Night,Weekday,Main Road,0
Hyderabad,60,4046,819,6,Clear,Afternoon,Weekday,Street,0
Bangalore,26,17924,1269,3,Fog,Morning,Weekday,Highway,1
Ahmedabad,78,1076,1977,10,Fog,Morning,Weekday,Highway,1
Chennai,41,16880,657,9,Clear,Night,Weekday,Street,0
Chennai,36,17407,1902,4,Rain,Evening,Weekend,Street,1
Bangalore,23,18059,575,7,Fog,Morning,Weekday,Main Road,1
Pune,43,5267,674,6,Clear,Afternoon,Weekday,Street,0
Hyderabad,6,6988,126,6,Clear,Night,Weekend,Highway,0
Chennai,69,9680,1350,7,Fog,Evening,Weekend,Street,1
Hyderabad,43,2485,969,9,Fog,Morning,Weekend,Street,1
Chennai,25,15713,995,2,Fog,Morning,Weekday,Main Road,1
Lucknow,18,3419,515,2,Fog,Night,Weekend,Highway,0
Pune,62,16312,1521,1,Rain,Evening,Weekend,Street,1
Lucknow,13,4495,1393,0,Rain,Evening,Weekend,Highway,0
Chennai,43,18140,1995,9,Rain,Night,Weekend,Main Road,1
Ahmedabad,78,11716,1233,5,Rain,Morning,Weekday,Highway,1
Ahmedabad,28,13442,541,5,Clear,Morning,Weekend,Street,0
Lucknow,18,19163,362,9,Fog,Evening,Weekend,Street,1
Ahmedabad,59,13961,1704,11,Clear,Evening,Weekday,Main Road,1
Chennai,60,11307,1234,7,Clear,Afternoon,Weekday,Main Road,0
Bangalore,63,7487,357,5,Rain,Afternoon,Weekend,Main Road,0
Lucknow,57,10664,1936,5,Clear,Afternoon,Weekday,Highway,0
Mumbai,51,17360,1219,0,Rain,Evening,Weekend,Highway,1
Pune,56,17642,1748,11,Fog,Evening,Weekday,Highway,1
Ahmedabad,27,5075,1469,6,Rain,Evening,Weekday,Highway,1
Ahmedabad,32,18502,740,6,Fog,Morning,Weekend,Main Road,1
Delhi,9,16285,138,9,Rain,Night,Weekday,Highway,0
Kolkata,68,8631,784,8,Clear,Evening,Weekday,Highway,0
Lucknow,46,4017,827,11,Clear,Morning,Weekend,Highway,0
Jaipur,67,19042,800,6,Rain,Evening,Weekend,Highway,1
Ahmedabad,26,19181,1381,7,Fog,Night,Weekday,Main Road,1
Pune,8,1784,1619,3,Fog,Evening,Weekday,Main Road,1
Mumbai,6,6691,420,8,Rain,Morning,Weekend,Street,0
Ahmedabad,24,16765,500,0,Clear,Evening,Weekday,Street,1
Mumbai,48,4196,216,7,Fog,Evening,Weekend,Highway,0
Chennai,45,10552,441,2,Rain,Evening,Weekday,Highway,0
Chennai,13,9532,1710,0,Fog,Afternoon,Weekday,Main Road,1
Kolkata,69,17946,785,1,Clear,Evening,Weekend,Street,1
Bangalore,25,5746,540,5,Fog,Morning,Weekend,Highway,0
Jaipur,20,3999,974,4,Rain,Morning,Weekday,Street,0
Delhi,66,18577,1223,2,Fog,Morning,Weekday,Street,1
Kolkata,74,12302,1541,8,Fog,Evening,Weekday,Street,1
Hyderabad,45,17452,1774,7,Clear,Night,Weekday,Main Road,1
Delhi,47,16595,1116,2,Clear,Morning,Weekend,Highway,0
Lucknow,63,19812,994,1,Clear,Afternoon,Weekday,Highway,0
Pune,76,7200,78,7,Clear,Night,Weekday,Main Road,0
Hyderabad,77,6396,1947,4,Rain,Morning,Weekend,Main Road,1
Hyderabad,55,14410,1705,8,Fog,Evening,Weekend,Main Road,1
Kolkata,75,14203,1922,0,Fog,Afternoon,Weekend,Street,1
Bangalore,19,4598,1104,9,Fog,Morning,Weekday,Street,1
Kolkata,35,11564,742,2,Fog,Afternoon,Weekend,Highway,0
Lucknow,53,13748,1747,4,Rain,Night,Weekend,Highway,0
Ahmedabad,26,17957,177,1,Clear,Morning,Weekday,Street,0
Ahmedabad,14,8636,816,2,Fog,Evening,Weekend,Street,1
Bangalore,45,18862,1367,3,Fog,Afternoon,Weekend,Main Road,1
Lucknow,44,11265,490,3,Clear,Morning,Weekday,Street,0
Bangalore,65,10705,918,10,Clear,Night,Weekend,Highway,0
Mumbai,51,15298,1461,8,Fog,Night,Weekday,Highway,1
Ahmedabad,43,19580,1839,0,Clear,Morning,Weekend,Main Road,1
Hyderabad,23,10703,1715,11,Fog,Night,Weekend,Main Road,1
Jaipur,56,14336,573,8,Fog,Afternoon,Weekend,Highway,0
Pune,19,9166,1620,8,Fog,Afternoon,Weekday,Street,1
Lucknow,76,17116,1783,10,Fog,Afternoon,Weekend,Street,1
Delhi,55,7050,809,5,Fog,Afternoon,Weekend,Highway,0
Bangalore,60,12184,159,10,Fog,Night,Weekend,Street,0
Pune,59,13712,1401,0,Clear,Morning,Weekend,Street,0
Delhi,33,9484,1478,10,Rain,Night,Weekday,Highway,0
Pune,19,3593,1318,11,Rain,Night,Weekend,Highway,0
Jaipur,28,11315,1835,5,Fog,Morning,Weekend,Main Road,1
Delhi,52,16200,1951,7,Clear,Morning,Weekend,Highway,1
Kolkata,49,10107,1902,4,Fog,Evening,Weekend,Main Road,1
Chennai,37,4869,212,4,Clear,Afternoon,Weekday,Main Road,0
Kolkata,26,16447,609,0,Fog,Morning,Weekday,Street,1
Ahmedabad,40,8971,448,0,Fog,Night,Weekday,Highway,0
Chennai,38,3989,632,7,Rain,Afternoon,Weekend,Street,0
Kolkata,77,6340,448,4,Clear,Afternoon,Weekday,Highway,0
Chennai,54,10643,1566,7,Clear,Night,Weekday,Highway,0
Chennai,22,4823,1719,9,Rain,Morning,Weekday,Street,1
Hyderabad,16,14454,288,1,Rain,Afternoon,Weekend,Main Road,0
Bangalore,28,4932,1538,3,Rain,Afternoon,Weekend,Highway,0
Bangalore,35,11220,1653,10,Rain,Afternoon,Weekday,Main Road,1
Hyderabad,60,9554,1863,9,Clear,Afternoon,Weekend,Street,1
Pune,45,3429,1105,8,Clear,Afternoon,Weekend,Street,0
Mumbai,46,8444,1196,2,Rain,Night,Weekend,Highway,0
Pune,72,11510,1607,5,Fog,Morning,Weekday,Street,1
Delhi,55,12277,1740,10,Fog,Morning,Weekend,Highway,1
Delhi,26,11537,159,6,Fog,Afternoon,Weekend,Highway,0
Chennai,25,8147,1344,2,Fog,Afternoon,Weekday,Highway,0
Kolkata,65,8631,1453,0,Clear,Afternoon,Weekend,Highway,0
Kolkata,6,4598,349,1,Clear,Night,Weekend,Highway,0
Bangalore,23,5329,1700,10,Clear,Night,Weekday,Street,0
Lucknow,64,7718,1805,9,Fog,Evening,Weekday,Highway,1
Pune,43,10923,1051,6,Rain,Afternoon,Weekend,Main Road,0
Ahmedabad,23,14782,1815,6,Fog,Evening,Weekend,Highway,1
Jaipur,30,17476,813,11,Clear,Evening,Weekend,Highway,1
Kolkata,77,1051,298,0,Fog,Evening,Weekday,Highway,0
Jaipur,18,17702,570,9,Rain,Morning,Weekday,Street,1
Chennai,79,11184,83,6,Rain,Evening,Weekend,Main Road,0
Jaipur,21,13468,277,9,Fog,Afternoon,Weekend,Main Road,0
Ahmedabad,57,16479,634,10,Clear,Night,Weekend,Main Road,0
Hyderabad,23,8210,1472,5,Clear,Afternoon,Weekend,Street,0
Ahmedabad,45,13934,1007,10,Clear,Night,Weekday,Street,0
Jaipur,44,4956,862,5,Fog,Morning,Weekend,Highway,0
Ahmedabad,47,7057,773,6,Clear,Morning,Weekday,Street,0
Mumbai,40,12210,633,6,Fog,Afternoon,Weekday,Main Road,1
Chennai,51,15590,619,0,Clear,Morning,Weekday,Main Road,0
Pune,42,14864,269,9,Rain,Night,Weekend,Street,0
Hyderabad,7,2525,1444,4,Rain,Morning,Weekday,Street,0
Kolkata,50,14277,836,7,Clear,Evening,Weekday,Main Road,1
Delhi,48,8043,1834,7,Fog,Evening,Weekend,Main Road,1
Pune,6,18662,577,2,Clear,Morning,Weekend,Main Road,0
Delhi,9,9705,124,2,Fog,Afternoon,Weekday,Main Road,0
Chennai,57,7125,1691,6,Rain,Evening,Weekend,Main Road,1
Hyderabad,31,8874,185,3,Fog,Night,Weekday,Street,0
Bangalore,21,13529,123,5,Clear,Afternoon,Weekend,Street,0
Kolkata,40,15955,303,8,Rain,Morning,Weekday,Highway,1
Mumbai,45,3500,1091,9,Fog,Afternoon,Weekday,Highway,0
Bangalore,77,4464,1071,1,Fog,Afternoon,Weekend,Highway,0
Chennai,49,19643,1116,1,Rain,Afternoon,Weekend,Street,1
Pune,20,16954,99,5,Clear,Afternoon,Weekend,Highway,0
Mumbai,17,1255,564,2,Rain,Morning,Weekday,Highway,0
Ahmedabad,28,2502,793,0,Clear,Morning,Weekday,Street,0
Jaipur,41,5656,780,1,Clear,Evening,Weekend,Main Road,0
Mumbai,66,11302,620,6,Fog,Evening,Weekday,Street,1
Chennai,25,6430,1869,3,Clear,Night,Weekend,Street,0
Lucknow,58,9598,1887,11,Clear,Night,Weekday,Main Road,0
Jaipur,41,16976,625,1,Rain,Evening,Weekday,Highway,1
Delhi,6,2860,1655,10,Rain,Evening,Weekend,Street,1
Kolkata,75,7158,1376,11,Clear,Afternoon,Weekend,Street,0
Delhi,38,6806,1215,11,Fog,Evening,Weekday,Main Road,1
Mumbai,6,18106,952,7,Rain,Night,Weekday,Street,1
Delhi,45,10474,251,3,Fog,Evening,Weekday,Highway,0
Chennai,75,17997,256,3,Rain,Afternoon,Weekday,Main Road,0
Ahmedabad,14,6790,464,1,Rain,Night,Weekend,Street,0
Pune,66,11170,270,0,Clear,Morning,Weekend,Highway,0
Kolkata,40,10004,1435,0,Rain,Evening,Weekend,Highway,1
Delhi,3,10978,807,2,Rain,Morning,Weekday,Street,1
Delhi,24,17714,1154,5,Fog,Night,Weekday,Highway,1
Mumbai,19,19596,812,6,Rain,Evening,Weekday,Main Road,1
Pune,18,8232,612,8,Rain,Morning,Weekday,Highway,0
Bangalore,64,13674,1358,4,Fog,Evening,Weekend,Main Road,1
Delhi,35,17052,418,8,Clear,Morning,Weekend,Main Road,0
Chennai,62,16774,1565,7,Clear,Morning,Weekend,Main Road,1
Lucknow,1,6913,1984,0,Rain,Night,Weekday,Street,0
Kolkata,25,15102,945,10,Rain,Evening,Weekend,Highway,1
Delhi,45,16389,1419,11,Fog,Morning,Weekend,Street,1
Chennai,49,11567,253,2,Clear,Evening,Weekend,Street,0
Chennai,16,6611,1098,7,Clear,Evening,Weekend,Main Road,0
Kolkata,19,10432,1006,8,Clear,Afternoon,Weekday,Street,0
Bangalore,23,1319,1626,3,Fog,Night,Weekday,Highway,0
Chennai,25,13686,118,11,Fog,Evening,Weekend,Street,1
Lucknow,16,5791,565,5,Fog,Evening,Weekend,Street,1
Chennai,54,1329,1565,3,Rain,Evening,Weekend,Main Road,0
Chennai,73,9851,289,8,Clear,Night,Weekend,Main Road,0
Chennai,1,12310,410,1,Rain,Night,Weekend,Street,0
Ahmedabad,42,11164,1514,5,Rain,Evening,Weekday,Main Road,1
Ahmedabad,19,19177,1104,10,Fog,Night,Weekend,Street,1
Bangalore,34,6703,1972,2,Clear,Afternoon,Weekend,Highway,0
Delhi,55,11649,1702,9,Rain,Night,Weekend,Highway,0
Chennai,18,13672,756,3,Clear,Afternoon,Weekday,Main Road,0
Pune,34,5155,1675,1,Rain,Afternoon,Weekday,Highway,0
Delhi,45,3611,739,10,Fog,Afternoon,Weekday,Highway,0
Bangalore,6,19977,706,7,Rain,Morning,Weekday,Street,1
Hyderabad,21,17479,1787,9,Fog,Night,Weekday,Main Road,1
Delhi,70,10180,1395,7,Clear,Evening,Weekend,Highway,1
Delhi,48,10304,393,0,Rain,Afternoon,Weekend,Main Road,0
Jaipur,39,15610,1788,9,Rain,Evening,Weekday,Main Road,1
Mumbai,31,9437,585,5,Fog,Afternoon,Weekday,Main Road,0
Jaipur,10,11350,404,0,Fog,Evening,Weekday,Highway,0
Lucknow,30,13521,1544,5,Clear,Morning,Weekend,Main Road,1
Ahmedabad,18,7560,977,6,Fog,Afternoon,Weekday,Main Road,0
Ahmedabad,60,6247,1032,1,Clear,Morning,Weekday,Street,0
Mumbai,73,5077,154,8,Rain,Morning,Weekday,Street,0
Kolkata,15,11858,1860,7,Clear,Night,Weekend,Street,0
Kolkata,4,12391,1395,8,Clear,Evening,Weekday,Street,1
Bangalore,63,11946,1645,9,Clear,Afternoon,Weekend,Main Road,0
Mumbai,40,16186,1956,3,Rain,Morning,Weekend,Street,1
Delhi,9,2417,1011,3,Rain,Evening,Weekend,Street,0
Kolkata,9,17494,576,11,Fog,Night,Weekend,Highway,1
Chennai,26,9954,553,7,Clear,Evening,Weekend,Street,0
Pune,4,14591,1158,0,Rain,Evening,Weekday,Street,1
Delhi,16,8391,980,7,Clear,Night,Weekend,Highway,0
Lucknow,15,12364,758,6,Clear,Night,Weekend,Main Road,0
Chennai,52,11371,284,11,Clear,Night,Weekend,Main Road,0
Chennai,69,3504,1996,6,Rain,Morning,Weekday,Highway,1
Mumbai,5,6239,1929,8,Clear,Evening,Weekend,Highway,1
Bangalore,20,17676,1336,9,Clear,Night,Weekend,Main Road,0
Lucknow,79,19118,1079,6,Fog,Evening,Weekend,Street,1
Kolkata,18,6120,543,1,Clear,Evening,Weekday,Highway,0
Mumbai,2,7393,1966,0,Fog,Morning,Weekend,Highway,1
Kolkata,13,3196,1362,0,Clear,Evening,Weekend,Highway,0
Mumbai,4,4466,1643,6,Fog,Morning,Weekend,Main Road,1
Mumbai,42,2906,1730,4,Rain,Night,Weekend,Main Road,0
Mumbai,74,19105,927,3,Rain,Night,Weekend,Main Road,0
Bangalore,61,12883,1627,4,Clear,Evening,Weekend,Main Road,1
Mumbai,8,16437,1423,9,Fog,Morning,Weekend,Main Road,1
Hyderabad,67,15497,1273,9,Rain,Morning,Weekday,Street,1
Pune,63,2816,1759,5,Clear,Afternoon,Weekday,Street,0
Kolkata,9,11713,1016,11,Clear,Afternoon,Weekday,Main Road,0
Delhi,11,4849,1015,9,Fog,Night,Weekend,Main Road,0
Jaipur,42,7849,1013,5,Fog,Night,Weekday,Main Road,0
Lucknow,13,2058,946,0,Clear,Afternoon,Weekend,Highway,0
Ahmedabad,36,12730,1408,1,Fog,Morning,Weekday,Highway,1
Bangalore,13,19706,1680,2,Fog,Evening,Weekday,Main Road,1
Delhi,12,18332,266,3,Rain,Evening,Weekend,Main Road,1
Chennai,37,5359,672,5,Fog,Morning,Weekend,Highway,0
Hyderabad,74,13809,402,11,Clear,Night,Weekend,Highway,0
Ahmedabad,73,6660,741,11,Fog,Evening,Weekend,Highway,1
Jaipur,52,8254,724,10,Clear,Morning,Weekend,Highway,0
Delhi,71,13822,680,8,Clear,Evening,Weekday,Highway,1
Ahmedabad,2,3093,374,11,Fog,Morning,Weekend,Main Road,0
Delhi,56,12730,950,1,Fog,Afternoon,Weekday,Main Road,0
Hyderabad,60,18947,1301,7,Fog,Afternoon,Weekday,Highway,1
Jaipur,23,9217,1218,8,Rain,Evening,Weekend,Main Road,1
Chennai,40,17558,357,1,Rain,Evening,Weekday,Highway,1
Mumbai,64,18718,703,8,Fog,Evening,Weekday,Highway,1
Kolkata,23,17705,1707,6,Clear,Evening,Weekend,Highway,1
Chennai,29,13342,334,8,Fog,Afternoon,Weekend,Main Road,0
Mumbai,78,13239,441,5,Rain,Afternoon,Weekday,Main Road,0
Bangalore,51,14854,1811,1,Rain,Morning,Weekday,Main Road,1
Pune,69,14897,409,7,Fog,Evening,Weekday,Main Road,1
Lucknow,31,12419,818,9,Clear,Afternoon,Weekend,Street,0
Lucknow,50,11064,846,8,Clear,Night,Weekend,Highway,0
Kolkata,20,16003,981,11,Rain,Morning,Weekend,Highway,1
Jaipur,55,11259,214,7,Rain,Morning,Weekday,Main Road,0
Hyderabad,2,6674,782,1,Rain,Morning,Weekend,Main Road,0
Jaipur,25,6002,630,7,Clear,Night,Weekend,Street,0
Hyderabad,13,1910,870,2,Rain,Night,Weekday,Highway,0
Jaipur,70,1949,1297,2,Rain,Night,Weekday,Highway,0
Pune,67,19898,173,8,Clear,Afternoon,Weekday,Main Road,0
Bangalore,58,12523,393,8,Rain,Night,Weekend,Main Road,0
Bangalore,75,12221,1924,8,Rain,Morning,Weekend,Street,1
Mumbai,64,17484,573,3,Fog,Evening,Weekend,Highway,1
Ahmedabad,69,5646,1125,11,Rain,Morning,Weekend,Street,1
Bangalore,59,7945,178,6,Fog,Morning,Weekend,Highway,0
Bangalore,60,3400,1208,7,Rain,Afternoon,Weekend,Main Road,0
Chennai,62,12563,706,4,Rain,Morning,Weekend,Street,1
Chennai,16,19727,1200,0,Fog,Afternoon,Weekday,Main Road,1
Mumbai,68,1352,787,8,Rain,Afternoon,Weekend,Highway,0
Ahmedabad,15,16489,988,5,Fog,Evening,Weekend,Highway,1
Kolkata,55,2018,120,2,Rain,Morning,Weekday,Street,0
Chennai,35,18563,322,2,Fog,Evening,Weekday,Main Road,1
Kolkata,55,6193,1260,9,Fog,Evening,Weekday,Highway,1
Delhi,14,16701,1076,0,Rain,Morning,Weekday,Highway,1
Chennai,49,4536,1358,7,Rain,Morning,Weekend,Street,1
Pune,7,16449,71,1,Fog,Night,Weekend,Street,0
Ahmedabad,30,12842,215,11,Clear,Night,Weekday,Main Road,0
Mumbai,49,19886,1383,0,Rain,Afternoon,Weekday,Street,1
Delhi,16,4819,924,6,Rain,Morning,Weekend,Highway,0
Ahmedabad,51,18363,1550,10,Clear,Afternoon,Weekday,Main Road,1
Pune,72,1976,547,8,Clear,Evening,Weekday,Main Road,0
Ahmedabad,42,19664,483,5,Fog,Evening,Weekend,Main Road,1
Pune,17,6897,807,7,Rain,Night,Weekday,Highway,0
Pune,63,16957,283,7,Fog,Afternoon,Weekend,Street,1
Kolkata,45,16359,886,8,Rain,Morning,Weekday,Main Road,1
Jaipur,77,14240,1743,6,Clear,Morning,Weekend,Highway,1
Delhi,7,1107,712,8,Fog,Night,Weekday,Street,0
Ahmedabad,27,16524,774,8,Rain,Night,Weekend,Main Road,0
Hyderabad,10,2626,425,11,Rain,Afternoon,Weekend,Street,0
Delhi,34,7229,779,10,Clear,Night,Weekday,Street,0
Jaipur,36,7877,1319,0,Clear,Night,Weekday,Street,0
Delhi,25,1874,352,5,Rain,Night,Weekday,Highway,0
Bangalore,6,6543,454,11,Clear,Evening,Weekday,Main Road,0
Hyderabad,24,4809,1861,7,Clear,Afternoon,Weekday,Main Road,0
Jaipur,18,11603,1736,9,Fog,Morning,Weekend,Main Road,1
Kolkata,6,3107,757,8,Rain,Morning,Weekend,Highway,0
Ahmedabad,29,12745,966,3,Fog,Afternoon,Weekend,Street,1
Lucknow,25,10465,70,1,Clear,Night,Weekend,Highway,0
Jaipur,55,1559,306,10,Rain,Night,Weekday,Main Road,0
Mumbai,46,9308,448,8,Clear,Morning,Weekend,Street,0
Ahmedabad,24,16250,1602,8,Clear,Evening,Weekend,Highway,1
Jaipur,75,14255,100,11,Rain,Afternoon,Weekend,Highway,0
Bangalore,26,4046,496,7,Clear,Night,Weekday,Highway,0
Lucknow,28,14856,1343,2,Fog,Evening,Weekday,Highway,1
Bangalore,3,17427,876,4,Rain,Evening,Weekend,Street,1
Lucknow,75,1508,644,1,Clear,Night,Weekday,Highway,0
Mumbai,38,7107,867,2,Clear,Afternoon,Weekend,Street,0
Ahmedabad,61,14476,685,0,Clear,Afternoon,Weekday,Highway,0
Kolkata,78,4439,1875,3,Rain,Morning,Weekday,Main Road,1
Bangalore,51,14136,1335,4,Fog,Morning,Weekday,Highway,1
Bangalore,48,15167,1438,11,Clear,Afternoon,Weekend,Highway,1
Pune,21,18300,1122,1,Clear,Night,Weekday,Main Road,0
Lucknow,54,18182,1591,2,Clear,Afternoon,Weekend,Street,1
Chennai,56,5971,1702,11,Rain,Morning,Weekday,Highway,1
Ahmedabad,59,19144,1191,5,Clear,Morning,Weekend,Highway,1
Lucknow,72,16883,1526,5,Clear,Morning,Weekend,Main Road,1
Pune,51,1818,824,6,Clear,Afternoon,Weekend,Street,0
Delhi,20,11360,1938,11,Rain,Afternoon,Weekend,Main Road,1
Lucknow,59,12927,1022,8,Fog,Night,Weekend,Highway,0
Kolkata,71,17023,1959,3,Rain,Morning,Weekend,Street,1
Ahmedabad,9,4065,1714,4,Fog,Evening,Weekday,Highway,1
Pune,1,4259,446,10,Fog,Evening,Weekend,Main Road,1
Delhi,29,18290,732,1,Rain,Night,Weekday,Highway,0
Hyderabad,63,13300,1100,5,Clear,Night,Weekend,Main Road,0
Pune,72,1602,760,3,Fog,Morning,Weekend,Main Road,0
Hyderabad,56,5295,1445,4,Clear,Afternoon,Weekday,Street,0
Ahmedabad,68,10983,1972,6,Fog,Afternoon,Weekend,Main Road,1
Bangalore,35,4527,1899,5,Clear,Evening,Weekday,Street,1
Pune,3,2811,1930,7,Clear,Morning,Weekend,Street,0
Mumbai,7,13103,1170,5,Rain,Evening,Weekday,Street,1
Hyderabad,27,10032,578,9,Clear,Evening,Weekday,Street,1
Kolkata,1,13877,734,7,Fog,Morning,Weekend,Street,1
Mumbai,71,8963,662,3,Clear,Night,Weekday,Main Road,0
Jaipur,44,16224,235,11,Clear,Evening,Weekday,Main Road,1
Jaipur,41,9916,745,6,Clear,Night,Weekend,Street,0
Delhi,75,7766,264,2,Fog,Afternoon,Weekend,Main Road,0
Bangalore,42,18186,1324,0,Fog,Evening,Weekend,Street,1
Ahmedabad,33,19966,265,8,Fog,Morning,Weekday,Main Road,1
Pune,50,2665,78,8,Clear,Night,Weekday,Street,0
Chennai,63,16932,151,5,Rain,Afternoon,Weekday,Highway,0
Kolkata,37,7975,172,1,Fog,Afternoon,Weekend,Highway,0
Hyderabad,59,3552,103,7,Clear,Evening,Weekend,Street,0
Ahmedabad,48,14219,1356,9,Fog,Afternoon,Weekday,Main Road,1
Mumbai,5,15274,1687,5,Rain,Morning,Weekend,Street,1
Jaipur,48,13612,1190,6,Clear,Evening,Weekend,Main Road,1
Kolkata,3,3808,665,0,Fog,Afternoon,Weekend,Street,0
Chennai,47,12090,606,2,Fog,Morning,Weekend,Street,1
Pune,62,13260,163,0,Rain,Night,Weekend,Main Road,0
Delhi,14,16295,904,9,Fog,Night,Weekday,Main Road,1
Chennai,63,15837,1616,0,Clear,Evening,Weekday,Street,1
Kolkata,61,15669,725,11,Clear,Morning,Weekend,Highway,0
Chennai,31,11523,1026,11,Rain,Afternoon,Weekend,Highway,0
Kolkata,17,13762,750,10,Rain,Evening,Weekday,Highway,1
Kolkata,24,14769,1366,0,Rain,Evening,Weekday,Highway,1
Lucknow,23,14731,1268,3,Clear,Afternoon,Weekday,Highway,0
Hyderabad,50,12877,341,6,Rain,Morning,Weekday,Main Road,0
Jaipur,78,3456,1960,6,Fog,Afternoon,Weekday,Highway,0
Lucknow,79,6423,310,11,Fog,Night,Weekend,Main Road,0
Pune,79,15246,1280,4,Clear,Evening,Weekday,Highway,1
Lucknow,70,13846,613,11,Fog,Night,Weekday,Main Road,1
Bangalore,27,5317,98,5,Rain,Evening,Weekday,Highway,0
Bangalore,15,18940,1079,1,Fog,Afternoon,Weekday,Highway,1
Jaipur,50,19589,428,4,Rain,Morning,Weekend,Main Road,1
Chennai,36,13635,1467,6,Fog,Afternoon,Weekend,Main Road,1
Hyderabad,8,14470,1959,8,Clear,Night,Weekday,Street,1
Jaipur,79,14176,273,5,Rain,Morning,Weekday,Highway,0
Kolkata,3,10113,1096,11,Fog,Morning,Weekend,Highway,1
Mumbai,62,14546,1057,9,Clear,Evening,Weekday,Main Road,1
Hyderabad,47,7805,706,3,Fog,Morning,Weekday,Main Road,0
Hyderabad,77,17788,159,2,Clear,Evening,Weekend,Highway,0
Kolkata,61,19004,773,8,Fog,Morning,Weekend,Highway,1
Kolkata,32,9080,1885,6,Rain,Morning,Weekday,Main Road,1
Delhi,13,4118,602,10,Rain,Evening,Weekday,Main Road,1
Jaipur,1,7630,1472,5,Rain,Morning,Weekend,Highway,0
Kolkata,34,1565,1245,6,Rain,Afternoon,Weekend,Main Road,0
Bangalore,62,16701,1055,7,Rain,Morning,Weekend,Main Road,1
Pune,79,15859,747,4,Fog,Night,Weekday,Highway,0
Mumbai,78,8670,775,2,Fog,Evening,Weekday,Street,1
Jaipur,71,10476,355,2,Fog,Evening,Weekday,Main Road,1
Ahmedabad,31,9776,1637,1,Fog,Afternoon,Weekend,Street,1
Bangalore,64,16021,1655,7,Rain,Night,Weekday,Main Road,1
Chennai,25,5327,1781,0,Clear,Morning,Weekend,Street,0
Kolkata,38,16275,1008,11,Rain,Afternoon,Weekday,Main Road,1
Ahmedabad,14,8614,1003,7,Fog,Morning,Weekend,Street,1
Kolkata,8,2245,1224,2,Rain,Afternoon,Weekday,Street,0
Hyderabad,54,9243,1501,8,Rain,Evening,Weekend,Main Road,1
Bangalore,2,11355,670,11,Rain,Night,Weekend,Street,0
Hyderabad,78,1537,1540,11,Clear,Evening,Weekend,Highway,0
Delhi,56,16924,679,10,Rain,Afternoon,Weekend,Highway,1
Hyderabad,61,17236,926,1,Rain,Morning,Weekday,Highway,1
Delhi,22,17924,1680,9,Clear,Night,Weekend,Street,1
Delhi,35,18198,1841,8,Rain,Morning,Weekday,Main Road,1
Ahmedabad,16,2415,605,5,Rain,Evening,Weekday,Street,0
Kolkata,50,12030,116,0,Rain,Morning,Weekend,Main Road,0
Chennai,43,2652,1229,4,Rain,Afternoon,Weekend,Street,0
Hyderabad,17,11857,884,9,Rain,Night,Weekday,Main Road,0
Bangalore,58,19740,255,8,Fog,Night,Weekday,Street,1
Delhi,2,4810,835,5,Rain,Night,Weekday,Street,0
Kolkata,4,17569,204,6,Clear,Afternoon,Weekday,Highway,0
Mumbai,39,2551,1764,3,Rain,Morning,Weekday,Street,1
Jaipur,6,14584,1582,0,Fog,Night,Weekday,Highway,0
Ahmedabad,69,1761,1645,4,Clear,Evening,Weekday,Main Road,0
Chennai,69,13511,1147,1,Clear,Evening,Weekend,Main Road,0
Lucknow,20,10471,1122,7,Rain,Evening,Weekday,Highway,1
Ahmedabad,64,13467,832,3,Fog,Evening,Weekday,Street,1
Mumbai,16,7163,1540,0,Rain,Evening,Weekend,Main Road,1
Jaipur,51,17065,634,9,Fog,Afternoon,Weekday,Street,1
Mumbai,37,12886,757,6,Fog,Morning,Weekday,Street,1
Hyderabad,73,18920,1984,11,Rain,Afternoon,Weekend,Street,1
Delhi,69,7201,228,10,Fog,Evening,Weekday,Main Road,1
Chennai,42,16580,1121,1,Rain,Evening,Weekday,Main Road,1
Pune,57,8399,1145,2,Fog,Night,Weekend,Street,0
Delhi,66,17945,162,8,Clear,Night,Weekend,Highway,0
Pune,9,8623,806,8,Rain,Morning,Weekday,Highway,0
Jaipur,64,11327,946,1,Fog,Morning,Weekend,Highway,0
Kolkata,22,8187,1976,2,Clear,Morning,Weekend,Street,0
Lucknow,34,3180,870,10,Clear,Afternoon,Weekday,Highway,0
Bangalore,55,2960,208,11,Clear,Night,Weekend,Main Road,0
Delhi,29,6153,835,8,Clear,Morning,Weekend,Highway,0
Chennai,38,8035,1853,0,Rain,Night,Weekday,Highway,0
Mumbai,18,12471,1889,1,Fog,Night,Weekday,Street,1
Chennai,71,1582,1103,10,Clear,Night,Weekend,Main Road,0
Jaipur,65,16514,1170,1,Fog,Night,Weekend,Main Road,0
Pune,1,16531,300,9,Fog,Night,Weekday,Highway,0
Mumbai,4,17672,1592,2,Fog,Night,Weekday,Street,1
Bangalore,4,8979,1165,9,Rain,Afternoon,Weekend,Street,1
Bangalore,27,4060,162,2,Rain,Evening,Weekday,Highway,0
Delhi,43,14731,308,9,Clear,Night,Weekday,Main Road,0
Jaipur,59,13294,156,1,Fog,Afternoon,Weekend,Main Road,0
Kolkata,32,18567,624,7,Rain,Morning,Weekend,Main Road,1
Jaipur,33,15274,1463,7,Rain,Afternoon,Weekday,Street,1
Pune,28,18830,1040,7,Rain,Afternoon,Weekday,Highway,1
Chennai,55,17348,1431,1,Clear,Afternoon,Weekend,Street,0
Bangalore,60,2903,1856,8,Rain,Night,Weekday,Main Road,0
Chennai,70,15551,1272,10,Fog,Morning,Weekend,Street,1
Chennai,62,16141,476,6,Rain,Afternoon,Weekday,Main Road,1
Chennai,34,3377,1551,11,Rain,Morning,Weekday,Highway,1
Bangalore,56,1847,908,4,Clear,Afternoon,Weekday,Main Road,0
Ahmedabad,13,15380,1922,6,Fog,Night,Weekend,Highway,1
Hyderabad,56,18623,1576,7,Rain,Afternoon,Weekend,Street,1
Pune,18,10524,1731,8,Fog,Afternoon,Weekday,Street,1
Ahmedabad,54,16231,967,1,Fog,Morning,Weekday,Street,1
Pune,77,12698,1646,5,Rain,Morning,Weekend,Main Road,1
Mumbai,43,11571,1193,8,Clear,Morning,Weekend,Highway,0
Jaipur,39,13314,1646,5,Fog,Evening,Weekday,Street,1
Jaipur,61,12429,1382,1,Rain,Morning,Weekend,Street,1
Lucknow,42,3365,1611,0,Fog,Afternoon,Weekend,Highway,0
Jaipur,79,11604,676,11,Fog,Evening,Weekday,Main Road,1
Bangalore,18,12366,524,2,Fog,Morning,Weekday,Street,1
Kolkata,23,6055,601,10,Rain,Night,Weekend,Main Road,0
Delhi,54,6622,393,4,Fog,Morning,Weekend,Main Road,0
Lucknow,30,17756,677,6,Fog,Night,Weekday,Main Road,1
Delhi,58,8783,185,9,Clear,Evening,Weekend,Street,0
Pune,68,2949,326,9,Rain,Night,Weekday,Street,0
Delhi,67,17628,1884,2,Rain,Evening,Weekday,Highway,1
Delhi,71,11032,1606,8,Fog,Night,Weekend,Highway,1
Lucknow,18,12619,1972,9,Clear,Morning,Weekday,Main Road,1
Mumbai,7,17508,80,11,Fog,Evening,Weekday,Street,1
Chennai,40,13824,296,3,Fog,Afternoon,Weekday,Main Road,0
Jaipur,70,11945,460,9,Rain,Afternoon,Weekday,Highway,0
Jaipur,65,2919,76,1,Clear,Afternoon,Weekday,Main Road,0
Bangalore,68,10827,122,2,Fog,Morning,Weekend,Main Road,0
Lucknow,49,10617,1170,4,Rain,Afternoon,Weekday,Street,1
Bangalore,52,10732,722,2,Fog,Evening,Weekday,Main Road,1
Kolkata,29,1530,1419,4,Fog,Afternoon,Weekday,Main Road,0
Kolkata,21,8849,525,3,Clear,Evening,Weekend,Street,0
Bangalore,78,7929,1373,10,Clear,Afternoon,Weekday,Street,0
Lucknow,9,5349,1372,9,Clear,Night,Weekday,Highway,0
Bangalore,47,15456,336,2,Fog,Evening,Weekday,Street,1
Jaipur,76,12295,1958,11,Clear,Afternoon,Weekday,Main Road,1
Ahmedabad,42,19185,1522,5,Rain,Afternoon,Weekend,Highway,1
Hyderabad,51,6156,261,7,Fog,Afternoon,Weekend,Highway,0
Delhi,56,10228,1149,11,Clear,Evening,Weekday,Highway,1
Hyderabad,51,12920,450,3,Fog,Evening,Weekend,Highway,1
Lucknow,70,8432,704,8,Fog,Afternoon,Weekend,Main Road,0
Hyderabad,20,13203,1107,5,Rain,Night,Weekend,Main Road,0
Kolkata,27,7189,547,4,Rain,Evening,Weekday,Main Road,0
Pune,38,2142,897,2,Rain,Evening,Weekday,Main Road,0
Delhi,72,8614,1589,4,Fog,Night,Weekday,Highway,0
Chennai,65,15253,1401,4,Fog,Morning,Weekday,Main Road,1
Lucknow,54,19013,147,11,Rain,Night,Weekday,Highway,0
Delhi,24,18146,415,11,Fog,Afternoon,Weekday,Street,1
Hyderabad,47,7905,1802,3,Rain,Evening,Weekend,Main Road,1
Kolkata,71,5889,512,11,Rain,Evening,Weekend,Street,1
Mumbai,63,5839,77,5,Clear,Evening,Weekend,Street,0
Ahmedabad,57,4957,762,2,Rain,Evening,Weekend,Main Road,0
Chennai,55,1557,1459,9,Clear,Morning,Weekend,Highway,0
Ahmedabad,60,5621,322,0,Rain,Evening,Weekday,Street,0
Delhi,62,15932,875,6,Fog,Evening,Weekday,Main Road,1
Kolkata,30,1839,1200,6,Clear,Morning,Weekend,Street,0
Kolkata,22,10243,251,11,Fog,Afternoon,Weekday,Street,1
Hyderabad,75,10596,1594,3,Fog,Afternoon,Weekday,Main Road,1
Jaipur,29,7998,1360,8,Rain,Morning,Weekday,Street,1
Hyderabad,41,11129,499,11,Rain,Afternoon,Weekday,Highway,0
Jaipur,42,1510,1161,1,Fog,Afternoon,Weekday,Highway,0
Jaipur,65,12596,1391,0,Rain,Night,Weekend,Street,0
Chennai,31,13974,68,2,Rain,Night,Weekend,Street,0
Hyderabad,30,2137,1666,6,Rain,Night,Weekend,Main Road,0
Mumbai,18,14700,1180,8,Fog,Morning,Weekday,Highway,1
Bangalore,17,5666,1531,1,Clear,Evening,Weekday,Street,0
Bangalore,38,9906,360,5,Clear,Morning,Weekday,Highway,0
Hyderabad,14,11478,461,2,Fog,Morning,Weekday,Street,1
Hyderabad,79,3654,791,4,Rain,Morning,Weekend,Main Road,0
Ahmedabad,56,1990,673,11,Rain,Morning,Weekday,Main Road,0
Chennai,22,3160,781,8,Clear,Night,Weekend,Highway,0
Hyderabad,67,16136,684,2,Fog,Morning,Weekend,Highway,1
Ahmedabad,56,11336,547,0,Fog,Night,Weekend,Street,0
Jaipur,19,15269,293,4,Rain,Evening,Weekend,Street,1
Kolkata,57,17206,739,0,Rain,Afternoon,Weekday,Street,1
Kolkata,44,3063,626,7,Rain,Night,Weekday,Highway,0
Jaipur,35,11795,1453,6,Fog,Morning,Weekend,Main Road,1
Lucknow,1,19361,564,10,Clear,Evening,Weekday,Main Road,1
Ahmedabad,52,9567,256,1,Fog,Morning,Weekday,Highway,0
Ahmedabad,70,9933,997,10,Fog,Evening,Weekday,Main Road,1
Jaipur,37,16619,443,8,Fog,Afternoon,Weekend,Highway,1
Mumbai,65,5919,1094,4,Clear,Evening,Weekend,Street,0
Pune,51,12741,1878,6,Rain,Evening,Weekend,Highway,1
Delhi,1,9798,1600,3,Rain,Afternoon,Weekend,Main Road,0
Jaipur,21,17927,1416,11,Fog,Afternoon,Weekend,Highway,1
Hyderabad,53,15566,767,0,Fog,Evening,Weekend,Highway,1
Hyderabad,16,1883,251,7,Clear,Morning,Weekend,Highway,0
Chennai,61,10415,169,0,Clear,Night,Weekday,Highway,0
Jaipur,54,12085,1722,2,Rain,Morning,Weekend,Main Road,1
Chennai,40,16008,1885,5,Fog,Night,Weekday,Street,1
Jaipur,26,19452,1880,7,Clear,Afternoon,Weekend,Main Road,1
Ahmedabad,65,9120,438,7,Clear,Morning,Weekday,Main Road,0
Delhi,74,8820,1610,1,Fog,Afternoon,Weekday,Street,1
Ahmedabad,64,12901,1897,8,Fog,Evening,Weekday,Main Road,1
Pune,43,19170,283,3,Fog,Evening,Weekday,Street,1
Kolkata,17,17259,1706,3,Fog,Morning,Weekend,Street,1
Bangalore,59,10649,651,1,Fog,Afternoon,Weekend,Highway,0
Jaipur,23,9269,1393,0,Fog,Morning,Weekend,Main Road,1
Pune,7,12805,761,9,Clear,Morning,Weekend,Street,1
Kolkata,44,18692,1031,6,Fog,Night,Weekend,Main Road,1
Lucknow,53,11379,1253,10,Rain,Evening,Weekend,Main Road,1
Delhi,71,9744,906,9,Fog,Morning,Weekend,Street,1
Chennai,79,14285,1441,2,Rain,Evening,Weekend,Highway,1
Chennai,34,9473,125,3,Rain,Night,Weekend,Street,0
Ahmedabad,46,11679,698,10,Rain,Afternoon,Weekend,Highway,0
Hyderabad,68,15605,699,8,Fog,Morning,Weekend,Street,1
Kolkata,78,11985,545,5,Fog,Evening,Weekday,Street,1
Lucknow,78,13391,1595,0,Rain,Morning,Weekday,Highway,1
Pune,16,5861,1274,8,Fog,Afternoon,Weekday,Highway,0
Delhi,71,2596,879,8,Clear,Morning,Weekday,Main Road,0
Kolkata,19,17863,1419,4,Clear,Morning,Weekday,Street,1
Lucknow,2,11155,532,7,Clear,Evening,Weekend,Main Road,0
Bangalore,10,8919,1292,6,Clear,Afternoon,Weekend,Main Road,0
Jaipur,50,11334,1133,10,Fog,Night,Weekday,Highway,1
Chennai,12,15628,1040,7,Rain,Afternoon,Weekend,Highway,1
Pune,70,3072,1732,8,Fog,Afternoon,Weekday,Main Road,1
Chennai,22,10487,668,1,Clear,Night,Weekend,Highway,0
Pune,32,6624,599,9,Fog,Morning,Weekend,Street,1
Ahmedabad,1,1938,695,4,Fog,Evening,Weekday,Highway,0
Hyderabad,54,9176,1984,7,Clear,Morning,Weekday,Highway,1
Pune,58,1761,1294,2,Rain,Morning,Weekday,Street,0
Chennai,70,13941,1888,10,Fog,Night,Weekend,Highway,1
Ahmedabad,18,2669,551,10,Fog,Night,Weekday,Main Road,0
Pune,6,8128,1206,5,Clear,Morning,Weekend,Main Road,0
Bangalore,45,13091,895,5,Rain,Afternoon,Weekend,Main Road,0
Hyderabad,23,19315,102,6,Clear,Evening,Weekend,Highway,0
Pune,23,8308,499,10,Clear,Afternoon,Weekend,Highway,0
Ahmedabad,26,2126,111,2,Fog,Morning,Weekday,Highway,0
Kolkata,77,7021,1096,7,Rain,Morning,Weekday,Main Road,1
Mumbai,7,7437,93,7,Clear,Evening,Weekday,Highway,0
Lucknow,79,8039,869,8,Fog,Afternoon,Weekday,Street,1
Mumbai,44,18587,1631,7,Clear,Morning,Weekend,Highway,1
Mumbai,27,5135,708,2,Fog,Morning,Weekday,Main Road,0
Delhi,26,16111,777,5,Rain,Night,Weekday,Street,0
Bangalore,79,12964,901,8,Clear,Evening,Weekday,Street,1
Kolkata,36,9711,96,0,Rain,Night,Weekday,Main Road,0
Jaipur,55,8904,1932,2,Rain,Night,Weekend,Street,0
Pune,64,3283,869,1,Fog,Night,Weekend,Street,0
Lucknow,57,3477,1097,11,Clear,Morning,Weekend,Street,0
Hyderabad,69,4093,1730,7,Clear,Afternoon,Weekend,Street,0
Kolkata,61,8207,138,5,Fog,Night,Weekday,Street,0
Chennai,2,10394,1247,9,Fog,Afternoon,Weekend,Highway,1
Jaipur,55,15841,1649,10,Rain,Morning,Weekday,Main Road,1
Delhi,38,7227,1192,10,Clear,Night,Weekday,Main Road,0
Delhi,78,14280,784,7,Clear,Morning,Weekday,Highway,0
Kolkata,29,4535,1741,1,Fog,Night,Weekday,Highway,0
Ahmedabad,26,11582,227,10,Fog,Night,Weekend,Main Road,0
Mumbai,35,3913,1068,5,Fog,Morning,Weekend,Main Road,0
Chennai,79,3340,1905,6,Clear,Evening,Weekday,Highway,0
Delhi,67,6289,1997,7,Clear,Evening,Weekend,Highway,1
Lucknow,29,1597,1415,8,Rain,Afternoon,Weekend,Street,0
Delhi,34,16025,1641,4,Fog,Afternoon,Weekday,Highway,1
Hyderabad,41,8145,1132,10,Rain,Morning,Weekday,Highway,1
Pune,41,3902,950,2,Clear,Morning,Weekend,Street,0
Delhi,23,9955,487,1,Rain,Morning,Weekday,Street,0
Hyderabad,71,8694,1501,7,Rain,Evening,Weekend,Main Road,1
Kolkata,3,5830,475,0,Rain,Evening,Weekday,Main Road,0
Kolkata,58,10834,1017,9,Fog,Night,Weekday,Highway,0
Jaipur,32,11489,1454,5,Clear,Night,Weekday,Street,0
Delhi,31,16768,535,1,Fog,Morning,Weekday,Street,1
Lucknow,43,11364,1805,2,Rain,Morning,Weekend,Main Road,1
Delhi,7,3160,1258,7,Fog,Afternoon,Weekend,Main Road,0
Lucknow,1,14268,1632,0,Clear,Evening,Weekend,Highway,1
Bangalore,61,15485,509,5,Clear,Morning,Weekend,Street,0
Jaipur,14,3922,1962,2,Rain,Evening,Weekday,Main Road,1
Bangalore,52,4804,970,5,Rain,Morning,Weekday,Highway,0
Delhi,6,3368,1175,2,Fog,Night,Weekend,Highway,0
Jaipur,10,16157,1629,10,Clear,Morning,Weekend,Highway,1
Bangalore,71,9093,1088,10,Clear,Night,Weekend,Main Road,0
Mumbai,30,4932,797,7,Fog,Afternoon,Weekend,Main Road,0
Delhi,21,12552,1946,4,Clear,Afternoon,Weekend,Main Road,0
Bangalore,60,6608,100,3,Rain,Afternoon,Weekday,Main Road,0
Mumbai,74,13899,358,8,Rain,Morning,Weekend,Main Road,1
Mumbai,63,10292,1107,4,Fog,Afternoon,Weekend,Street,1
Kolkata,42,10862,1709,11,Fog,Morning,Weekday,Street,1
Delhi,51,6531,1054,3,Fog,Evening,Weekday,Street,1
Mumbai,64,11412,1662,7,Rain,Night,Weekend,Street,1
Kolkata,76,7344,1977,7,Fog,Evening,Weekend,Highway,1
Bangalore,56,17759,684,7,Clear,Morning,Weekend,Highway,0
Hyderabad,41,8887,254,3,Fog,Afternoon,Weekday,Street,0
Delhi,32,18993,789,0,Clear,Night,Weekend,Main Road,0
Jaipur,15,17158,1143,1,Rain,Afternoon,Weekend,Street,1
Lucknow,62,18997,1303,3,Clear,Evening,Weekday,Street,1
Lucknow,27,4679,1553,9,Clear,Morning,Weekday,Highway,0
Bangalore,28,8540,582,1,Clear,Night,Weekday,Main Road,0
Ahmedabad,64,10488,157,10,Rain,Night,Weekday,Highway,0
Ahmedabad,59,8074,925,9,Clear,Morning,Weekend,Main Road,0
Bangalore,58,4996,1314,2,Clear,Morning,Weekday,Highway,0
Mumbai,2,6695,300,8,Fog,Night,Weekday,Street,0
Delhi,36,15235,184,8,Fog,Evening,Weekday,Main Road,1
Lucknow,71,3366,1163,10,Fog,Evening,Weekend,Highway,1
Lucknow,13,15164,1664,8,Clear,Afternoon,Weekday,Street,1
Mumbai,15,7764,1513,6,Clear,Night,Weekend,Highway,0
Lucknow,60,16527,738,3,Rain,Morning,Weekday,Highway,1
Jaipur,22,17292,1371,0,Clear,Morning,Weekend,Highway,0
Delhi,63,2614,456,2,Clear,Morning,Weekend,Street,0
Pune,75,15396,1381,7,Rain,Morning,Weekend,Main Road,1
Lucknow,74,19800,151,3,Clear,Night,Weekday,Highway,0
Bangalore,25,17880,1434,9,Rain,Evening,Weekend,Street,1
Jaipur,48,17888,1920,9,Rain,Afternoon,Weekday,Highway,1
Lucknow,43,6733,1697,1,Fog,Evening,Weekday,Main Road,1
Jaipur,38,4216,742,7,Clear,Afternoon,Weekend,Highway,0
Kolkata,41,5364,1689,6,Fog,Morning,Weekday,Street,1
Pune,45,13269,1601,10,Clear,Morning,Weekend,Highway,1
Chennai,40,18861,1681,9,Fog,Night,Weekday,Highway,1
Bangalore,17,14829,1366,8,Rain,Morning,Weekend,Main Road,1
Bangalore,57,5960,1219,1,Rain,Night,Weekday,Main Road,0
Delhi,2,19781,453,4,Rain,Night,Weekend,Main Road,0
Jaipur,62,9301,863,5,Rain,Night,Weekday,Highway,0
Mumbai,9,9841,1075,1,Clear,Morning,Weekday,Street,0
Bangalore,68,8730,1192,1,Clear,Morning,Weekend,Highway,0
Jaipur,17,18883,904,9,Fog,Evening,Weekday,Highway,1
Jaipur,50,17979,1679,3,Clear,Afternoon,Weekday,Highway,1
Hyderabad,40,1978,1264,7,Clear,Evening,Weekend,Highway,0
Hyderabad,58,1730,1076,10,Fog,Morning,Weekend,Main Road,0
Chennai,75,1056,991,4,Rain,Afternoon,Weekend,Main Road,0
Kolkata,21,3243,1070,8,Fog,Night,Weekend,Main Road,0
Chennai,18,2701,1560,3,Fog,Afternoon,Weekend,Main Road,0
Lucknow,55,18670,1696,2,Rain,Night,Weekday,Street,1
Mumbai,29,9303,226,9,Fog,Morning,Weekend,Highway,0
Lucknow,24,16100,1330,7,Fog,Afternoon,Weekday,Highway,1
Ahmedabad,74,13998,922,0,Fog,Night,Weekday,Highway,0
Lucknow,17,10393,1607,8,Clear,Evening,Weekday,Street,1
Delhi,18,1947,526,3,Rain,Evening,Weekday,Street,0
Lucknow,42,7553,447,10,Rain,Night,Weekday,Main Road,0
Chennai,45,1757,1569,8,Fog,Evening,Weekend,Highway,1
Bangalore,17,15866,269,7,Clear,Evening,Weekend,Highway,0
Bangalore,73,12580,222,2,Rain,Afternoon,Weekend,Street,0
Hyderabad,14,6651,785,2,Rain,Evening,Weekend,Highway,0
Mumbai,49,8273,1463,8,Fog,Afternoon,Weekend,Street,1
Mumbai,29,11033,551,2,Fog,Morning,Weekend,Main Road,0
Delhi,4,4535,1650,3,Fog,Evening,Weekday,Street,1
Chennai,20,19677,1862,8,Rain,Morning,Weekend,Highway,1
Hyderabad,47,18488,810,11,Fog,Evening,Weekend,Street,1
Ahmedabad,9,9853,1333,3,Fog,Night,Weekend,Street,0
Mumbai,77,1908,180,10,Fog,Night,Weekend,Main Road,0
Bangalore,79,5617,1186,2,Clear,Morning,Weekend,Highway,0
Lucknow,27,11048,847,6,Fog,Morning,Weekday,Highway,1
Lucknow,15,3311,848,5,Rain,Morning,Weekday,Main Road,0
Hyderabad,19,17020,979,0,Fog,Night,Weekday,Street,1
Chennai,52,18173,772,9,Rain,Morning,Weekend,Street,1
Chennai,26,14585,1093,7,Clear,Night,Weekend,Highway,0
Kolkata,26,15017,264,0,Clear,Morning,Weekend,Street,0
Pune,26,17555,1383,3,Fog,Afternoon,Weekday,Main Road,1
Mumbai,46,13552,1324,5,Rain,Afternoon,Weekday,Highway,1
Chennai,49,14337,537,5,Fog,Evening,Weekend,Street,1
Bangalore,53,2885,1455,6,Fog,Afternoon,Weekend,Main Road,0
Hyderabad,3,2049,1482,10,Rain,Morning,Weekday,Main Road,1
Ahmedabad,66,11503,1344,11,Rain,Afternoon,Weekday,Highway,1
Kolkata,42,2161,1480,4,Rain,Afternoon,Weekday,Highway,0
Jaipur,19,1815,1765,4,Rain,Morning,Weekend,Street,0
Delhi,17,4766,1267,3,Rain,Afternoon,Weekday,Street,0
Ahmedabad,33,4239,1514,5,Clear,Morning,Weekend,Street,0
Jaipur,76,14942,362,6,Clear,Afternoon,Weekend,Main Road,0
Lucknow,49,9272,128,9,Clear,Morning,Weekend,Main Road,0
Delhi,56,1869,229,9,Rain,Night,Weekday,Street,0
Mumbai,63,6526,1053,0,Rain,Night,Weekday,Highway,0
Bangalore,3,8741,724,8,Rain,Evening,Weekday,Main Road,1
Delhi,49,5694,1787,7,Fog,Afternoon,Weekday,Main Road,1
Pune,55,2934,63,6,Clear,Evening,Weekend,Street,0
Jaipur,26,18087,908,8,Clear,Morning,Weekend,Highway,1
Mumbai,72,17318,295,2,Fog,Night,Weekend,Main Road,0
Pune,52,19907,1087,9,Fog,Morning,Weekend,Highway,1
Lucknow,7,7159,148,3,Clear,Evening,Weekday,Main Road,0
Pune,46,16719,82,6,Rain,Morning,Weekend,Highway,0
Kolkata,46,13993,1509,5,Clear,Morning,Weekday,Highway,1
Kolkata,16,14813,306,1,Rain,Morning,Weekend,Main Road,0
Hyderabad,24,2164,83,1,Clear,Morning,Weekday,Highway,0
Ahmedabad,61,1619,68,9,Clear,Night,Weekend,Main Road,0
Ahmedabad,54,8982,1737,6,Fog,Morning,Weekend,Main Road,1
Mumbai,62,4066,1333,8,Fog,Morning,Weekday,Highway,1
Lucknow,1,9638,1749,10,Rain,Night,Weekend,Main Road,1
Chennai,49,3337,638,11,Rain,Morning,Weekday,Highway,0
Kolkata,25,6594,1899,8,Clear,Morning,Weekend,Main Road,0
Mumbai,10,3460,1489,6,Fog,Evening,Weekday,Highway,1
Chennai,16,7820,186,10,Rain,Night,Weekday,Main Road,0
Ahmedabad,58,4442,408,7,Rain,Afternoon,Weekday,Main Road,0
Hyderabad,72,17191,1793,9,Rain,Morning,Weekday,Street,1
Pune,29,17326,803,2,Clear,Evening,Weekend,Main Road,1
Kolkata,6,11529,1652,0,Rain,Night,Weekday,Main Road,0
Mumbai,16,18675,1189,6,Rain,Morning,Weekday,Highway,1
Delhi,20,11390,453,7,Fog,Afternoon,Weekday,Highway,0
Chennai,71,15030,1275,1,Fog,Morning,Weekday,Highway,1
Pune,78,6374,1449,8,Fog,Evening,Weekend,Highway,1
Kolkata,43,14142,299,3,Clear,Night,Weekday,Street,0
Ahmedabad,26,13204,495,9,Fog,Evening,Weekend,Street,1
Lucknow,78,8394,1003,10,Fog,Night,Weekend,Highway,0
Chennai,71,18088,327,8,Fog,Afternoon,Weekday,Highway,1
Ahmedabad,33,1825,161,2,Fog,Morning,Weekday,Highway,0
Kolkata,26,10196,1916,7,Rain,Evening,Weekday,Highway,1
Chennai,45,12652,1546,10,Clear,Afternoon,Weekday,Main Road,1
Pune,63,17760,795,1,Rain,Afternoon,Weekend,Highway,0
Kolkata,67,1972,737,2,Rain,Morning,Weekend,Main Road,0
Jaipur,52,12268,441,0,Clear,Evening,Weekday,Highway,0
Mumbai,68,1443,1018,4,Rain,Morning,Weekday,Street,0
Pune,26,1754,192,3,Fog,Morning,Weekend,Street,0
Chennai,75,17023,1105,0,Clear,Night,Weekend,Highway,0
Lucknow,2,11363,230,9,Rain,Night,Weekday,Street,0
Ahmedabad,14,11897,628,8,Rain,Morning,Weekday,Street,1
Delhi,30,6396,1589,5,Fog,Night,Weekday,Street,0
Ahmedabad,49,4465,847,5,Rain,Evening,Weekday,Street,1
Chennai,12,3711,318,10,Rain,Night,Weekday,Main Road,0
Ahmedabad,44,19791,1309,1,Rain,Afternoon,Weekday,Main Road,1
Mumbai,33,6747,1350,6,Clear,Morning,Weekend,Main Road,0
Kolkata,13,19107,602,11,Clear,Morning,Weekend,Main Road,1
Delhi,78,2919,682,11,Rain,Evening,Weekend,Highway,0
Bangalore,26,18302,324,8,Rain,Morning,Weekend,Street,1
Chennai,21,14473,792,5,Fog,Night,Weekday,Street,1
Hyderabad,28,17965,1889,10,Clear,Afternoon,Weekday,Highway,1
Bangalore,48,15235,135,7,Clear,Morning,Weekend,Highway,0
Ahmedabad,40,16710,1136,11,Clear,Night,Weekday,Main Road,0
Chennai,66,15434,453,4,Rain,Afternoon,Weekday,Main Road,0
Jaipur,73,14478,241,1,Fog,Morning,Weekday,Street,1
Hyderabad,79,4881,1366,3,Fog,Morning,Weekend,Highway,0
Delhi,77,2999,1104,11,Rain,Morning,Weekend,Street,1
Lucknow,23,15849,1403,0,Rain,Afternoon,Weekend,Highway,0
Jaipur,48,11903,1731,0,Fog,Morning,Weekend,Main Road,1
Bangalore,2,17784,156,5,Fog,Morning,Weekend,Street,1
Kolkata,20,15700,1944,1,Clear,Night,Weekend,Street,0
Mumbai,59,6445,671,5,Rain,Night,Weekend,Highway,0
Lucknow,46,3628,325,0,Clear,Night,Weekday,Street,0
Jaipur,3,19040,1795,10,Fog,Night,Weekend,Main Road,1
Kolkata,55,18004,700,9,Clear,Morning,Weekday,Street,1
Kolkata,12,1246,1671,2,Fog,Afternoon,Weekday,Highway,0
Chennai,40,6212,605,8,Fog,Morning,Weekend,Street,1
Jaipur,66,4339,1155,1,Clear,Evening,Weekday,Main Road,0
Delhi,78,3368,1137,7,Rain,Afternoon,Weekday,Highway,0
Ahmedabad,16,13186,1963,5,Clear,Evening,Weekend,Highway,1
Hyderabad,34,2839,1928,11,Clear,Morning,Weekday,Main Road,1
Hyderabad,44,7205,1906,5,Rain,Afternoon,Weekend,Highway,0
Bangalore,6,5395,616,6,Rain,Afternoon,Weekday,Highway,0
Bangalore,77,16290,635,4,Clear,Night,Weekday,Street,0
Hyderabad,64,4691,934,11,Fog,Morning,Weekday,Highway,1
Delhi,22,8470,178,10,Clear,Evening,Weekday,Street,0
Mumbai,18,4841,305,3,Fog,Afternoon,Weekend,Main Road,0
Pune,12,5348,983,5,Rain,Afternoon,Weekend,Main Road,0
Ahmedabad,52,18776,280,7,Rain,Night,Weekend,Main Road,0
Mumbai,51,7060,1570,3,Fog,Afternoon,Weekday,Main Road,1
Chennai,71,16525,1210,4,Clear,Night,Weekday,Highway,0
Pune,48,5300,912,6,Rain,Afternoon,Weekday,Highway,0
Pune,19,4338,1528,5,Fog,Afternoon,Weekday,Street,1
Jaipur,6,6487,1986,3,Fog,Morning,Weekend,Street,1
Delhi,27,4514,404,3,Clear,Afternoon,Weekday,Street,0
Delhi,53,18143,1697,9,Fog,Night,Weekend,Highway,1
Pune,48,12280,1558,3,Fog,Night,Weekday,Street,1
Jaipur,7,11307,1893,0,Clear,Night,Weekday,Highway,0
Ahmedabad,59,10915,195,4,Rain,Evening,Weekend,Main Road,0
Pune,69,12158,1106,7,Rain,Afternoon,Weekend,Highway,0
Lucknow,11,9621,309,6,Rain,Morning,Weekend,Main Road,0
Bangalore,15,11547,136,4,Fog,Morning,Weekend,Street,0
Bangalore,64,14485,892,2,Fog,Evening,Weekday,Highway,1
Mumbai,3,3459,314,10,Clear,Afternoon,Weekend,Street,0
Chennai,69,6273,1905,0,Fog,Night,Weekend,Street,0
Bangalore,23,19102,1615,6,Fog,Evening,Weekday,Main Road,1
Kolkata,53,10457,441,10,Rain,Evening,Weekday,Street,1
Mumbai,37,6423,281,2,Fog,Night,Weekday,Highway,0
Bangalore,9,18692,950,3,Fog,Evening,Weekday,Street,1
Chennai,15,18434,637,4,Fog,Evening,Weekend,Main Road,1
Delhi,3,6479,496,11,Clear,Night,Weekend,Main Road,0
Delhi,70,16419,1202,7,Fog,Afternoon,Weekday,Street,1
Ahmedabad,17,3249,1344,6,Clear,Morning,Weekend,Main Road,0
Pune,26,3809,1162,8,Rain,Morning,Weekend,Street,0
Lucknow,21,3921,515,10,Fog,Night,Weekday,Main Road,0
Delhi,72,5676,983,2,Clear,Night,Weekend,Street,0
Jaipur,21,3417,1243,10,Rain,Afternoon,Weekend,Street,0
Bangalore,11,17916,177,9,Fog,Evening,Weekday,Highway,1
Jaipur,38,14463,1247,0,Clear,Afternoon,Weekend,Highway,0
Chennai,72,9167,1099,0,Clear,Evening,Weekend,Street,0
Delhi,35,2469,622,11,Rain,Evening,Weekday,Highway,0
Lucknow,14,8292,560,9,Fog,Afternoon,Weekend,Highway,0
Chennai,14,7931,537,0,Fog,Night,Weekday,Main Road,0
Kolkata,10,2091,940,1,Fog,Night,Weekday,Highway,0
Kolkata,12,17363,628,1,Clear,Afternoon,Weekday,Main Road,0
Jaipur,38,1260,999,6,Fog,Evening,Weekday,Highway,0
Pune,34,11456,455,8,Clear,Evening,Weekday,Highway,0
Mumbai,41,14435,1099,7,Clear,Evening,Weekday,Street,1
Pune,10,10377,1156,3,Rain,Evening,Weekend,Highway,1
Ahmedabad,17,16813,413,1,Clear,Afternoon,Weekday,Street,0
Pune,17,5301,1440,2,Rain,Morning,Weekend,Street,0
Ahmedabad,67,8207,1133,9,Rain,Night,Weekday,Street,0
Ahmedabad,62,17476,600,4,Fog,Night,Weekday,Street,1
Lucknow,1,9556,1708,8,Rain,Morning,Weekday,Highway,1
Delhi,12,14795,341,7,Fog,Evening,Weekend,Street,1
Lucknow,4,7125,838,11,Rain,Morning,Weekend,Highway,0
Ahmedabad,42,2924,1959,2,Clear,Morning,Weekday,Highway,0
Chennai,13,7683,865,8,Fog,Morning,Weekend,Main Road,1
Kolkata,4,19922,1867,9,Clear,Night,Weekday,Main Road,1
Ahmedabad,69,19660,240,2,Fog,Night,Weekday,Main Road,0
Lucknow,19,14331,510,9,Clear,Morning,Weekend,Street,0
Chennai,2,10945,1877,11,Rain,Morning,Weekday,Highway,1
Lucknow,12,18294,713,7,Fog,Morning,Weekday,Highway,1
Pune,74,1306,1969,0,Fog,Evening,Weekend,Street,1
Bangalore,6,5231,282,3,Fog,Evening,Weekday,Main Road,0
Jaipur,8,7028,523,3,Rain,Evening,Weekday,Main Road,0
Mumbai,51,13207,1478,5,Clear,Night,Weekend,Highway,0
Lucknow,11,7658,707,11,Rain,Afternoon,Weekend,Highway,0
Mumbai,63,7336,320,11,Rain,Morning,Weekday,Highway,0
Hyderabad,57,14896,1920,1,Rain,Morning,Weekday,Main Road,1
Lucknow,12,10630,1207,6,Clear,Afternoon,Weekend,Highway,0
Bangalore,73,18256,220,4,Rain,Morning,Weekend,Main Road,1
Mumbai,2,2141,1488,9,Fog,Evening,Weekday,Main Road,1
Ahmedabad,8,18049,77,5,Rain,Evening,Weekend,Main Road,1
Lucknow,11,9400,185,10,Clear,Afternoon,Weekend,Street,0
Delhi,53,1951,974,5,Fog,Evening,Weekend,Street,1
Jaipur,10,10249,454,11,Clear,Afternoon,Weekday,Highway,0
Bangalore,8,13936,1026,10,Rain,Evening,Weekday,Main Road,1
Mumbai,36,15455,937,5,Clear,Morning,Weekday,Highway,0
Bangalore,76,5722,1578,9,Fog,Night,Weekday,Main Road,0
Chennai,14,13812,1314,11,Clear,Evening,Weekday,Highway,1
Jaipur,54,5008,905,7,Fog,Afternoon,Weekend,Highway,0
Ahmedabad,21,11060,493,9,Fog,Night,Weekend,Street,0
Lucknow,50,14056,483,3,Rain,Morning,Weekend,Street,1
Lucknow,39,7655,1301,9,Rain,Night,Weekday,Street,0
Lucknow,20,18155,558,7,Fog,Afternoon,Weekday,Street,1
Jaipur,7,14027,1872,8,Clear,Morning,Weekend,Main Road,1
Delhi,9,5030,1376,3,Fog,Morning,Weekend,Highway,0
Hyderabad,1,1521,83,0,Rain,Evening,Weekend,Highway,0
Kolkata,26,2400,1075,2,Clear,Night,Weekend,Main Road,0
Pune,38,12930,411,0,Fog,Evening,Weekday,Main Road,1
Mumbai,38,4723,1268,6,Rain,Morning,Weekday,Highway,0
Delhi,61,7579,655,11,Fog,Evening,Weekend,Street,1
Ahmedabad,44,19242,1913,0,Fog,Evening,Weekday,Street,1
Mumbai,44,5781,1381,10,Fog,Afternoon,Weekday,Street,1
Lucknow,74,13873,1720,3,Clear,Evening,Weekday,Main Road,1
Bangalore,62,19782,765,0,Rain,Morning,Weekday,Highway,1
Ahmedabad,6,17526,299,1,Rain,Evening,Weekend,Main Road,1
Mumbai,17,12043,196,10,Fog,Morning,Weekend,Highway,0
Lucknow,51,17375,1419,0,Fog,Morning,Weekday,Street,1
Mumbai,38,18101,397,4,Fog,Afternoon,Weekend,Street,1
Bangalore,24,1642,1327,6,Clear,Morning,Weekday,Street,0
Lucknow,51,19932,448,2,Rain,Morning,Weekend,Highway,1
Hyderabad,10,12885,1407,7,Fog,Afternoon,Weekend,Street,1
Delhi,72,8549,1249,4,Rain,Morning,Weekend,Highway,0
Chennai,21,14397,174,4,Fog,Afternoon,Weekend,Main Road,0
Pune,70,16074,812,4,Rain,Night,Weekend,Street,0
Jaipur,57,14771,447,7,Fog,Night,Weekend,Main Road,0
Pune,39,1949,180,1,Clear,Night,Weekend,Main Road,0
Ahmedabad,33,17905,1635,1,Fog,Morning,Weekday,Highway,1
Pune,59,15732,654,11,Fog,Evening,Weekend,Main Road,1
Lucknow,18,17738,941,7,Fog,Afternoon,Weekday,Highway,1
Hyderabad,56,18866,871,8,Fog,Night,Weekend,Highway,1
Chennai,57,10839,951,10,Fog,Afternoon,Weekend,Main Road,1
Delhi,76,13823,994,11,Rain,Night,Weekend,Highway,0
Delhi,48,19599,1480,9,Rain,Night,Weekday,Highway,1
Bangalore,42,19921,781,9,Clear,Morning,Weekday,Highway,1
Jaipur,27,15690,1919,1,Fog,Afternoon,Weekday,Main Road,1
Mumbai,74,7339,383,3,Rain,Morning,Weekday,Highway,0
Hyderabad,52,11956,1093,7,Rain,Afternoon,Weekday,Street,1
Mumbai,42,4765,254,1,Fog,Afternoon,Weekend,Main Road,0
Chennai,32,3827,1676,3,Fog,Evening,Weekday,Main Road,1
Pune,26,3058,1005,9,Clear,Night,Weekday,Highway,0
Delhi,25,12519,404,0,Clear,Morning,Weekday,Main Road,0
Chennai,75,1730,1246,1,Rain,Evening,Weekend,Street,0
Pune,23,2832,1262,6,Clear,Afternoon,Weekend,Main Road,0
Delhi,57,9600,873,0,Rain,Night,Weekend,Main Road,0
Pune,52,16618,1075,11,Clear,Morning,Weekday,Main Road,1
Jaipur,31,8170,1946,0,Fog,Evening,Weekend,Highway,1
Hyderabad,64,5179,990,1,Clear,Afternoon,Weekday,Street,0
Ahmedabad,71,7299,217,3,Rain,Evening,Weekend,Street,0
Chennai,33,8830,417,6,Clear,Afternoon,Weekend,Street,0
Chennai,2,12439,585,3,Rain,Afternoon,Weekend,Main Road,0
Kolkata,18,5802,1998,4,Rain,Night,Weekend,Street,0
Lucknow,47,7615,1012,3,Clear,Morning,Weekend,Highway,0
Jaipur,33,7762,1950,3,Clear,Night,Weekday,Main Road,0
Jaipur,35,6543,629,8,Rain,Morning,Weekday,Highway,0
Mumbai,51,5883,1443,5,Fog,Morning,Weekend,Main Road,1
Pune,18,16739,1779,11,Clear,Afternoon,Weekday,Highway,1
Lucknow,72,1666,1669,2,Rain,Evening,Weekend,Main Road,0
Hyderabad,30,1276,999,5,Fog,Morning,Weekend,Highway,0
Hyderabad,44,15063,1510,6,Rain,Morning,Weekend,Street,1
Jaipur,53,1881,256,6,Clear,Morning,Weekend,Main Road,0
Hyderabad,10,3060,1122,7,Rain,Morning,Weekend,Main Road,0
Kolkata,52,15677,593,3,Rain,Afternoon,Weekend,Highway,0
Chennai,49,19466,1902,0,Rain,Night,Weekend,Highway,1
Bangalore,11,7702,1755,5,Clear,Evening,Weekday,Highway,1
Ahmedabad,66,10429,178,7,Fog,Afternoon,Weekday,Main Road,0
Mumbai,58,16853,1520,4,Fog,Afternoon,Weekend,Highway,1
Pune,36,1158,663,2,Fog,Afternoon,Weekday,Street,0
Ahmedabad,33,16996,84,3,Fog,Morning,Weekend,Highway,0
Pune,47,6229,868,7,Clear,Evening,Weekday,Highway,0
Delhi,13,8956,248,5,Rain,Afternoon,Weekday,Highway,0
Ahmedabad,40,13566,1886,4,Fog,Afternoon,Weekend,Street,1
Bangalore,68,3526,126,8,Fog,Afternoon,Weekend,Highway,0
Jaipur,42,8803,418,9,Clear,Morning,Weekday,Highway,0
Kolkata,19,7574,882,2,Rain,Morning,Weekend,Main Road,0
Chennai,19,9733,575,6,Rain,Afternoon,Weekday,Main Road,0
Chennai,58,18522,398,8,Fog,Morning,Weekend,Highway,1
Kolkata,23,8257,555,10,Fog,Evening,Weekday,Main Road,1
Lucknow,54,4283,692,10,Rain,Morning,Weekday,Highway,0
Delhi,65,16909,287,11,Clear,Afternoon,Weekday,Highway,0
Pune,12,12802,1353,3,Rain,Evening,Weekend,Street,1
Bangalore,24,8896,1650,9,Rain,Morning,Weekday,Highway,1
Hyderabad,34,19803,1505,9,Fog,Afternoon,Weekend,Main Road,1
Ahmedabad,53,14526,187,2,Clear,Night,Weekend,Main Road,0
Delhi,8,19140,1342,0,Clear,Night,Weekend,Main Road,0
Ahmedabad,18,12278,1813,8,Clear,Evening,Weekend,Main Road,1
Bangalore,57,14242,1274,0,Fog,Evening,Weekend,Highway,1
Mumbai,5,19690,1215,1,Clear,Evening,Weekday,Street,1
Mumbai,26,3570,661,8,Clear,Morning,Weekend,Street,0
Delhi,30,1324,1723,4,Fog,Evening,Weekend,Highway,1
Jaipur,54,10721,729,3,Rain,Morning,Weekday,Main Road,0
Bangalore,13,6645,1992,8,Clear,Afternoon,Weekday,Street,1
Bangalore,29,19329,1684,8,Rain,Morning,Weekend,Street,1
Kolkata,3,15404,1896,1,Clear,Morning,Weekend,Highway,1
Jaipur,58,5486,1904,2,Rain,Afternoon,Weekend,Main Road,0
Pune,76,3430,888,11,Rain,Night,Weekday,Street,0
Pune,2,18229,987,2,Fog,Morning,Weekend,Highway,1
Hyderabad,75,14156,404,4,Fog,Morning,Weekend,Street,1
Chennai,28,1567,627,2,Clear,Afternoon,Weekday,Street,0
Mumbai,77,3179,896,9,Clear,Evening,Weekday,Main Road,0
Pune,76,3019,1402,5,Fog,Afternoon,Weekday,Main Road,0
Jaipur,2,16919,608,1,Clear,Night,Weekend,Street,0
Bangalore,7,19704,898,5,Clear,Evening,Weekend,Main Road,1
Pune,26,19030,1967,5,Fog,Night,Weekend,Street,1
Bangalore,76,4909,1304,1,Rain,Morning,Weekday,Street,0
Pune,16,9015,1381,5,Clear,Night,Weekday,Street,0
Mumbai,23,4420,1731,5,Fog,Night,Weekend,Highway,0
Ahmedabad,40,15885,1792,5,Clear,Afternoon,Weekday,Main Road,1
Pune,60,17740,1219,11,Clear,Evening,Weekday,Main Road,1
Jaipur,73,8485,1225,4,Fog,Morning,Weekday,Street,1
Pune,32,19664,1864,6,Fog,Morning,Weekday,Main Road,1
Chennai,15,5131,189,11,Clear,Morning,Weekend,Street,0
Mumbai,13,11652,712,4,Clear,Evening,Weekend,Main Road,0
Jaipur,5,15379,70,10,Rain,Evening,Weekday,Main Road,1
Kolkata,75,15903,1327,0,Rain,Night,Weekday,Street,1
Jaipur,74,16913,113,11,Fog,Night,Weekday,Main Road,1
Chennai,52,10470,1291,8,Clear,Evening,Weekday,Street,1
Ahmedabad,77,17849,1145,2,Fog,Morning,Weekday,Highway,1
Mumbai,41,12540,1039,1,Fog,Evening,Weekend,Street,1
Kolkata,53,18871,211,9,Clear,Afternoon,Weekday,Main Road,0
Chennai,50,5597,179,5,Rain,Evening,Weekend,Highway,0
Chennai,15,5536,630,7,Fog,Evening,Weekend,Highway,0
Delhi,7,17709,274,1,Fog,Morning,Weekday,Street,1
Mumbai,40,10957,1831,3,Clear,Night,Weekend,Highway,0
Jaipur,28,5162,629,1,Rain,Afternoon,Weekday,Street,0
Bangalore,32,1303,1527,11,Rain,Afternoon,Weekday,Main Road,0
Ahmedabad,15,6067,1032,11,Clear,Afternoon,Weekday,Street,0
Bangalore,70,6024,1054,8,Fog,Evening,Weekend,Highway,1
Jaipur,65,8715,1988,9,Clear,Morning,Weekend,Street,1
Jaipur,4,12226,1457,1,Clear,Evening,Weekend,Street,1
Mumbai,11,3631,156,9,Rain,Night,Weekday,Main Road,0
Jaipur,26,14412,670,1,Fog,Morning,Weekend,Street,1
Delhi,61,16037,889,4,Fog,Afternoon,Weekend,Main Road,1
Kolkata,37,12647,1176,11,Rain,Evening,Weekend,Highway,1
Jaipur,23,13569,1214,4,Fog,Morning,Weekday,Highway,1
Bangalore,40,3369,626,11,Fog,Evening,Weekend,Street,1
Jaipur,77,12659,1207,6,Clear,Morning,Weekday,Street,1
Delhi,23,1528,248,0,Clear,Afternoon,Weekend,Highway,0
Pune,16,11502,1953,11,Clear,Night,Weekend,Highway,0
Pune,61,5675,559,1,Fog,Night,Weekend,Highway,0
Chennai,68,19047,716,10,Fog,Evening,Weekday,Street,1
Ahmedabad,31,3341,128,10,Fog,Afternoon,Weekday,Highway,0
Hyderabad,53,14919,943,5,Fog,Evening,Weekend,Street,1
Kolkata,25,15730,1555,1,Rain,Evening,Weekend,Highway,1
Lucknow,44,16256,561,3,Rain,Morning,Weekday,Highway,1
Chennai,12,5905,299,9,Fog,Morning,Weekday,Street,1
Ahmedabad,9,16539,938,5,Clear,Morning,Weekend,Main Road,0
Pune,12,16255,1073,11,Clear,Afternoon,Weekend,Street,1
Bangalore,69,9884,648,6,Rain,Afternoon,Weekday,Main Road,0
Lucknow,54,10143,1889,9,Rain,Evening,Weekend,Street,1
Ahmedabad,54,6950,802,4,Fog,Morning,Weekday,Main Road,0
Ahmedabad,28,2360,649,7,Fog,Afternoon,Weekend,Main Road,0
Chennai,56,6127,1024,5,Fog,Evening,Weekend,Main Road,1
Lucknow,69,15252,532,4,Fog,Afternoon,Weekend,Street,1
Mumbai,77,9730,885,3,Fog,Evening,Weekend,Street,1
Hyderabad,58,4925,221,5,Clear,Night,Weekday,Street,0
Mumbai,78,9463,918,5,Clear,Morning,Weekend,Main Road,0
Lucknow,75,18412,66,5,Fog,Night,Weekend,Main Road,0
Mumbai,42,2242,1808,0,Clear,Evening,Weekend,Street,0
Delhi,38,9784,1367,5,Fog,Evening,Weekend,Street,1
Pune,68,10797,443,0,Fog,Morning,Weekend,Highway,0
Delhi,53,7406,1895,4,Rain,Morning,Weekend,Highway,1
Jaipur,33,14965,1571,6,Clear,Evening,Weekday,Highway,1
Mumbai,71,14733,1292,0,Clear,Afternoon,Weekend,Highway,0
Jaipur,56,18824,283,0,Rain,Morning,Weekday,Highway,0
Bangalore,72,4626,1463,5,Clear,Evening,Weekday,Street,1
Kolkata,51,11074,297,6,Rain,Morning,Weekday,Main Road,0
Bangalore,74,17568,1975,5,Clear,Morning,Weekday,Main Road,1
Lucknow,43,9031,101,4,Fog,Night,Weekend,Street,0
Ahmedabad,15,4188,64,5,Rain,Night,Weekend,Street,0
Pune,38,3945,1397,2,Fog,Afternoon,Weekend,Street,0
Mumbai,15,7765,490,8,Fog,Morning,Weekday,Highway,0
Chennai,5,19858,1185,4,Clear,Evening,Weekend,Highway,1
Kolkata,54,11807,745,1,Rain,Evening,Weekday,Highway,0
Hyderabad,51,11204,1945,11,Fog,Morning,Weekday,Street,1
Hyderabad,10,10352,56,9,Fog,Morning,Weekend,Street,1
Hyderabad,12,5599,1636,9,Rain,Afternoon,Weekday,Main Road,1
Mumbai,4,5313,875,6,Clear,Afternoon,Weekday,Street,0
Hyderabad,18,3218,1826,2,Fog,Afternoon,Weekday,Highway,0
Delhi,36,14786,1318,0,Clear,Evening,Weekday,Main Road,1
Kolkata,25,18536,1521,2,Rain,Night,Weekend,Street,1
Delhi,76,1056,1438,8,Clear,Afternoon,Weekday,Main Road,0
Ahmedabad,36,13533,1440,4,Rain,Evening,Weekday,Main Road,1
Kolkata,67,1143,1995,6,Clear,Afternoon,Weekday,Street,0
Delhi,9,8218,1771,2,Clear,Evening,Weekend,Highway,0
Kolkata,61,9559,1360,3,Fog,Morning,Weekend,Highway,1
Ahmedabad,53,1615,1677,0,Clear,Evening,Weekday,Main Road,0
Jaipur,18,9062,1179,2,Fog,Morning,Weekend,Street,1
Mumbai,43,12520,1086,6,Rain,Evening,Weekend,Street,1
Mumbai,35,6977,1219,3,Rain,Night,Weekend,Highway,0
Hyderabad,63,12419,527,1,Fog,Evening,Weekend,Street,1
Bangalore,78,10780,680,4,Clear,Morning,Weekday,Street,0
Hyderabad,4,11681,764,4,Rain,Night,Weekday,Main Road,0
Lucknow,41,7984,1726,1,Rain,Evening,Weekend,Street,1
Delhi,45,5971,164,10,Rain,Evening,Weekend,Street,0
Kolkata,50,1944,558,5,Fog,Afternoon,Weekend,Street,0
Bangalore,79,10114,1225,9,Rain,Night,Weekend,Highway,0
Ahmedabad,28,8078,106,3,Rain,Morning,Weekend,Highway,0
Lucknow,42,19130,431,0,Rain,Night,Weekend,Main Road,0
Ahmedabad,76,13312,1230,2,Rain,Morning,Weekend,Highway,1
Mumbai,69,6783,1001,8,Fog,Afternoon,Weekday,Highway,0
Mumbai,1,10751,1895,9,Fog,Afternoon,Weekday,Highway,1
Hyderabad,39,7907,1206,6,Clear,Morning,Weekend,Highway,0
Delhi,17,18473,1236,5,Rain,Morning,Weekend,Main Road,1
Bangalore,35,3957,324,0,Fog,Morning,Weekday,Street,0
Pune,46,19996,1768,8,Clear,Afternoon,Weekday,Street,1
Lucknow,42,7047,1150,8,Clear,Night,Weekend,Street,0
Lucknow,39,7249,1910,0,Rain,Afternoon,Weekday,Main Road,0
Hyderabad,49,17347,93,5,Clear,Evening,Weekday,Highway,0
Mumbai,62,4759,767,6,Fog,Afternoon,Weekend,Main Road,0
Hyderabad,38,5263,1623,1,Clear,Evening,Weekday,Main Road,0
Kolkata,23,11281,367,9,Clear,Evening,Weekend,Main Road,0
Bangalore,22,2902,583,7,Fog,Afternoon,Weekday,Street,0
Delhi,4,3567,1658,7,Clear,Afternoon,Weekend,Highway,0
Jaipur,49,11190,1826,5,Clear,Afternoon,Weekday,Street,1
Chennai,59,9075,1227,8,Clear,Night,Weekday,Main Road,0
Chennai,73,3994,286,2,Clear,Afternoon,Weekend,Main Road,0
Hyderabad,68,6229,942,1,Rain,Morning,Weekday,Street,0
Kolkata,71,3010,566,1,Rain,Afternoon,Weekday,Street,0
Bangalore,2,8377,1294,5,Fog,Evening,Weekend,Street,1
Pune,49,14036,1383,6,Clear,Night,Weekday,Highway,0
Chennai,31,18214,1671,5,Fog,Night,Weekday,Street,1
Bangalore,40,1048,1250,10,Rain,Evening,Weekend,Highway,0
Delhi,48,5210,1844,2,Clear,Night,Weekend,Highway,0
Ahmedabad,51,18562,1293,4,Clear,Night,Weekend,Street,0
Kolkata,43,15838,87,7,Rain,Morning,Weekend,Main Road,0
Mumbai,55,17038,703,5,Clear,Morning,Weekend,Main Road,0
Bangalore,49,8878,1504,1,Clear,Night,Weekend,Highway,0
Delhi,57,17454,1983,6,Rain,Afternoon,Weekend,Highway,1
Pune,77,16347,796,7,Fog,Night,Weekend,Highway,0
Jaipur,15,8879,1276,3,Fog,Morning,Weekday,Main Road,1
Mumbai,27,19161,890,11,Clear,Night,Weekday,Highway,0
Jaipur,68,14254,1879,0,Rain,Afternoon,Weekend,Highway,1
Pune,64,8380,497,1,Fog,Afternoon,Weekday,Main Road,0
Delhi,30,3228,1568,3,Fog,Morning,Weekend,Street,1
Chennai,36,10814,733,6,Clear,Night,Weekday,Main Road,0
Jaipur,67,9888,174,1,Fog,Morning,Weekday,Street,0
Mumbai,49,7391,1911,5,Rain,Evening,Weekend,Street,1
Hyderabad,76,10429,1138,1,Fog,Morning,Weekday,Highway,1
Lucknow,55,19790,842,11,Rain,Morning,Weekday,Highway,1
Bangalore,56,1637,833,6,Rain,Morning,Weekday,Street,0
Chennai,68,18333,1317,1,Clear,Night,Weekend,Highway,0
Jaipur,44,11096,1600,2,Fog,Evening,Weekday,Street,1
Ahmedabad,31,4587,275,8,Clear,Night,Weekday,Highway,0
Bangalore,58,2111,514,3,Fog,Afternoon,Weekend,Main Road,0
Hyderabad,53,9367,692,4,Clear,Evening,Weekday,Street,0
Pune,79,1722,1780,8,Clear,Morning,Weekday,Street,0
Lucknow,23,5866,342,6,Clear,Morning,Weekday,Highway,0
Delhi,28,11139,770,7,Fog,Morning,Weekday,Main Road,1
Hyderabad,16,18086,1454,10,Clear,Night,Weekend,Highway,0
Hyderabad,37,3128,1698,2,Rain,Afternoon,Weekend,Main Road,0
Pune,21,10118,805,10,Fog,Evening,Weekend,Highway,1
Kolkata,79,3517,215,10,Rain,Evening,Weekday,Street,0
Pune,17,18533,1776,3,Clear,Night,Weekend,Main Road,0
Kolkata,37,15228,818,6,Clear,Afternoon,Weekday,Main Road,0
Kolkata,77,15179,1912,3,Rain,Evening,Weekday,Highway,1
Chennai,19,19262,1291,1,Clear,Night,Weekend,Main Road,0
Chennai,30,10675,1056,9,Fog,Afternoon,Weekend,Highway,1
Mumbai,45,1309,920,5,Rain,Afternoon,Weekend,Main Road,0
Jaipur,18,4952,1348,8,Fog,Evening,Weekday,Highway,1
Jaipur,78,14871,1125,1,Fog,Evening,Weekday,Highway,1
Delhi,62,10692,1447,0,Fog,Afternoon,Weekday,Highway,0
Jaipur,36,1015,1743,7,Clear,Evening,Weekday,Street,1
Chennai,52,17989,1436,0,Clear,Night,Weekend,Main Road,0
Mumbai,19,17005,616,0,Rain,Afternoon,Weekend,Street,0
Mumbai,44,15278,1087,2,Rain,Evening,Weekday,Street,1
Kolkata,7,15817,1854,4,Fog,Evening,Weekday,Street,1
Pune,44,10759,1413,11,Clear,Night,Weekend,Street,0
Delhi,68,16664,651,8,Clear,Evening,Weekend,Main Road,1
Kolkata,34,7412,1612,10,Clear,Evening,Weekday,Main Road,1
Pune,66,11196,1162,9,Rain,Evening,Weekend,Street,1
Jaipur,69,9507,954,1,Clear,Morning,Weekday,Main Road,0
Kolkata,55,5820,90,11,Fog,Night,Weekday,Main Road,0
Bangalore,10,8835,1377,11,Fog,Night,Weekday,Highway,1
Jaipur,42,2849,1341,0,Fog,Morning,Weekday,Main Road,0
Pune,41,14587,1211,0,Clear,Night,Weekend,Street,0
Delhi,77,2953,1079,7,Fog,Evening,Weekend,Main Road,1
Pune,69,13731,291,9,Fog,Evening,Weekday,Street,1
Kolkata,10,7840,211,9,Rain,Evening,Weekday,Main Road,1
Kolkata,10,6066,1068,9,Rain,Night,Weekday,Street,0
Hyderabad,60,3415,741,1,Clear,Night,Weekday,Main Road,0
Delhi,51,3389,858,8,Clear,Afternoon,Weekday,Main Road,0
Ahmedabad,21,17211,1028,8,Clear,Morning,Weekend,Main Road,1
Jaipur,8,1763,567,1,Clear,Night,Weekday,Street,0
Mumbai,65,18199,947,2,Clear,Afternoon,Weekend,Highway,0
Delhi,78,7255,832,1,Rain,Morning,Weekday,Street,0
Mumbai,30,18261,1474,5,Rain,Morning,Weekday,Main Road,1
Delhi,49,8173,833,6,Rain,Evening,Weekday,Street,1
Delhi,9,11518,1229,11,Fog,Evening,Weekday,Main Road,1
Pune,17,11252,134,5,Fog,Afternoon,Weekend,Main Road,0
Delhi,69,13447,1785,2,Rain,Afternoon,Weekend,Highway,1
Hyderabad,58,16089,1083,11,Rain,Evening,Weekend,Main Road,1
Ahmedabad,57,10395,187,2,Clear,Evening,Weekday,Main Road,0
Kolkata,62,13067,803,11,Rain,Morning,Weekend,Main Road,1
Lucknow,52,6287,955,1,Clear,Morning,Weekday,Highway,0
Mumbai,61,14461,762,1,Rain,Night,Weekday,Street,0
Kolkata,40,14402,205,10,Clear,Evening,Weekend,Highway,0
Lucknow,38,8433,457,11,Rain,Morning,Weekday,Street,1
Ahmedabad,43,12284,836,4,Clear,Afternoon,Weekday,Main Road,0
Ahmedabad,63,5826,1298,10,Fog,Morning,Weekend,Street,1
Mumbai,19,4664,629,10,Fog,Evening,Weekend,Street,1
Mumbai,50,11528,1257,7,Clear,Morning,Weekday,Street,1
Ahmedabad,33,1497,1268,5,Clear,Evening,Weekend,Street,0
Lucknow,13,8641,603,8,Fog,Morning,Weekend,Main Road,1
Delhi,78,5643,445,10,Rain,Night,Weekend,Highway,0
Jaipur,62,6056,1987,4,Clear,Night,Weekday,Street,0
Bangalore,43,1131,1736,9,Rain,Afternoon,Weekday,Main Road,0
Kolkata,49,6443,1669,3,Fog,Afternoon,Weekend,Main Road,0
Pune,36,18241,1207,8,Fog,Evening,Weekday,Main Road,1
Kolkata,10,14443,1382,11,Clear,Evening,Weekday,Main Road,1
Pune,6,9712,1939,9,Rain,Evening,Weekend,Street,1
Lucknow,57,9221,859,10,Fog,Morning,Weekend,Highway,1
Pune,1,16660,1011,4,Rain,Morning,Weekend,Main Road,1
Mumbai,71,7147,591,0,Fog,Morning,Weekday,Highway,0
Jaipur,58,12588,1082,4,Clear,Afternoon,Weekday,Highway,0
Jaipur,21,5604,1036,4,Rain,Evening,Weekday,Highway,0
Mumbai,56,10452,219,4,Rain,Morning,Weekday,Main Road,0
Hyderabad,20,18942,339,1,Clear,Afternoon,Weekend,Main Road,0
Lucknow,54,17399,1241,5,Clear,Night,Weekend,Main Road,0
Hyderabad,25,4605,1417,4,Clear,Evening,Weekend,Highway,0
Hyderabad,28,14284,1570,1,Clear,Night,Weekend,Main Road,0
Kolkata,5,2607,1218,11,Fog,Afternoon,Weekend,Main Road,0
Ahmedabad,21,12709,1486,9,Rain,Evening,Weekday,Highway,1
Kolkata,18,3016,789,7,Fog,Morning,Weekend,Main Road,0
Ahmedabad,47,4574,1891,5,Clear,Afternoon,Weekday,Street,0
Bangalore,70,14541,637,10,Fog,Night,Weekday,Street,1
Pune,57,8274,784,9,Fog,Night,Weekend,Street,0
Ahmedabad,19,10935,1762,11,Rain,Night,Weekday,Street,1
Mumbai,65,16748,506,10,Rain,Afternoon,Weekday,Highway,1
Kolkata,3,7406,750,2,Rain,Afternoon,Weekend,Main Road,0
Lucknow,42,12826,1028,8,Clear,Evening,Weekday,Street,1
Pune,21,18472,1375,10,Clear,Evening,Weekend,Street,1
Bangalore,40,2361,95,10,Rain,Night,Weekend,Main Road,0
Ahmedabad,67,5473,1967,3,Fog,Afternoon,Weekday,Highway,0
Bangalore,25,8319,1090,2,Rain,Evening,Weekday,Street,1
Lucknow,55,9667,1651,6,Clear,Afternoon,Weekend,Main Road,0
Hyderabad,52,10481,1433,11,Fog,Morning,Weekday,Main Road,1
Jaipur,44,9520,1334,7,Clear,Afternoon,Weekend,Street,0
Lucknow,56,18570,1196,6,Rain,Night,Weekend,Street,1
Chennai,55,4536,280,0,Rain,Afternoon,Weekend,Main Road,0
Lucknow,70,2773,999,0,Fog,Night,Weekend,Main Road,0
Bangalore,77,11255,686,4,Rain,Evening,Weekend,Street,1
Mumbai,73,3558,161,7,Clear,Evening,Weekend,Street,0
Kolkata,66,6079,1857,9,Clear,Evening,Weekday,Street,1
Mumbai,19,15341,642,10,Clear,Morning,Weekend,Street,1
Bangalore,7,10981,1319,2,Fog,Night,Weekday,Highway,0
Kolkata,63,4524,908,7,Clear,Morning,Weekday,Main Road,0
Chennai,42,9998,440,2,Rain,Morning,Weekday,Street,0
Jaipur,42,14697,441,3,Fog,Evening,Weekend,Main Road,1
Pune,59,14606,377,9,Clear,Night,Weekend,Street,0
Bangalore,20,14429,1288,6,Clear,Afternoon,Weekday,Highway,0
Ahmedabad,73,17039,1937,2,Rain,Afternoon,Weekend,Main Road,1
Bangalore,17,8140,796,3,Rain,Night,Weekday,Highway,0
Bangalore,27,9785,416,7,Fog,Afternoon,Weekend,Main Road,0
Kolkata,47,15901,131,3,Clear,Evening,Weekend,Highway,0
Delhi,2,4280,855,8,Clear,Evening,Weekend,Street,0
Lucknow,63,3212,871,3,Rain,Morning,Weekday,Street,0
Delhi,62,16213,1149,3,Fog,Evening,Weekday,Highway,1
Chennai,19,9078,1600,4,Rain,Afternoon,Weekday,Street,1
Ahmedabad,17,16936,1805,0,Rain,Morning,Weekend,Highway,1
Jaipur,69,17997,1576,6,Fog,Night,Weekend,Highway,1
Hyderabad,39,15274,1815,8,Clear,Night,Weekday,Main Road,1
Chennai,71,1868,1001,11,Clear,Morning,Weekday,Highway,0
Hyderabad,39,18195,1552,8,Clear,Evening,Weekday,Main Road,1
Hyderabad,36,17042,421,0,Fog,Morning,Weekend,Highway,0
Jaipur,40,16407,1338,5,Fog,Morning,Weekday,Main Road,1
Mumbai,45,17254,313,2,Fog,Evening,Weekend,Main Road,1
Delhi,4,2744,159,3,Fog,Night,Weekend,Street,0
Bangalore,25,3256,1988,7,Fog,Morning,Weekday,Main Road,1
Pune,69,12859,356,3,Rain,Night,Weekend,Main Road,0
Hyderabad,30,6423,1273,7,Clear,Afternoon,Weekend,Highway,0
Ahmedabad,76,6089,275,3,Fog,Evening,Weekend,Main Road,0
Chennai,68,7608,234,8,Clear,Afternoon,Weekend,Street,0
Mumbai,29,10717,1013,5,Fog,Night,Weekday,Highway,0
Hyderabad,73,18853,80,0,Clear,Afternoon,Weekend,Main Road,0
Mumbai,68,18897,663,9,Rain,Afternoon,Weekday,Highway,1
Mumbai,51,5876,1844,1,Clear,Afternoon,Weekend,Highway,0
Hyderabad,24,18835,148,6,Clear,Morning,Weekday,Highway,0
Kolkata,14,4007,1412,9,Fog,Morning,Weekend,Highway,1
Lucknow,69,15325,860,6,Clear,Evening,Weekday,Highway,1
Ahmedabad,18,4124,1870,2,Rain,Night,Weekend,Main Road,0
Bangalore,42,2753,1339,0,Rain,Night,Weekday,Highway,0
Bangalore,57,18996,701,7,Rain,Evening,Weekday,Highway,1
Ahmedabad,12,4275,863,9,Fog,Night,Weekday,Street,0
Kolkata,17,9747,1871,10,Fog,Night,Weekend,Street,1
Bangalore,30,13443,1423,10,Fog,Afternoon,Weekend,Highway,1
Mumbai,75,19433,1069,9,Fog,Afternoon,Weekday,Main Road,1
Jaipur,23,1824,1027,6,Fog,Night,Weekend,Street,0
Chennai,1,14880,1801,9,Rain,Evening,Weekday,Street,1
Delhi,79,12041,1617,7,Clear,Evening,Weekday,Highway,1
Bangalore,32,2081,1530,0,Rain,Night,Weekend,Main Road,0
Ahmedabad,9,12517,1888,2,Fog,Evening,Weekend,Main Road,1
Jaipur,15,17876,137,1,Rain,Evening,Weekend,Street,1
Hyderabad,28,5764,1136,0,Clear,Afternoon,Weekend,Street,0
Lucknow,24,9266,971,4,Fog,Evening,Weekend,Street,1
Ahmedabad,60,12183,1460,2,Rain,Morning,Weekend,Street,1
Mumbai,35,17712,1864,9,Rain,Afternoon,Weekday,Street,1
Lucknow,27,13877,1532,7,Clear,Morning,Weekday,Highway,1
Chennai,76,10982,635,5,Fog,Night,Weekday,Highway,0
Chennai,20,9968,867,9,Fog,Evening,Weekend,Highway,1
Kolkata,65,15639,981,8,Clear,Morning,Weekday,Street,1
Pune,49,5674,1709,8,Clear,Evening,Weekend,Highway,0
Kolkata,1,5316,1342,10,Clear,Morning,Weekend,Street,0
Jaipur,10,16314,1967,5,Clear,Afternoon,Weekend,Main Road,1
Lucknow,47,10695,846,1,Fog,Night,Weekday,Main Road,0
Pune,59,16814,1068,8,Fog,Morning,Weekday,Highway,1
Hyderabad,62,9379,1062,1,Rain,Afternoon,Weekend,Main Road,0
Mumbai,18,2214,1022,2,Rain,Night,Weekday,Main Road,0
Lucknow,46,12638,682,5,Rain,Morning,Weekend,Main Road,0
Kolkata,32,11713,395,1,Fog,Morning,Weekend,Highway,0
Delhi,27,16977,773,4,Fog,Afternoon,Weekday,Main Road,1
Pune,18,13071,950,1,Fog,Night,Weekend,Highway,0
Pune,39,4136,1733,11,Rain,Night,Weekend,Street,0
Mumbai,49,7618,1151,3,Clear,Afternoon,Weekend,Street,0
Bangalore,44,6265,1438,10,Clear,Evening,Weekend,Highway,0
Chennai,72,8965,1087,10,Clear,Afternoon,Weekday,Highway,0
Chennai,54,10597,185,2,Clear,Night,Weekday,Main Road,0
Delhi,34,9708,1377,4,Clear,Afternoon,Weekend,Street,0
Jaipur,71,7569,446,5,Fog,Evening,Weekend,Main Road,0
Jaipur,36,18875,841,6,Rain,Afternoon,Weekend,Street,1
Hyderabad,18,6213,128,9,Clear,Afternoon,Weekday,Main Road,0
Lucknow,38,12881,1828,7,Clear,Morning,Weekday,Main Road,1
Ahmedabad,59,5228,754,8,Clear,Evening,Weekday,Street,0
Bangalore,9,5409,1031,3,Fog,Night,Weekday,Main Road,0
Kolkata,73,1590,1491,3,Clear,Evening,Weekday,Street,0
Ahmedabad,72,19590,1315,6,Rain,Night,Weekend,Highway,1
Ahmedabad,51,3708,1124,11,Fog,Night,Weekday,Main Road,0
Pune,35,6981,793,9,Fog,Morning,Weekday,Street,1
Delhi,5,13221,1844,9,Fog,Evening,Weekend,Street,1
Chennai,14,18131,433,10,Clear,Morning,Weekday,Main Road,1
Hyderabad,30,14785,424,8,Clear,Afternoon,Weekend,Street,0
Jaipur,4,7553,1803,10,Clear,Evening,Weekend,Main Road,1
Delhi,39,18881,255,1,Clear,Afternoon,Weekday,Main Road,0
Pune,64,2379,1899,10,Rain,Evening,Weekday,Highway,1
Kolkata,25,8360,538,5,Fog,Night,Weekday,Highway,0
Hyderabad,28,4770,1454,9,Clear,Afternoon,Weekday,Highway,0
Pune,76,15449,930,9,Rain,Evening,Weekend,Main Road,1
Chennai,66,10088,1384,7,Fog,Evening,Weekend,Main Road,1
Chennai,78,2546,1448,4,Fog,Afternoon,Weekday,Street,0
Chennai,22,7208,681,4,Fog,Morning,Weekend,Highway,0
Delhi,31,17350,641,7,Clear,Evening,Weekend,Highway,1
Delhi,23,9875,1115,0,Fog,Morning,Weekend,Street,1
Jaipur,48,2295,582,5,Clear,Morning,Weekday,Highway,0
Jaipur,20,16861,571,9,Rain,Morning,Weekend,Highway,1
Kolkata,38,14973,874,8,Fog,Morning,Weekend,Highway,1
Hyderabad,55,18769,1226,11,Rain,Morning,Weekend,Street,1
Mumbai,68,15481,1385,5,Clear,Night,Weekday,Highway,0
Mumbai,79,18326,1367,6,Clear,Morning,Weekend,Main Road,1
Pune,1,4280,647,3,Clear,Night,Weekend,Highway,0
Chennai,7,14597,162,11,Fog,Evening,Weekend,Main Road,1
Hyderabad,57,18417,1774,9,Fog,Night,Weekend,Highway,1
Ahmedabad,12,3786,1185,0,Rain,Night,Weekend,Main Road,0
Delhi,5,3233,1248,8,Clear,Morning,Weekend,Highway,0
Lucknow,50,2620,1895,11,Rain,Evening,Weekend,Main Road,1
Bangalore,42,4535,1375,5,Clear,Evening,Weekday,Main Road,0
Kolkata,12,3882,1589,2,Clear,Evening,Weekday,Highway,0
Chennai,18,17554,783,3,Rain,Afternoon,Weekday,Street,1
Chennai,66,10745,1294,9,Clear,Night,Weekday,Highway,0
Chennai,74,4897,1244,11,Rain,Morning,Weekday,Street,1
Delhi,79,16861,367,5,Fog,Afternoon,Weekday,Street,1
Delhi,17,3837,1045,5,Rain,Morning,Weekend,Street,0
Bangalore,68,9599,262,11,Rain,Afternoon,Weekday,Street,0
Ahmedabad,71,16911,302,8,Clear,Evening,Weekday,Street,1
Hyderabad,62,7721,173,3,Rain,Afternoon,Weekday,Street,0
Chennai,41,18063,1713,4,Fog,Evening,Weekday,Highway,1
Mumbai,34,6487,1286,4,Fog,Afternoon,Weekend,Main Road,0
Jaipur,70,16121,673,2,Fog,Morning,Weekend,Main Road,1
Mumbai,45,1236,1158,1,Fog,Morning,Weekend,Highway,0
Pune,58,12629,1589,7,Rain,Afternoon,Weekend,Highway,1
Mumbai,51,12549,1138,9,Fog,Night,Weekday,Highway,1
Pune,34,3423,1391,8,Rain,Night,Weekend,Street,0
Lucknow,44,13906,1419,9,Rain,Afternoon,Weekday,Street,1
Jaipur,15,15988,1705,10,Clear,Night,Weekend,Main Road,1
Mumbai,78,2032,1316,8,Rain,Morning,Weekday,Highway,0
Lucknow,70,7339,947,4,Rain,Night,Weekday,Main Road,0
Kolkata,50,3940,1210,10,Clear,Afternoon,Weekend,Main Road,0
Hyderabad,32,13262,296,8,Fog,Night,Weekend,Street,0
Lucknow,67,12652,490,3,Fog,Afternoon,Weekend,Street,0
Hyderabad,3,5942,94,1,Rain,Morning,Weekend,Main Road,0
Mumbai,74,7961,707,2,Clear,Evening,Weekend,Street,0
Ahmedabad,51,8730,929,0,Rain,Morning,Weekend,Street,0
Lucknow,67,1633,1761,4,Rain,Morning,Weekend,Street,0
Jaipur,76,7822,1066,0,Fog,Afternoon,Weekday,Main Road,0
Mumbai,48,7487,603,11,Clear,Morning,Weekend,Main Road,0
Chennai,17,16131,858,10,Rain,Morning,Weekday,Main Road,1
Delhi,7,6738,1020,0,Fog,Night,Weekday,Highway,0
Lucknow,13,4098,1162,10,Rain,Afternoon,Weekend,Main Road,0
Jaipur,66,9097,779,10,Fog,Night,Weekday,Street,1
Kolkata,4,14136,1070,6,Clear,Afternoon,Weekend,Main Road,0
Chennai,10,6476,1003,1,Rain,Night,Weekday,Highway,0
Kolkata,17,9253,1301,7,Clear,Night,Weekend,Street,0
Mumbai,52,19201,1883,5,Fog,Evening,Weekend,Main Road,1
Delhi,6,5887,1364,3,Clear,Morning,Weekend,Main Road,0
Lucknow,69,19982,1495,8,Clear,Night,Weekend,Street,1
Lucknow,74,12643,1140,9,Clear,Evening,Weekend,Main Road,1
Ahmedabad,9,10492,1324,7,Rain,Night,Weekday,Highway,0
Ahmedabad,77,3653,1114,9,Fog,Night,Weekend,Street,0
Mumbai,21,2454,148,2,Clear,Evening,Weekend,Main Road,0
Mumbai,24,18522,1379,2,Rain,Evening,Weekday,Street,1
Delhi,4,6807,921,3,Fog,Evening,Weekend,Main Road,1
Ahmedabad,24,4192,1927,8,Fog,Morning,Weekday,Main Road,1
Jaipur,59,13812,1529,8,Fog,Morning,Weekend,Street,1
Jaipur,3,16775,1664,4,Clear,Night,Weekday,Main Road,0
Delhi,68,11402,350,11,Clear,Morning,Weekend,Main Road,0
Jaipur,40,14074,1272,8,Clear,Evening,Weekend,Street,1
Pune,48,16245,1732,5,Fog,Afternoon,Weekday,Main Road,1
Hyderabad,54,4759,537,7,Fog,Morning,Weekday,Main Road,0
Delhi,35,16683,1179,10,Clear,Evening,Weekday,Street,1
Delhi,56,13460,1474,7,Clear,Evening,Weekday,Highway,1
Bangalore,40,17447,1778,11,Fog,Evening,Weekday,Highway,1
Chennai,77,16460,1054,9,Fog,Evening,Weekend,Highway,1
Chennai,68,18729,526,6,Rain,Night,Weekend,Highway,0
Pune,46,18358,1195,3,Rain,Evening,Weekday,Highway,1
Ahmedabad,78,10814,1150,3,Clear,Evening,Weekday,Highway,0
Mumbai,13,14890,1385,5,Fog,Night,Weekday,Street,1
Mumbai,27,2740,1185,8,Fog,Morning,Weekend,Street,1
Kolkata,6,12218,910,6,Rain,Afternoon,Weekend,Street,1
Pune,17,7055,858,4,Fog,Night,Weekday,Main Road,0
Delhi,36,2954,1755,4,Clear,Night,Weekend,Highway,0
Pune,2,17663,567,7,Rain,Morning,Weekday,Highway,1
Pune,77,19775,1270,5,Fog,Morning,Weekend,Street,1
Pune,52,10232,1171,0,Fog,Evening,Weekday,Main Road,1
Chennai,66,7439,508,0,Clear,Morning,Weekday,Main Road,0
Pune,52,1961,1914,8,Fog,Afternoon,Weekend,Street,1
Hyderabad,43,18601,279,7,Rain,Night,Weekend,Highway,0
Mumbai,22,7007,1241,5,Rain,Afternoon,Weekday,Main Road,0
Kolkata,55,18776,1882,0,Fog,Evening,Weekday,Highway,1
Hyderabad,67,3076,1850,1,Fog,Afternoon,Weekend,Main Road,0
Kolkata,60,7196,57,9,Fog,Evening,Weekday,Highway,0
Bangalore,58,17292,1245,2,Fog,Afternoon,Weekday,Main Road,1
Kolkata,12,11315,1433,9,Rain,Night,Weekday,Highway,0
Mumbai,69,12785,244,11,Clear,Afternoon,Weekday,Highway,0
Mumbai,39,9142,1342,2,Rain,Morning,Weekday,Highway,0
Pune,13,7260,1092,1,Fog,Afternoon,Weekday,Street,0
Lucknow,41,16534,403,11,Fog,Night,Weekend,Highway,0
Bangalore,57,5841,1937,1,Rain,Evening,Weekend,Highway,1
Delhi,53,14384,1122,5,Rain,Afternoon,Weekday,Main Road,1
Jaipur,12,18443,513,6,Fog,Afternoon,Weekday,Main Road,1
Kolkata,13,2922,405,3,Rain,Morning,Weekend,Street,0
Lucknow,74,12991,899,0,Fog,Evening,Weekday,Main Road,1
Pune,57,7101,1023,5,Rain,Evening,Weekend,Highway,0
Chennai,40,3473,1231,6,Fog,Evening,Weekend,Street,1
Delhi,45,9108,115,3,Rain,Night,Weekday,Street,0
Ahmedabad,35,16450,908,5,Fog,Night,Weekday,Street,1
Lucknow,3,11043,620,8,Clear,Morning,Weekday,Highway,0
Chennai,5,17210,1894,3,Clear,Afternoon,Weekend,Highway,1
Bangalore,11,5549,357,11,Rain,Night,Weekend,Main Road,0
Pune,71,1594,1410,9,Clear,Evening,Weekday,Main Road,0
Delhi,56,17890,1744,3,Fog,Afternoon,Weekday,Main Road,1
Delhi,10,5889,832,9,Rain,Afternoon,Weekday,Street,0
Delhi,34,9212,170,11,Rain,Afternoon,Weekend,Highway,0
Bangalore,67,18783,815,4,Fog,Morning,Weekday,Main Road,1
Kolkata,72,4201,1477,2,Fog,Night,Weekend,Highway,0
Ahmedabad,31,8854,822,9,Fog,Night,Weekday,Street,0
Bangalore,75,7763,1720,1,Rain,Afternoon,Weekday,Highway,0
Jaipur,71,11653,1859,8,Fog,Morning,Weekend,Highway,1
Ahmedabad,66,6190,1641,0,Clear,Morning,Weekend,Street,0
Mumbai,70,14715,1916,4,Rain,Night,Weekend,Main Road,1
Pune,41,6681,145,4,Fog,Night,Weekend,Highway,0
Bangalore,63,4678,1187,7,Rain,Morning,Weekend,Highway,0
Chennai,32,15102,1036,5,Clear,Evening,Weekend,Street,1
Ahmedabad,20,17720,1942,5,Clear,Morning,Weekday,Highway,1
Jaipur,57,2667,1502,5,Fog,Evening,Weekend,Highway,1
Mumbai,50,18293,589,3,Rain,Night,Weekday,Highway,0
Kolkata,25,9204,1891,0,Fog,Morning,Weekday,Street,1
Chennai,12,6122,51,2,Rain,Morning,Weekday,Highway,0
Ahmedabad,71,12217,1285,9,Fog,Morning,Weekend,Street,1
Pune,39,16583,629,11,Fog,Morning,Weekend,Main Road,1
Chennai,17,1973,1713,10,Rain,Afternoon,Weekday,Highway,0
Mumbai,45,2408,382,5,Rain,Afternoon,Weekday,Street,0
Chennai,11,11135,1097,4,Clear,Night,Weekday,Street,0
Hyderabad,70,19672,1838,9,Clear,Night,Weekend,Highway,1
Lucknow,23,9738,1441,0,Rain,Morning,Weekday,Street,1
Kolkata,70,15349,791,4,Clear,Afternoon,Weekend,Main Road,0
Mumbai,38,2218,555,1,Clear,Night,Weekday,Main Road,0
Chennai,2,18804,1049,0,Rain,Evening,Weekend,Main Road,1
Lucknow,79,4377,1249,3,Rain,Afternoon,Weekend,Main Road,0
Lucknow,72,11964,1502,5,Rain,Afternoon,Weekday,Street,1
Chennai,37,5098,1960,6,Fog,Afternoon,Weekend,Street,1
Pune,49,8619,782,8,Rain,Morning,Weekday,Main Road,1
Hyderabad,52,12939,1515,4,Rain,Evening,Weekday,Main Road,1
Bangalore,33,19226,1621,7,Rain,Morning,Weekday,Main Road,1
Hyderabad,22,17878,563,7,Clear,Night,Weekday,Main Road,0
Chennai,5,7560,944,10,Rain,Evening,Weekday,Main Road,1
Kolkata,18,6510,410,8,Clear,Morning,Weekend,Street,0
Bangalore,38,4444,323,2,Fog,Afternoon,Weekday,Main Road,0
Mumbai,37,8543,226,2,Rain,Evening,Weekend,Main Road,0
Hyderabad,64,13429,1337,8,Rain,Afternoon,Weekday,Highway,1
Chennai,10,8253,1259,6,Clear,Night,Weekday,Street,0
Hyderabad,79,14775,576,3,Fog,Evening,Weekend,Main Road,1
Bangalore,42,1045,962,0,Rain,Night,Weekday,Street,0
Jaipur,48,16597,328,6,Fog,Night,Weekday,Highway,0
Ahmedabad,44,3057,755,9,Fog,Night,Weekend,Highway,0
Hyderabad,16,1663,1271,5,Rain,Evening,Weekend,Main Road,0
Mumbai,54,5668,1422,2,Fog,Night,Weekday,Main Road,0
Mumbai,35,19413,1996,4,Fog,Morning,Weekday,Main Road,1
Delhi,28,6717,1494,2,Rain,Morning,Weekday,Main Road,0
Hyderabad,2,3696,1378,7,Clear,Night,Weekday,Highway,0
Ahmedabad,13,14200,113,4,Rain,Afternoon,Weekday,Street,0
Pune,41,17101,339,9,Fog,Night,Weekday,Main Road,1
Lucknow,59,9831,67,9,Rain,Night,Weekday,Street,0
Ahmedabad,69,6004,113,5,Clear,Afternoon,Weekday,Main Road,0
Lucknow,53,14156,1947,1,Fog,Evening,Weekday,Main Road,1
Lucknow,45,5402,379,7,Fog,Evening,Weekend,Highway,0
Jaipur,20,11787,1943,8,Clear,Night,Weekend,Main Road,0
Delhi,24,15662,812,2,Clear,Morning,Weekday,Main Road,0
Ahmedabad,61,6912,1090,5,Fog,Morning,Weekend,Main Road,1
Ahmedabad,58,1394,492,5,Clear,Morning,Weekend,Highway,0
Jaipur,27,15635,190,1,Rain,Night,Weekday,Street,0
Hyderabad,26,4597,1381,9,Clear,Morning,Weekend,Highway,0
Hyderabad,7,11524,493,7,Rain,Morning,Weekend,Main Road,0
Hyderabad,42,1329,545,4,Fog,Evening,Weekend,Main Road,0
Kolkata,47,18156,475,10,Fog,Night,Weekend,Main Road,1
Lucknow,53,2645,1548,10,Fog,Evening,Weekend,Street,1
Kolkata,59,19171,1905,7,Fog,Afternoon,Weekday,Street,1
Delhi,38,10815,1318,7,Fog,Evening,Weekday,Main Road,1
Jaipur,69,18383,499,11,Clear,Night,Weekend,Main Road,0
Ahmedabad,53,2848,1875,2,Clear,Morning,Weekend,Street,0
Lucknow,15,2561,400,4,Fog,Night,Weekend,Highway,0
Kolkata,26,1773,648,6,Clear,Evening,Weekday,Highway,0
Kolkata,48,8311,760,4,Clear,Night,Weekend,Street,0
Chennai,19,16203,919,5,Fog,Night,Weekday,Street,1
Kolkata,9,19187,1234,1,Clear,Evening,Weekend,Main Road,1
Pune,64,10290,1213,7,Fog,Evening,Weekend,Street,1
Ahmedabad,54,3050,1566,4,Fog,Afternoon,Weekday,Street,0
Pune,51,18131,1661,5,Fog,Afternoon,Weekday,Main Road,1
Ahmedabad,39,4973,1604,0,Fog,Evening,Weekday,Street,1
Jaipur,4,2615,442,9,Clear,Night,Weekend,Main Road,0
Ahmedabad,3,15550,891,1,Clear,Evening,Weekend,Highway,0
Pune,64,11494,450,10,Rain,Morning,Weekday,Highway,0
Ahmedabad,29,6506,99,3,Rain,Afternoon,Weekend,Highway,0
Jaipur,11,14054,793,10,Fog,Morning,Weekday,Main Road,1
Jaipur,58,14861,1368,8,Rain,Night,Weekday,Highway,1
Delhi,75,12587,1498,5,Clear,Morning,Weekend,Highway,0
Ahmedabad,27,14515,955,7,Clear,Evening,Weekend,Main Road,1
Chennai,21,6854,1085,1,Rain,Evening,Weekend,Main Road,0
Hyderabad,39,17600,1408,9,Rain,Evening,Weekend,Highway,1
Mumbai,46,18743,1040,4,Clear,Morning,Weekend,Highway,0
Jaipur,66,4774,1088,11,Rain,Morning,Weekend,Highway,0
Bangalore,36,5927,77,11,Clear,Morning,Weekend,Street,0
Hyderabad,75,5429,437,0,Clear,Evening,Weekday,Main Road,0
Lucknow,65,5606,1365,3,Rain,Evening,Weekday,Main Road,1
Ahmedabad,63,5478,1960,9,Rain,Evening,Weekend,Main Road,1
Pune,35,17076,882,0,Fog,Morning,Weekday,Main Road,1
Mumbai,31,19280,299,10,Fog,Morning,Weekday,Highway,1
Bangalore,28,8366,1578,10,Fog,Night,Weekday,Main Road,1
Hyderabad,1,5427,147,8,Fog,Afternoon,Weekday,Street,0
Ahmedabad,25,14476,1888,1,Fog,Evening,Weekend,Street,1
Delhi,43,6361,1410,6,Clear,Morning,Weekday,Highway,0
Lucknow,67,1641,1112,2,Rain,Afternoon,Weekday,Highway,0
Mumbai,63,11085,1111,1,Clear,Morning,Weekend,Main Road,0
Chennai,51,5050,1373,3,Fog,Morning,Weekday,Highway,0
Delhi,2,5553,228,6,Fog,Evening,Weekday,Highway,0
Bangalore,64,19688,1682,6,Rain,Afternoon,Weekend,Highway,1
Mumbai,74,4343,941,8,Clear,Morning,Weekday,Street,0
Delhi,69,3056,1542,11,Fog,Afternoon,Weekend,Main Road,1
Lucknow,9,10416,1355,2,Fog,Afternoon,Weekend,Highway,0
Chennai,2,8226,799,6,Fog,Evening,Weekend,Main Road,1
Delhi,34,1886,1237,5,Fog,Afternoon,Weekday,Main Road,0
Kolkata,60,9584,502,9,Clear,Night,Weekday,Main Road,0
Chennai,61,19830,146,6,Clear,Night,Weekend,Street,0
Bangalore,31,12530,1842,6,Fog,Evening,Weekend,Main Road,1
Lucknow,10,4591,358,9,Clear,Evening,Weekend,Main Road,0
Ahmedabad,76,19565,311,4,Fog,Night,Weekday,Highway,0
Pune,36,17738,342,8,Rain,Evening,Weekday,Highway,1
Pune,49,3631,1843,6,Rain,Afternoon,Weekend,Street,0
Pune,70,18905,298,6,Rain,Morning,Weekday,Main Road,1
Mumbai,49,12370,294,11,Clear,Evening,Weekday,Street,1
Bangalore,3,19721,300,2,Fog,Night,Weekend,Main Road,0
Lucknow,74,18012,172,0,Rain,Morning,Weekday,Street,1
Chennai,5,3679,374,4,Rain,Afternoon,Weekday,Main Road,0
Mumbai,61,5422,1035,7,Clear,Morning,Weekend,Highway,0
Bangalore,26,8463,1754,4,Clear,Night,Weekday,Street,0
Ahmedabad,72,10613,550,9,Rain,Morning,Weekday,Highway,0
Kolkata,5,18510,736,2,Fog,Night,Weekday,Main Road,1
Lucknow,15,2780,1854,8,Fog,Evening,Weekend,Street,1
Pune,16,10424,1789,1,Fog,Evening,Weekday,Highway,1
Delhi,1,7571,1910,2,Rain,Night,Weekday,Highway,0
Lucknow,16,1825,1139,11,Clear,Evening,Weekday,Highway,0
Jaipur,37,12155,1900,3,Fog,Afternoon,Weekday,Main Road,1
Bangalore,3,3395,885,9,Rain,Morning,Weekday,Street,0
Hyderabad,52,5145,108,0,Rain,Night,Weekend,Highway,0
Ahmedabad,47,16779,780,10,Clear,Night,Weekday,Main Road,0
Kolkata,13,6492,1571,3,Fog,Night,Weekend,Main Road,0
Ahmedabad,55,8111,1446,3,Rain,Afternoon,Weekday,Main Road,0
Lucknow,21,14087,315,8,Fog,Afternoon,Weekend,Street,1
Hyderabad,66,10984,1726,7,Fog,Afternoon,Weekend,Main Road,1
Jaipur,54,7792,285,1,Fog,Night,Weekday,Main Road,0
Chennai,27,8711,947,6,Rain,Afternoon,Weekend,Street,0
Delhi,38,2565,267,5,Fog,Evening,Weekday,Street,0
Hyderabad,58,4667,1600,6,Clear,Morning,Weekend,Main Road,0
Bangalore,62,7459,1887,10,Rain,Evening,Weekday,Main Road,1
Pune,46,5096,1514,3,Rain,Evening,Weekday,Highway,1
Jaipur,11,2019,1723,4,Fog,Afternoon,Weekday,Street,0
Delhi,72,10476,1479,5,Fog,Night,Weekday,Street,1
Kolkata,8,9254,1817,8,Fog,Evening,Weekend,Highway,1
Pune,71,12584,1674,1,Rain,Morning,Weekday,Main Road,1
Lucknow,64,6965,1024,10,Clear,Afternoon,Weekday,Main Road,0
Hyderabad,21,12464,638,8,Clear,Evening,Weekday,Main Road,1
Delhi,72,19653,1721,9,Rain,Afternoon,Weekend,Main Road,1
Mumbai,63,13439,966,0,Clear,Morning,Weekday,Highway,0
Chennai,64,5721,1542,3,Fog,Afternoon,Weekend,Street,0
Chennai,20,9408,967,11,Rain,Night,Weekend,Street,0
Jaipur,8,1195,1183,4,Clear,Evening,Weekday,Main Road,0
Kolkata,58,4273,402,8,Rain,Evening,Weekend,Highway,0
Jaipur,46,16330,1886,5,Clear,Night,Weekday,Main Road,1
Mumbai,31,11886,140,3,Rain,Morning,Weekend,Main Road,0
Bangalore,9,4212,1955,1,Clear,Morning,Weekday,Highway,0
Kolkata,15,3755,1991,4,Rain,Afternoon,Weekday,Highway,0
Ahmedabad,26,18905,1487,7,Rain,Evening,Weekday,Street,1
Bangalore,10,2080,751,7,Rain,Morning,Weekend,Street,0
Kolkata,29,16501,122,5,Rain,Night,Weekend,Main Road,0
Kolkata,36,18105,734,10,Rain,Night,Weekend,Main Road,1
Mumbai,37,15047,1620,0,Fog,Night,Weekend,Street,1
Lucknow,71,18946,771,7,Rain,Morning,Weekday,Highway,1
Mumbai,23,1639,1371,3,Rain,Night,Weekday,Main Road,0
Kolkata,41,13502,1718,1,Rain,Evening,Weekend,Main Road,1
Delhi,28,6190,1356,0,Clear,Morning,Weekend,Highway,0
Bangalore,48,4736,1578,6,Rain,Morning,Weekend,Main Road,0
Mumbai,38,17473,1271,1,Fog,Evening,Weekend,Highway,1
Lucknow,31,2251,1007,3,Rain,Night,Weekday,Street,0
Hyderabad,14,10294,1105,3,Clear,Morning,Weekday,Street,0
Jaipur,73,17732,697,9,Clear,Evening,Weekday,Street,1
Kolkata,77,5052,809,0,Rain,Evening,Weekend,Street,0
Ahmedabad,29,1271,920,1,Rain,Afternoon,Weekend,Street,0
Hyderabad,51,19414,1414,0,Rain,Night,Weekend,Main Road,1
Chennai,49,12698,1731,5,Rain,Night,Weekend,Street,1
Pune,43,16889,1407,2,Clear,Evening,Weekday,Main Road,1
Lucknow,72,10657,192,0,Rain,Morning,Weekday,Main Road,0
Ahmedabad,5,10387,1819,11,Clear,Afternoon,Weekend,Highway,0
Pune,42,17376,1483,7,Clear,Afternoon,Weekday,Main Road,1
Lucknow,7,12279,998,11,Fog,Morning,Weekday,Main Road,1
Delhi,42,13015,93,3,Clear,Afternoon,Weekday,Street,0
Jaipur,36,8041,81,9,Rain,Morning,Weekday,Street,0
Hyderabad,27,18510,1816,6,Rain,Afternoon,Weekend,Highway,1
Bangalore,58,9708,77,9,Rain,Morning,Weekday,Highway,0
Lucknow,46,11857,1069,1,Rain,Evening,Weekday,Main Road,1
Bangalore,66,10493,472,5,Fog,Evening,Weekday,Highway,1
Jaipur,25,9052,540,5,Fog,Afternoon,Weekday,Street,0
Kolkata,73,17995,209,6,Fog,Afternoon,Weekend,Street,1
Chennai,27,18133,894,11,Fog,Evening,Weekday,Street,1
Hyderabad,1,14580,1280,0,Clear,Night,Weekday,Main Road,0
Jaipur,74,19240,67,11,Fog,Morning,Weekend,Main Road,1
Jaipur,42,18910,1176,0,Clear,Night,Weekend,Highway,0
Delhi,52,11216,1655,1,Rain,Afternoon,Weekend,Street,1
Pune,25,7229,1704,10,Clear,Evening,Weekend,Main Road,1
Chennai,54,14343,1724,1,Clear,Afternoon,Weekend,Main Road,0
Hyderabad,67,3098,721,4,Fog,Night,Weekend,Highway,0
Kolkata,6,16438,281,0,Rain,Evening,Weekday,Street,1
Kolkata,58,8865,1733,10,Rain,Evening,Weekday,Street,1
Mumbai,70,17557,1938,1,Fog,Evening,Weekend,Highway,1
Jaipur,53,13211,473,5,Clear,Morning,Weekday,Highway,0
Lucknow,66,1500,953,2,Fog,Afternoon,Weekday,Highway,0
Delhi,58,4646,804,3,Clear,Night,Weekday,Highway,0
Chennai,2,19747,1620,0,Fog,Morning,Weekday,Street,1
Kolkata,76,11048,886,4,Fog,Night,Weekday,Street,0
Hyderabad,22,12344,943,3,Rain,Morning,Weekend,Highway,0
Mumbai,37,19280,1940,7,Rain,Evening,Weekday,Main Road,1
Hyderabad,20,10910,288,2,Rain,Morning,Weekday,Main Road,0
Delhi,24,2778,1407,9,Fog,Afternoon,Weekend,Street,1
Lucknow,65,13984,198,0,Rain,Afternoon,Weekday,Street,0
Mumbai,65,6190,672,9,Rain,Night,Weekday,Highway,0
Mumbai,1,16304,1481,4,Fog,Evening,Weekday,Main Road,1
Pune,3,7997,66,0,Rain,Evening,Weekday,Street,0
Chennai,46,13020,963,10,Clear,Night,Weekday,Main Road,0
Mumbai,55,5747,275,4,Rain,Afternoon,Weekday,Highway,0
Pune,75,10286,701,8,Clear,Afternoon,Weekend,Street,0
Pune,64,1045,1729,4,Rain,Night,Weekday,Street,0
Delhi,45,8758,309,1,Fog,Evening,Weekend,Main Road,0
Bangalore,26,1455,1802,1,Fog,Night,Weekend,Main Road,0
Hyderabad,77,10854,723,9,Rain,Night,Weekday,Street,0
Lucknow,65,18349,1677,8,Clear,Morning,Weekday,Main Road,1
Ahmedabad,24,2528,223,11,Rain,Night,Weekday,Main Road,0
Hyderabad,74,3976,1916,4,Fog,Afternoon,Weekend,Highway,0
Mumbai,35,14288,254,10,Rain,Night,Weekend,Main Road,0
Lucknow,24,7387,464,7,Fog,Evening,Weekend,Street,1
Kolkata,28,3521,1581,9,Clear,Evening,Weekday,Highway,0
Bangalore,16,7525,1226,3,Clear,Afternoon,Weekend,Street,0
Kolkata,59,2126,1176,1,Fog,Evening,Weekday,Highway,0
Kolkata,54,14348,1787,3,Clear,Night,Weekday,Highway,0
Chennai,79,8716,841,11,Fog,Afternoon,Weekend,Main Road,1
Hyderabad,16,17102,1138,10,Fog,Evening,Weekend,Main Road,1
Ahmedabad,15,4404,1190,3,Fog,Night,Weekday,Street,0
Delhi,11,5492,1738,10,Rain,Evening,Weekend,Main Road,1
Ahmedabad,65,3343,1229,8,Clear,Morning,Weekend,Highway,0
Kolkata,79,1106,1749,9,Rain,Evening,Weekday,Main Road,1
Mumbai,68,16195,1155,10,Rain,Afternoon,Weekend,Street,1
Bangalore,43,14241,567,5,Clear,Night,Weekend,Highway,0
Jaipur,69,13575,1907,9,Rain,Night,Weekday,Street,1
Ahmedabad,13,5801,1140,5,Fog,Afternoon,Weekday,Main Road,0
Kolkata,10,6580,1311,4,Rain,Morning,Weekend,Highway,0
Bangalore,75,17598,1657,5,Fog,Night,Weekend,Street,1
Lucknow,41,6400,1680,0,Clear,Afternoon,Weekend,Main Road,0
Hyderabad,50,7875,1889,4,Rain,Evening,Weekday,Main Road,1
Pune,71,9656,1028,11,Clear,Morning,Weekend,Street,1
Chennai,59,7247,1059,5,Fog,Afternoon,Weekday,Highway,0
Bangalore,39,7177,1399,7,Rain,Evening,Weekday,Street,1
Mumbai,3,8269,639,3,Fog,Night,Weekday,Main Road,0
Mumbai,76,15974,116,4,Fog,Night,Weekday,Street,0
Bangalore,7,15037,1249,3,Fog,Morning,Weekend,Main Road,1
Mumbai,49,19756,1906,6,Clear,Evening,Weekend,Highway,1
Hyderabad,26,17167,733,9,Clear,Afternoon,Weekend,Street,1
Mumbai,33,11380,1551,5,Clear,Night,Weekend,Highway,0
Ahmedabad,48,7617,1328,3,Rain,Afternoon,Weekend,Street,0
Pune,79,1303,112,5,Fog,Afternoon,Weekday,Main Road,0
Mumbai,2,13683,863,3,Clear,Afternoon,Weekday,Highway,0
Pune,71,17717,452,11,Fog,Morning,Weekend,Main Road,1
Kolkata,32,12025,1831,7,Clear,Afternoon,Weekend,Street,1
Delhi,4,19715,241,10,Fog,Morning,Weekend,Main Road,1
Hyderabad,20,5561,1402,2,Clear,Morning,Weekend,Street,0
Delhi,36,1079,120,7,Clear,Evening,Weekday,Highway,0
Kolkata,32,4763,927,1,Clear,Night,Weekend,Main Road,0
Hyderabad,28,11169,790,5,Clear,Afternoon,Weekday,Main Road,0
Bangalore,77,18116,995,7,Fog,Evening,Weekday,Street,1
Bangalore,1,4976,1136,0,Clear,Evening,Weekend,Street,0
Pune,60,18768,1370,5,Clear,Evening,Weekday,Street,1
Kolkata,56,3124,294,8,Clear,Evening,Weekend,Highway,0
Pune,35,7652,568,9,Fog,Evening,Weekday,Main Road,1
Chennai,30,6283,442,9,Clear,Afternoon,Weekday,Street,0
Mumbai,54,8176,821,1,Fog,Evening,Weekday,Street,1
Jaipur,36,19676,1674,10,Rain,Night,Weekday,Main Road,1
Chennai,55,13409,1250,0,Fog,Morning,Weekday,Highway,1
Mumbai,58,13319,1277,1,Rain,Morning,Weekend,Main Road,1
Hyderabad,65,1997,1719,4,Clear,Night,Weekday,Street,0
Pune,69,12001,1667,5,Clear,Afternoon,Weekend,Main Road,0
Hyderabad,51,5664,1606,0,Fog,Morning,Weekend,Street,1
Hyderabad,22,19741,960,6,Clear,Night,Weekday,Street,0
Mumbai,53,19063,1201,10,Clear,Night,Weekend,Main Road,1
Kolkata,36,14117,1268,3,Fog,Evening,Weekday,Main Road,1
Mumbai,68,12231,1267,8,Clear,Morning,Weekend,Highway,0
Lucknow,36,8440,233,5,Rain,Evening,Weekend,Street,0
Bangalore,52,12218,296,8,Rain,Afternoon,Weekday,Street,0
Bangalore,53,16608,1946,0,Clear,Morning,Weekend,Street,1
Chennai,50,5090,1945,3,Clear,Morning,Weekend,Street,0
Bangalore,41,8471,373,1,Rain,Night,Weekend,Street,0
Mumbai,18,4743,209,5,Clear,Morning,Weekday,Main Road,0
Ahmedabad,22,11196,755,3,Rain,Afternoon,Weekend,Street,0
Pune,66,8008,671,8,Fog,Afternoon,Weekend,Main Road,0
Mumbai,21,4324,974,2,Rain,Morning,Weekday,Highway,0
Mumbai,44,9632,115,0,Clear,Night,Weekend,Street,0
Jaipur,47,1226,979,10,Clear,Afternoon,Weekday,Highway,0
Pune,39,15863,303,10,Rain,Evening,Weekend,Main Road,1
Lucknow,29,17027,332,0,Rain,Afternoon,Weekend,Main Road,0
Bangalore,54,19785,1133,11,Clear,Morning,Weekend,Highway,1
Pune,17,5718,167,8,Clear,Evening,Weekday,Street,0
Bangalore,60,18408,472,8,Clear,Morning,Weekend,Main Road,1
Chennai,31,6672,605,4,Fog,Morning,Weekday,Main Road,0
Pune,73,16262,1795,1,Fog,Morning,Weekday,Main Road,1
Bangalore,78,18254,85,8,Rain,Night,Weekend,Main Road,0
Lucknow,49,4199,580,11,Rain,Night,Weekend,Main Road,0
Delhi,2,19129,140,7,Fog,Afternoon,Weekday,Main Road,1
Hyderabad,48,6270,1374,10,Fog,Morning,Weekend,Highway,1
Hyderabad,14,13750,1797,9,Rain,Evening,Weekend,Street,1
Lucknow,59,8897,1990,9,Fog,Evening,Weekend,Street,1
Jaipur,58,9664,1992,5,Rain,Evening,Weekend,Street,1
Delhi,58,15892,1807,6,Clear,Night,Weekday,Street,1
Chennai,51,9271,1290,11,Rain,Night,Weekend,Highway,0
Lucknow,2,6158,1808,5,Fog,Morning,Weekday,Highway,1
Hyderabad,41,13844,1996,4,Fog,Evening,Weekday,Street,1
Hyderabad,16,1589,147,3,Fog,Evening,Weekday,Main Road,0
Hyderabad,4,10552,1529,6,Rain,Night,Weekday,Street,1
Kolkata,12,17267,580,3,Fog,Night,Weekday,Main Road,0
Lucknow,29,19268,1882,9,Rain,Evening,Weekday,Main Road,1
Mumbai,7,17159,587,9,Clear,Evening,Weekday,Highway,1
Chennai,14,15263,1101,9,Clear,Afternoon,Weekend,Main Road,0
Hyderabad,12,6399,1649,8,Fog,Night,Weekend,Highway,0
Bangalore,5,9503,1397,4,Rain,Morning,Weekday,Street,1
Lucknow,32,2076,1296,7,Rain,Morning,Weekend,Highway,0
Kolkata,74,8235,129,11,Fog,Evening,Weekend,Main Road,1
Lucknow,43,17417,612,11,Rain,Night,Weekend,Main Road,1
Chennai,69,2841,1531,11,Fog,Morning,Weekend,Main Road,1
Kolkata,45,5481,663,5,Fog,Night,Weekday,Street,0
Chennai,9,2134,225,3,Clear,Evening,Weekend,Highway,0
Lucknow,49,14139,571,11,Fog,Evening,Weekday,Street,1
Mumbai,33,8771,1822,2,Rain,Evening,Weekend,Highway,1
Chennai,18,9567,1530,10,Fog,Night,Weekend,Street,1
Kolkata,9,9915,472,5,Clear,Morning,Weekday,Street,0
Kolkata,62,14898,1173,0,Clear,Afternoon,Weekday,Main Road,0
Chennai,57,2913,1963,1,Rain,Morning,Weekday,Street,1
Ahmedabad,29,5297,1813,6,Fog,Night,Weekend,Street,0
Lucknow,78,2942,1476,3,Rain,Morning,Weekend,Highway,0
Ahmedabad,25,18715,625,4,Rain,Afternoon,Weekend,Street,1
Jaipur,15,1337,1453,10,Fog,Morning,Weekday,Main Road,1
Lucknow,6,15256,580,9,Clear,Afternoon,Weekday,Street,0
Chennai,42,11057,381,0,Rain,Night,Weekday,Highway,0
Delhi,29,9983,1391,1,Rain,Evening,Weekday,Highway,1
Chennai,79,17283,702,3,Clear,Afternoon,Weekday,Street,0
Ahmedabad,4,4700,1610,7,Fog,Night,Weekend,Street,0
Mumbai,57,13145,789,9,Fog,Evening,Weekday,Highway,1
Chennai,49,7118,1162,3,Fog,Afternoon,Weekday,Main Road,0
Chennai,44,3673,1677,2,Clear,Evening,Weekend,Street,0
Mumbai,75,3122,560,2,Rain,Morning,Weekday,Main Road,0
Chennai,14,12977,91,11,Clear,Night,Weekday,Main Road,0
Hyderabad,3,9250,934,4,Rain,Night,Weekday,Street,0
Delhi,62,19446,1880,2,Rain,Night,Weekday,Main Road,1
Bangalore,64,18638,1999,7,Fog,Night,Weekend,Highway,1
Delhi,45,4688,1462,4,Fog,Afternoon,Weekday,Main Road,0
Chennai,58,4748,130,11,Fog,Morning,Weekend,Highway,0
Hyderabad,20,7342,451,11,Clear,Evening,Weekday,Street,0
Lucknow,58,17275,156,6,Fog,Night,Weekend,Main Road,0
Chennai,57,14665,1184,10,Clear,Night,Weekend,Highway,0
Ahmedabad,77,5130,1350,7,Fog,Afternoon,Weekday,Highway,0
Hyderabad,68,4029,1287,4,Fog,Afternoon,Weekend,Street,0
Mumbai,78,14182,1816,7,Fog,Afternoon,Weekend,Main Road,1
Hyderabad,52,5035,1891,11,Clear,Morning,Weekend,Highway,0
Mumbai,37,16127,555,2,Rain,Evening,Weekday,Highway,1
Jaipur,8,3899,1194,11,Clear,Morning,Weekend,Street,0
Bangalore,44,10638,1207,6,Clear,Night,Weekend,Main Road,0
Pune,5,14222,1891,7,Clear,Afternoon,Weekend,Main Road,1
Hyderabad,69,18296,769,6,Rain,Night,Weekday,Highway,0
Kolkata,31,5242,1444,1,Clear,Evening,Weekday,Main Road,0
Ahmedabad,45,19095,306,7,Fog,Evening,Weekend,Main Road,1
Chennai,9,2439,1770,5,Rain,Morning,Weekend,Main Road,0
Ahmedabad,32,6613,1871,9,Clear,Morning,Weekday,Main Road,1
Delhi,33,6375,1003,2,Clear,Afternoon,Weekend,Main Road,0
Pune,67,9877,1948,3,Rain,Afternoon,Weekday,Main Road,1
Delhi,30,3466,1253,6,Clear,Night,Weekend,Main Road,0
Jaipur,76,8824,982,2,Rain,Afternoon,Weekend,Highway,0
Pune,29,13329,1121,0,Fog,Afternoon,Weekday,Highway,0
Pune,3,12630,1672,5,Clear,Night,Weekday,Main Road,0
Delhi,57,18349,946,2,Clear,Evening,Weekend,Main Road,1
Mumbai,30,15203,68,10,Fog,Afternoon,Weekday,Street,1
Delhi,9,7928,1119,9,Clear,Afternoon,Weekend,Highway,0
Ahmedabad,26,10111,500,5,Clear,Night,Weekend,Street,0
Mumbai,2,9120,947,9,Rain,Night,Weekday,Highway,0
Ahmedabad,62,12064,1129,11,Clear,Night,Weekend,Street,0
Jaipur,3,18892,790,2,Fog,Night,Weekend,Street,1
Chennai,46,10404,1730,5,Clear,Night,Weekday,Street,0
Lucknow,68,1871,1165,10,Rain,Afternoon,Weekend,Highway,0
Mumbai,25,13582,131,3,Fog,Morning,Weekend,Highway,0
Jaipur,51,1863,786,3,Fog,Morning,Weekend,Main Road,0
Kolkata,13,15883,128,9,Fog,Morning,Weekend,Highway,1
Jaipur,44,13145,1735,9,Fog,Afternoon,Weekday,Highway,1
Delhi,35,4055,1946,10,Rain,Evening,Weekend,Highway,1
Delhi,55,13186,332,1,Rain,Afternoon,Weekend,Highway,0
Lucknow,9,3682,1384,3,Rain,Morning,Weekend,Main Road,0
Jaipur,2,13882,1046,10,Rain,Morning,Weekend,Main Road,1
Bangalore,61,6278,209,11,Clear,Night,Weekday,Highway,0
Chennai,41,14805,1389,3,Rain,Night,Weekday,Street,1
Delhi,44,17997,1950,10,Clear,Night,Weekday,Street,1
Lucknow,64,2872,1741,6,Fog,Afternoon,Weekend,Highway,0
Chennai,31,12346,1229,4,Clear,Evening,Weekend,Main Road,1
Jaipur,47,8723,937,7,Clear,Evening,Weekday,Street,1
Jaipur,2,14871,1787,6,Clear,Night,Weekday,Main Road,0
Pune,77,16946,517,9,Rain,Evening,Weekend,Main Road,1
Lucknow,69,8189,1994,8,Rain,Morning,Weekday,Street,1
Delhi,58,13752,902,7,Fog,Morning,Weekend,Highway,1
Bangalore,44,12565,511,8,Rain,Night,Weekend,Main Road,0
Jaipur,74,7942,903,0,Clear,Night,Weekend,Street,0
Bangalore,56,15730,166,9,Rain,Night,Weekend,Main Road,0
Jaipur,43,12383,1739,11,Rain,Evening,Weekend,Street,1
Delhi,34,1244,413,2,Clear,Afternoon,Weekend,Highway,0
Chennai,30,1020,1916,4,Fog,Night,Weekend,Highway,0
Hyderabad,71,14917,1704,8,Rain,Evening,Weekend,Highway,1
Chennai,70,14721,1784,7,Fog,Night,Weekday,Main Road,1
Jaipur,55,6767,1986,9,Clear,Afternoon,Weekday,Highway,0
Ahmedabad,67,11247,515,6,Rain,Night,Weekday,Highway,0
Hyderabad,13,4515,1848,1,Fog,Morning,Weekday,Highway,0
Hyderabad,3,2910,233,10,Fog,Night,Weekend,Highway,0
Bangalore,26,11750,709,5,Clear,Morning,Weekday,Street,0
Lucknow,57,9076,1239,3,Rain,Morning,Weekday,Street,1
Bangalore,24,19006,124,4,Fog,Evening,Weekend,Main Road,1
Bangalore,53,16051,1821,4,Fog,Evening,Weekday,Street,1
Ahmedabad,70,5314,875,3,Fog,Morning,Weekday,Street,0
Chennai,43,3453,1345,3,Fog,Morning,Weekday,Street,1
Chennai,60,3015,1764,3,Fog,Night,Weekday,Street,0
Kolkata,58,11236,552,10,Fog,Night,Weekend,Street,0
Jaipur,49,3800,844,1,Fog,Morning,Weekday,Highway,0
Ahmedabad,42,10023,1636,0,Fog,Evening,Weekday,Main Road,1
Kolkata,76,12884,636,11,Fog,Night,Weekday,Street,1
Delhi,66,17352,705,1,Fog,Night,Weekday,Street,1
Jaipur,11,13882,1416,6,Rain,Night,Weekend,Main Road,0
Jaipur,18,11346,749,11,Clear,Evening,Weekend,Street,1
Pune,52,15035,684,0,Clear,Morning,Weekday,Street,0
Pune,46,17108,893,5,Clear,Night,Weekend,Main Road,0
Mumbai,44,3853,1324,3,Fog,Evening,Weekend,Highway,0
Mumbai,22,19620,1881,1,Clear,Evening,Weekend,Highway,1
Bangalore,53,5176,884,2,Fog,Evening,Weekend,Main Road,0
Delhi,59,3155,1203,6,Rain,Evening,Weekday,Highway,0
Hyderabad,30,7829,813,5,Clear,Night,Weekend,Highway,0
Hyderabad,8,2886,407,5,Rain,Morning,Weekday,Highway,0
Pune,57,7471,741,7,Rain,Morning,Weekday,Highway,0
Pune,73,13589,1481,7,Fog,Evening,Weekday,Street,1
Pune,20,9391,1934,5,Clear,Morning,Weekday,Main Road,1
Ahmedabad,25,14350,1568,0,Rain,Night,Weekday,Highway,0
Lucknow,19,8899,671,9,Clear,Morning,Weekday,Highway,0
Mumbai,5,1306,531,6,Rain,Morning,Weekday,Main Road,0
Ahmedabad,75,4075,1029,7,Rain,Afternoon,Weekday,Street,0
Chennai,79,19040,1923,4,Fog,Morning,Weekday,Highway,1
Hyderabad,72,8244,1151,10,Clear,Morning,Weekday,Highway,0
Jaipur,27,7611,1027,3,Fog,Evening,Weekend,Street,1
Mumbai,40,15134,1587,6,Fog,Evening,Weekend,Main Road,1
Kolkata,26,19148,1394,11,Fog,Afternoon,Weekend,Highway,1
Chennai,27,1275,1861,11,Fog,Night,Weekday,Highway,0
Mumbai,62,6271,339,10,Fog,Afternoon,Weekday,Main Road,0
Ahmedabad,50,8331,1370,5,Rain,Morning,Weekday,Street,1
Delhi,42,12553,1754,11,Clear,Morning,Weekday,Main Road,1
Jaipur,29,12573,801,5,Clear,Night,Weekday,Highway,0
Mumbai,39,11072,1548,2,Fog,Night,Weekend,Street,1
Lucknow,60,17017,72,10,Clear,Evening,Weekend,Street,1
Pune,41,19228,855,9,Rain,Morning,Weekday,Street,1
Pune,33,17455,221,3,Fog,Morning,Weekday,Main Road,1
Jaipur,16,8386,884,4,Rain,Morning,Weekend,Main Road,0
Ahmedabad,23,7862,367,8,Rain,Morning,Weekend,Main Road,0
Pune,7,8340,957,7,Fog,Morning,Weekend,Highway,0
Mumbai,26,10487,847,2,Rain,Morning,Weekday,Main Road,0
Kolkata,12,16061,1040,5,Fog,Morning,Weekday,Street,1
Hyderabad,72,8635,904,9,Rain,Morning,Weekday,Highway,0
Hyderabad,5,15604,1266,0,Clear,Evening,Weekday,Highway,1
Chennai,69,18427,730,2,Clear,Afternoon,Weekend,Highway,0
Bangalore,49,4042,965,9,Clear,Morning,Weekend,Street,0
Delhi,26,18198,1191,11,Fog,Evening,Weekday,Main Road,1
Jaipur,5,11386,1079,6,Rain,Morning,Weekend,Street,1
Chennai,22,12692,892,6,Rain,Night,Weekday,Main Road,0
Bangalore,79,16225,532,1,Clear,Morning,Weekend,Highway,0
Ahmedabad,13,17693,181,2,Clear,Afternoon,Weekday,Highway,0
Lucknow,28,7661,1166,6,Fog,Evening,Weekend,Street,1
Lucknow,33,11253,1836,11,Fog,Night,Weekend,Main Road,1
Delhi,23,19261,1595,5,Rain,Night,Weekend,Highway,1
Pune,18,19870,1636,6,Fog,Morning,Weekday,Street,1
Mumbai,30,12937,910,9,Fog,Afternoon,Weekend,Street,1
Chennai,26,1794,343,8,Fog,Afternoon,Weekday,Main Road,0
Chennai,16,15598,690,7,Clear,Morning,Weekday,Main Road,0
Jaipur,77,7786,1049,5,Clear,Morning,Weekend,Main Road,0
Jaipur,39,5014,441,11,Rain,Evening,Weekday,Highway,0
Lucknow,33,8392,298,3,Fog,Evening,Weekday,Street,1
Lucknow,26,13545,1687,9,Clear,Morning,Weekday,Main Road,1
Kolkata,48,6353,1922,8,Fog,Morning,Weekday,Street,1
Kolkata,65,4407,1668,6,Rain,Night,Weekend,Highway,0
Pune,38,18358,752,4,Fog,Afternoon,Weekday,Highway,1
Kolkata,2,17053,1490,1,Rain,Evening,Weekend,Main Road,1
Mumbai,6,14189,1216,8,Rain,Morning,Weekday,Highway,1
Mumbai,46,12213,1310,6,Clear,Morning,Weekday,Street,1
Chennai,50,8248,336,8,Fog,Evening,Weekday,Street,1
Hyderabad,38,5369,326,10,Clear,Night,Weekday,Highway,0
Mumbai,18,9050,436,8,Fog,Night,Weekday,Highway,0
Bangalore,27,17848,1455,9,Fog,Morning,Weekday,Highway,1
Lucknow,41,6415,499,4,Rain,Afternoon,Weekday,Street,0
Jaipur,72,16398,340,6,Rain,Afternoon,Weekday,Highway,0
Kolkata,74,9115,1242,4,Fog,Morning,Weekday,Main Road,1
Chennai,17,1287,492,2,Clear,Evening,Weekend,Main Road,0
Delhi,62,4195,705,9,Rain,Afternoon,Weekend,Street,0
Jaipur,29,19376,1257,7,Rain,Evening,Weekday,Highway,1
Bangalore,58,8450,1118,7,Fog,Evening,Weekday,Highway,1
Kolkata,70,3925,1828,8,Fog,Evening,Weekday,Highway,1
Bangalore,78,15515,876,10,Rain,Night,Weekend,Main Road,1
Lucknow,22,18504,1341,11,Clear,Afternoon,Weekend,Main Road,1
Lucknow,6,6310,525,5,Rain,Night,Weekend,Main Road,0
Pune,26,17830,302,1,Fog,Afternoon,Weekday,Main Road,0
Chennai,39,12760,1469,2,Rain,Morning,Weekday,Main Road,1
Jaipur,12,15896,338,10,Fog,Evening,Weekend,Street,1
Ahmedabad,14,18105,1285,11,Rain,Afternoon,Weekday,Street,1
Ahmedabad,22,19547,1049,9,Fog,Afternoon,Weekday,Highway,1
Jaipur,51,11774,1762,10,Fog,Morning,Weekend,Highway,1
Delhi,23,16457,70,5,Clear,Night,Weekday,Main Road,0
Chennai,48,10543,365,0,Fog,Afternoon,Weekend,Highway,0
Bangalore,71,4980,613,1,Rain,Afternoon,Weekend,Street,0
Delhi,50,12576,1511,7,Fog,Night,Weekday,Street,1
Hyderabad,13,19109,1496,10,Rain,Night,Weekend,Highway,1
Jaipur,10,4413,1306,7,Clear,Afternoon,Weekday,Main Road,0
Bangalore,55,1494,172,5,Rain,Night,Weekend,Street,0
Ahmedabad,9,1947,923,2,Clear,Morning,Weekday,Highway,0
Mumbai,79,1022,1009,1,Clear,Morning,Weekday,Main Road,0
Pune,52,2128,1685,5,Fog,Evening,Weekday,Highway,1
Ahmedabad,2,14986,263,0,Clear,Afternoon,Weekday,Main Road,0
Chennai,25,17161,1995,9,Rain,Morning,Weekend,Main Road,1
Lucknow,13,17160,888,5,Clear,Morning,Weekend,Street,1
Mumbai,51,17941,696,8,Clear,Morning,Weekday,Street,1
Pune,58,10808,1017,6,Fog,Evening,Weekday,Highway,1
Pune,34,7998,1903,8,Rain,Night,Weekday,Highway,0
Hyderabad,35,8182,779,1,Clear,Evening,Weekend,Main Road,0
Hyderabad,3,19040,649,10,Fog,Evening,Weekend,Street,1
Kolkata,59,9998,841,4,Fog,Evening,Weekday,Main Road,1
Ahmedabad,70,4312,89,8,Rain,Evening,Weekend,Main Road,0
Ahmedabad,48,14329,801,6,Fog,Afternoon,Weekday,Main Road,1
Ahmedabad,64,16802,1405,8,Clear,Afternoon,Weekend,Main Road,1
Kolkata,19,12167,992,10,Fog,Morning,Weekday,Main Road,1
Delhi,67,3324,697,5,Rain,Evening,Weekday,Main Road,0
Pune,73,10639,231,6,Rain,Evening,Weekday,Highway,0
Mumbai,76,14338,314,9,Fog,Morning,Weekend,Street,1
Chennai,5,11753,820,4,Clear,Night,Weekday,Street,0
Pune,67,6984,1767,5,Fog,Afternoon,Weekend,Main Road,1
Hyderabad,11,19895,1606,0,Rain,Evening,Weekend,Main Road,1
Bangalore,68,16142,912,0,Fog,Night,Weekday,Main Road,0
Lucknow,69,12063,481,1,Fog,Night,Weekday,Street,0
Kolkata,1,1362,1269,10,Clear,Evening,Weekday,Street,0
Jaipur,63,4454,1797,3,Fog,Evening,Weekend,Main Road,1
Bangalore,29,4255,558,10,Clear,Night,Weekend,Street,0
Chennai,12,18601,496,8,Fog,Afternoon,Weekend,Main Road,1
Ahmedabad,77,18869,577,6,Fog,Afternoon,Weekend,Main Road,1
Hyderabad,41,6349,1275,5,Clear,Evening,Weekend,Main Road,0
Hyderabad,2,8195,924,0,Clear,Evening,Weekend,Highway,0
Hyderabad,37,11047,1803,4,Rain,Morning,Weekend,Street,1
Ahmedabad,45,8750,1678,10,Clear,Morning,Weekday,Street,1
Jaipur,48,10399,1206,11,Fog,Afternoon,Weekday,Street,1
Kolkata,24,14686,1212,3,Rain,Morning,Weekday,Main Road,1
Bangalore,22,9035,718,4,Clear,Night,Weekend,Highway,0
Ahmedabad,11,2507,1566,10,Clear,Night,Weekday,Main Road,0
Chennai,58,18387,896,8,Rain,Night,Weekend,Main Road,1
Kolkata,46,15776,119,11,Fog,Night,Weekend,Main Road,0
Chennai,29,18309,865,2,Fog,Evening,Weekend,Highway,1
Kolkata,35,7583,1088,3,Rain,Night,Weekend,Main Road,0
Jaipur,15,4927,1820,7,Fog,Afternoon,Weekday,Main Road,1
Lucknow,60,18369,1285,2,Clear,Morning,Weekend,Highway,0
Chennai,42,16797,1875,2,Fog,Afternoon,Weekday,Main Road,1
Ahmedabad,43,5231,1133,8,Clear,Evening,Weekend,Main Road,0
Kolkata,74,6302,1325,4,Fog,Morning,Weekday,Street,1
Hyderabad,49,6291,495,9,Clear,Morning,Weekend,Highway,0
Pune,64,1908,1075,0,Rain,Morning,Weekend,Street,0
Hyderabad,32,16123,1821,6,Clear,Night,Weekday,Main Road,1
Delhi,64,13877,1409,6,Fog,Evening,Weekday,Highway,1
Lucknow,2,15239,68,5,Clear,Afternoon,Weekday,Highway,0
Lucknow,24,3586,610,5,Fog,Night,Weekend,Main Road,0
Hyderabad,66,10335,1151,2,Fog,Morning,Weekend,Street,1
Bangalore,38,16640,521,2,Clear,Afternoon,Weekend,Main Road,0
Jaipur,31,18715,77,9,Fog,Afternoon,Weekday,Highway,1
Chennai,26,11534,609,10,Rain,Afternoon,Weekday,Highway,0
Ahmedabad,29,2806,657,8,Fog,Evening,Weekday,Main Road,1
Lucknow,67,11292,1238,0,Rain,Night,Weekend,Main Road,0
Hyderabad,78,18189,507,6,Rain,Evening,Weekend,Main Road,1
Hyderabad,25,11967,994,11,Fog,Morning,Weekday,Main Road,1
Jaipur,48,17455,1950,10,Rain,Morning,Weekend,Street,1
Jaipur,65,1027,1249,9,Rain,Afternoon,Weekend,Street,0
Mumbai,53,9660,1658,6,Clear,Afternoon,Weekend,Street,0
Mumbai,67,8055,1033,7,Rain,Afternoon,Weekday,Street,0
Bangalore,18,10616,917,5,Rain,Evening,Weekday,Highway,1
Bangalore,9,11440,1065,7,Rain,Night,Weekday,Highway,0
Delhi,38,4832,78,0,Rain,Evening,Weekend,Street,0
Bangalore,21,16970,718,0,Rain,Morning,Weekday,Main Road,1
Kolkata,65,14107,875,8,Fog,Afternoon,Weekday,Highway,1
Jaipur,21,14777,865,11,Rain,Afternoon,Weekend,Main Road,1
Ahmedabad,27,16954,328,3,Fog,Evening,Weekend,Street,1
Kolkata,70,17943,332,2,Fog,Morning,Weekend,Highway,1
Chennai,44,8957,1552,5,Fog,Night,Weekend,Highway,0
Hyderabad,28,13666,1052,9,Clear,Afternoon,Weekday,Highway,0
Bangalore,45,11110,1592,11,Clear,Afternoon,Weekend,Highway,0
Hyderabad,17,8344,354,11,Fog,Morning,Weekend,Street,1
Lucknow,40,17462,743,8,Clear,Afternoon,Weekend,Highway,0
Delhi,3,14696,158,9,Rain,Night,Weekend,Street,0
Lucknow,76,2031,373,10,Fog,Evening,Weekend,Highway,0
Delhi,76,19456,1279,3,Fog,Morning,Weekend,Street,1
Mumbai,66,16090,1307,8,Fog,Afternoon,Weekday,Street,1
Hyderabad,46,16816,507,4,Clear,Afternoon,Weekday,Main Road,0
Delhi,30,18868,1260,6,Clear,Night,Weekday,Street,1
Pune,69,11437,531,2,Clear,Evening,Weekday,Main Road,0
Kolkata,9,16453,971,2,Rain,Night,Weekend,Highway,0
Delhi,11,15258,1480,11,Clear,Evening,Weekend,Main Road,1
Delhi,69,2550,1914,2,Fog,Night,Weekend,Street,0
Kolkata,66,13977,1582,7,Clear,Evening,Weekday,Main Road,1
Hyderabad,31,5682,1942,5,Clear,Afternoon,Weekend,Highway,0
Hyderabad,33,15439,569,8,Clear,Afternoon,Weekend,Main Road,0
Kolkata,39,19213,1126,8,Clear,Afternoon,Weekend,Street,1
Lucknow,46,4751,1471,7,Fog,Morning,Weekend,Street,1
Pune,37,13914,1272,0,Clear,Evening,Weekday,Highway,0
Ahmedabad,60,11223,440,5,Fog,Morning,Weekend,Highway,0
Chennai,31,16398,1722,3,Clear,Evening,Weekend,Main Road,1
Pune,11,7601,820,3,Rain,Afternoon,Weekend,Highway,0
Hyderabad,2,4856,1919,2,Rain,Morning,Weekday,Street,1
Ahmedabad,27,13661,962,11,Fog,Morning,Weekend,Main Road,1
Mumbai,2,16591,1571,8,Fog,Night,Weekend,Main Road,1
Bangalore,21,7182,1245,1,Rain,Evening,Weekend,Main Road,0
Delhi,58,8970,135,0,Rain,Night,Weekend,Main Road,0
Kolkata,5,16154,607,9,Clear,Morning,Weekend,Highway,0
Kolkata,52,3094,907,2,Rain,Morning,Weekend,Main Road,0
Delhi,45,13095,1259,3,Fog,Afternoon,Weekend,Main Road,1
Bangalore,20,14672,1229,3,Fog,Night,Weekday,Main Road,1
Chennai,61,18932,1566,5,Rain,Night,Weekday,Street,1
Bangalore,38,15228,1983,0,Fog,Night,Weekend,Street,1
Ahmedabad,20,9559,1594,0,Clear,Evening,Weekend,Highway,0
Bangalore,25,1064,1700,1,Clear,Morning,Weekday,Street,0
Ahmedabad,2,4299,715,3,Rain,Night,Weekday,Street,0
Bangalore,32,5849,1203,6,Fog,Afternoon,Weekday,Highway,0
Chennai,26,6639,892,5,Rain,Morning,Weekday,Highway,0
Chennai,70,19419,1154,10,Fog,Afternoon,Weekend,Main Road,1
Hyderabad,41,12055,1457,8,Fog,Morning,Weekend,Main Road,1
Delhi,67,19612,1875,6,Fog,Afternoon,Weekend,Highway,1
Chennai,1,17980,1732,11,Clear,Night,Weekend,Main Road,1
Ahmedabad,51,11866,344,4,Fog,Night,Weekend,Main Road,0
Chennai,5,4889,318,5,Clear,Afternoon,Weekday,Main Road,0
Hyderabad,13,16458,694,9,Fog,Evening,Weekday,Highway,1
Kolkata,19,18779,1635,8,Rain,Afternoon,Weekday,Street,1
Ahmedabad,12,1452,584,0,Clear,Morning,Weekday,Street,0
Hyderabad,48,11995,1451,10,Clear,Afternoon,Weekday,Highway,0
Lucknow,25,3631,1449,8,Clear,Afternoon,Weekend,Highway,0
Lucknow,57,3186,137,5,Rain,Morning,Weekday,Main Road,0
Mumbai,35,6967,974,11,Clear,Night,Weekday,Highway,0
Bangalore,76,5348,1697,3,Rain,Morning,Weekend,Highway,0
Delhi,5,2459,160,11,Fog,Afternoon,Weekend,Highway,0
Jaipur,22,2942,633,4,Fog,Morning,Weekend,Highway,0
Pune,77,15896,1227,0,Rain,Afternoon,Weekend,Main Road,0
Hyderabad,57,15407,1536,6,Clear,Night,Weekend,Main Road,0
Kolkata,47,16622,1642,7,Clear,Afternoon,Weekday,Highway,1
Pune,54,15557,818,10,Rain,Afternoon,Weekend,Highway,1
Kolkata,3,17445,1229,4,Fog,Night,Weekend,Street,1
Pune,53,18878,1698,1,Rain,Morning,Weekday,Street,1
Hyderabad,31,18564,1391,7,Clear,Evening,Weekday,Highway,1
Jaipur,69,14093,1632,9,Clear,Evening,Weekend,Street,1
Pune,33,3788,287,6,Clear,Afternoon,Weekend,Street,0
Hyderabad,72,11400,383,9,Clear,Afternoon,Weekday,Main Road,0
Chennai,50,17489,155,8,Fog,Night,Weekend,Main Road,0
Jaipur,16,4925,1555,3,Fog,Morning,Weekend,Main Road,1
Ahmedabad,76,19292,1772,10,Fog,Evening,Weekend,Street,1
Kolkata,77,19433,1744,8,Clear,Evening,Weekend,Highway,1
Lucknow,39,15568,1783,3,Clear,Night,Weekend,Main Road,0
Bangalore,46,13656,431,2,Clear,Night,Weekday,Street,0
Lucknow,47,10466,738,10,Rain,Evening,Weekday,Highway,1
Jaipur,44,4904,310,2,Clear,Morning,Weekend,Main Road,0
Ahmedabad,9,16467,1872,9,Fog,Morning,Weekend,Street,1
Kolkata,50,11419,1366,1,Fog,Morning,Weekday,Main Road,1
Ahmedabad,77,17676,1408,9,Fog,Afternoon,Weekday,Street,1
Pune,60,11414,704,2,Rain,Morning,Weekday,Main Road,0
Kolkata,15,13165,869,7,Fog,Afternoon,Weekend,Street,1
Pune,36,11683,758,10,Rain,Afternoon,Weekday,Highway,0
Hyderabad,63,16442,525,7,Rain,Night,Weekend,Main Road,0
Jaipur,69,5860,1298,1,Rain,Afternoon,Weekend,Main Road,0
Hyderabad,41,4729,956,10,Clear,Afternoon,Weekend,Street,0
Mumbai,74,15400,604,1,Clear,Night,Weekend,Highway,0
Ahmedabad,24,9619,1527,1,Fog,Morning,Weekend,Highway,1
Pune,49,12164,712,9,Fog,Morning,Weekday,Main Road,1
Chennai,18,7110,1369,6,Rain,Evening,Weekday,Street,1
Hyderabad,7,7955,624,5,Clear,Evening,Weekday,Main Road,0
Mumbai,4,1106,691,11,Fog,Afternoon,Weekday,Street,0
Delhi,69,5754,1840,10,Fog,Evening,Weekend,Highway,1
Lucknow,60,12525,512,0,Clear,Night,Weekday,Main Road,0
Kolkata,55,7408,904,1,Rain,Evening,Weekday,Street,1
Mumbai,16,8635,1287,0,Fog,Evening,Weekday,Highway,1
Jaipur,29,2225,634,11,Fog,Afternoon,Weekday,Street,0
Hyderabad,23,13196,992,10,Clear,Night,Weekday,Main Road,0
Jaipur,14,5250,665,6,Clear,Evening,Weekday,Street,0
Lucknow,79,16372,207,5,Rain,Morning,Weekend,Main Road,0
Chennai,49,18279,321,1,Rain,Night,Weekend,Highway,0
Ahmedabad,33,13097,1900,1,Fog,Night,Weekday,Street,1
Ahmedabad,25,19004,1311,1,Rain,Afternoon,Weekend,Highway,1
Jaipur,21,13055,1376,7,Fog,Night,Weekend,Highway,0
Pune,17,6419,1957,6,Fog,Night,Weekend,Main Road,0
Chennai,23,18769,719,0,Clear,Night,Weekend,Main Road,0
Ahmedabad,57,16713,670,3,Fog,Night,Weekend,Highway,0
Chennai,58,12784,570,10,Clear,Night,Weekday,Main Road,0
Mumbai,14,3433,1394,3,Fog,Night,Weekend,Highway,0
Chennai,20,11998,108,6,Fog,Night,Weekend,Main Road,0
Bangalore,30,12575,1431,1,Fog,Morning,Weekday,Main Road,1
Lucknow,19,2301,753,3,Rain,Night,Weekend,Street,0
Ahmedabad,53,7858,697,0,Rain,Afternoon,Weekend,Street,0
Chennai,56,9950,1324,10,Clear,Morning,Weekday,Main Road,1
Jaipur,77,9938,940,10,Fog,Night,Weekend,Highway,0
Delhi,23,6644,485,3,Clear,Evening,Weekday,Highway,0
Bangalore,62,12078,195,10,Clear,Afternoon,Weekend,Highway,0
Bangalore,33,10260,908,0,Fog,Morning,Weekend,Main Road,0
Pune,18,15690,1027,1,Rain,Afternoon,Weekday,Main Road,0
Chennai,73,4307,1425,1,Rain,Morning,Weekend,Highway,0
Pune,33,17488,1643,11,Clear,Evening,Weekday,Street,1
Pune,32,1395,1762,9,Rain,Afternoon,Weekend,Street,0
Delhi,61,11845,1873,11,Fog,Afternoon,Weekend,Highway,1
Mumbai,54,4291,294,2,Fog,Morning,Weekend,Main Road,0
Chennai,17,19394,1633,7,Rain,Morning,Weekend,Main Road,1
Hyderabad,19,14138,350,10,Rain,Evening,Weekday,Highway,1
Ahmedabad,70,5537,487,5,Clear,Night,Weekend,Street,0
Pune,34,10860,917,5,Rain,Morning,Weekend,Highway,0
Lucknow,25,18435,149,8,Clear,Morning,Weekday,Highway,0
Kolkata,68,7618,774,7,Fog,Morning,Weekday,Highway,0
Lucknow,74,5723,863,1,Fog,Evening,Weekday,Street,1
Delhi,74,15837,529,5,Fog,Night,Weekend,Highway,0
Delhi,11,9539,464,0,Rain,Night,Weekday,Street,0
Jaipur,16,2263,214,8,Rain,Evening,Weekday,Main Road,0
Mumbai,61,14305,1985,3,Rain,Night,Weekday,Street,1
Ahmedabad,7,11934,1711,3,Clear,Afternoon,Weekday,Street,0
Pune,16,11265,1375,8,Clear,Evening,Weekend,Highway,1
Lucknow,16,17339,1023,2,Clear,Morning,Weekend,Main Road,0
Kolkata,40,2351,1194,4,Fog,Night,Weekend,Highway,0
Delhi,12,8190,137,0,Clear,Afternoon,Weekday,Street,0
Delhi,35,17650,1290,5,Rain,Evening,Weekday,Street,1
Mumbai,21,11885,622,2,Rain,Evening,Weekday,Highway,0
Kolkata,50,8434,863,0,Fog,Morning,Weekend,Main Road,0
Kolkata,43,2022,228,9,Rain,Morning,Weekday,Street,0
Mumbai,17,3037,1775,5,Rain,Evening,Weekday,Street,1
Delhi,32,9756,212,11,Rain,Afternoon,Weekend,Street,0
Ahmedabad,41,14558,642,9,Clear,Morning,Weekend,Main Road,0
Chennai,6,18443,1055,1,Clear,Evening,Weekend,Highway,1
Chennai,27,2424,1243,7,Rain,Evening,Weekend,Main Road,0
Mumbai,20,5123,350,10,Rain,Morning,Weekend,Main Road,0
Kolkata,25,17603,423,11,Rain,Night,Weekday,Street,1
Pune,66,1405,757,1,Rain,Afternoon,Weekday,Main Road,0
Mumbai,9,10829,252,3,Clear,Night,Weekday,Street,0
Ahmedabad,53,19702,96,2,Fog,Night,Weekend,Main Road,0
Mumbai,61,10951,512,8,Rain,Afternoon,Weekend,Main Road,0
Bangalore,38,9983,1743,1,Clear,Afternoon,Weekend,Highway,0
Lucknow,3,18693,457,2,Rain,Morning,Weekend,Main Road,1
Kolkata,70,13025,1267,6,Fog,Morning,Weekday,Highway,1
Jaipur,55,5929,476,3,Clear,Morning,Weekday,Street,0
Jaipur,1,10522,979,5,Clear,Afternoon,Weekday,Street,0
Kolkata,70,13638,1864,2,Fog,Night,Weekday,Highway,1
Ahmedabad,45,9702,366,0,Fog,Afternoon,Weekday,Street,0
Bangalore,47,11764,1552,10,Clear,Morning,Weekday,Street,1
Bangalore,79,13121,470,5,Fog,Night,Weekday,Main Road,0
Delhi,26,15219,1342,3,Rain,Morning,Weekday,Highway,1
Lucknow,14,2617,1554,1,Fog,Night,Weekend,Street,0
Chennai,54,11248,1784,6,Fog,Morning,Weekday,Highway,1
Hyderabad,71,18904,1809,9,Clear,Afternoon,Weekday,Main Road,1
Ahmedabad,46,2583,312,11,Fog,Evening,Weekend,Street,1
Hyderabad,31,7704,1499,4,Clear,Evening,Weekend,Street,1
Hyderabad,59,8988,215,5,Rain,Night,Weekday,Highway,0
Kolkata,29,18959,1765,5,Fog,Afternoon,Weekday,Street,1
Jaipur,17,10953,477,8,Fog,Morning,Weekend,Highway,0
Jaipur,14,3613,1777,11,Clear,Night,Weekend,Street,0
Chennai,36,4892,446,1,Clear,Night,Weekend,Main Road,0
Kolkata,58,13336,1289,11,Fog,Morning,Weekday,Main Road,1
Hyderabad,24,7733,845,5,Clear,Morning,Weekend,Highway,0
Pune,63,5431,1937,8,Fog,Morning,Weekday,Street,1
Jaipur,25,18765,156,11,Rain,Afternoon,Weekend,Street,1
Ahmedabad,59,4515,147,3,Fog,Evening,Weekday,Highway,0
Ahmedabad,32,5454,1953,11,Rain,Night,Weekend,Main Road,0
Delhi,18,8769,1555,10,Rain,Night,Weekday,Main Road,1
Mumbai,37,9384,1572,5,Clear,Evening,Weekend,Main Road,1
Pune,26,14727,1303,6,Clear,Night,Weekend,Highway,0
Jaipur,9,4534,1330,0,Clear,Afternoon,Weekday,Main Road,0
Bangalore,64,1755,92,4,Clear,Morning,Weekday,Highway,0
Jaipur,72,19909,291,3,Fog,Evening,Weekday,Main Road,1
Delhi,20,18211,1627,9,Rain,Afternoon,Weekend,Main Road,1
Ahmedabad,54,19717,144,1,Fog,Morning,Weekend,Highway,0
Hyderabad,30,9302,1839,1,Rain,Evening,Weekend,Street,1
Bangalore,53,13907,237,1,Rain,Afternoon,Weekend,Street,0
Kolkata,63,9984,434,6,Rain,Evening,Weekend,Street,1
Lucknow,11,15385,868,10,Fog,Evening,Weekday,Main Road,1
Hyderabad,31,8181,1473,10,Clear,Afternoon,Weekday,Main Road,0
Lucknow,49,14445,1579,3,Fog,Night,Weekend,Street,1
Pune,19,13875,1240,5,Rain,Afternoon,Weekend,Main Road,1
Mumbai,12,4414,1856,6,Fog,Evening,Weekday,Main Road,1
Bangalore,15,16005,1198,8,Rain,Evening,Weekend,Street,1
Chennai,31,10501,1746,10,Clear,Afternoon,Weekday,Highway,0
Bangalore,43,15245,136,1,Clear,Morning,Weekday,Street,0
Jaipur,37,7457,1894,9,Fog,Morning,Weekday,Street,1
Ahmedabad,79,7749,538,11,Clear,Morning,Weekday,Highway,0
Jaipur,29,1296,275,8,Rain,Morning,Weekday,Main Road,0
Jaipur,26,10821,1730,10,Rain,Afternoon,Weekend,Street,1
Pune,2,17952,394,4,Clear,Night,Weekday,Street,0
Hyderabad,15,6283,1833,5,Clear,Morning,Weekend,Main Road,0
Chennai,4,14119,1947,5,Clear,Evening,Weekday,Main Road,1
Chennai,50,8664,567,10,Fog,Morning,Weekend,Highway,0
Jaipur,38,8511,1104,2,Fog,Night,Weekday,Main Road,0
Lucknow,23,6465,1782,10,Rain,Afternoon,Weekend,Street,1
Pune,59,13557,1817,10,Fog,Night,Weekend,Main Road,1
Jaipur,75,5382,345,9,Fog,Night,Weekday,Main Road,0
Mumbai,28,17449,463,6,Rain,Night,Weekday,Highway,0
Ahmedabad,66,18263,1910,6,Rain,Morning,Weekday,Highway,1
Hyderabad,8,10408,184,7,Clear,Morning,Weekend,Street,0
Kolkata,29,14690,574,4,Clear,Night,Weekday,Street,0
Mumbai,11,6069,1058,1,Fog,Afternoon,Weekday,Main Road,0
Lucknow,18,12672,53,2,Rain,Morning,Weekend,Street,0
Bangalore,55,17891,227,8,Fog,Afternoon,Weekday,Street,1
Bangalore,50,8704,795,5,Fog,Morning,Weekday,Main Road,1
Mumbai,14,18509,308,7,Rain,Afternoon,Weekend,Main Road,1
Jaipur,74,18269,701,7,Rain,Morning,Weekday,Main Road,1
Kolkata,9,8975,1138,4,Rain,Night,Weekend,Highway,0
Delhi,11,13069,1868,0,Rain,Evening,Weekday,Highway,1
Delhi,63,7565,1436,5,Fog,Evening,Weekend,Main Road,1
Lucknow,76,5870,1891,6,Fog,Afternoon,Weekend,Highway,1
Jaipur,67,19909,1790,8,Fog,Afternoon,Weekday,Highway,1
Chennai,53,10117,1090,1,Rain,Night,Weekend,Highway,0
Chennai,39,2938,1273,11,Clear,Night,Weekday,Street,0
Hyderabad,78,12554,593,1,Fog,Afternoon,Weekend,Main Road,0
Kolkata,56,4232,1285,9,Clear,Evening,Weekend,Main Road,0
Kolkata,28,4465,484,0,Clear,Night,Weekday,Street,0
Bangalore,75,1440,1346,4,Clear,Afternoon,Weekday,Highway,0
Pune,39,17845,339,1,Rain,Night,Weekday,Main Road,0
Lucknow,25,6413,852,2,Rain,Night,Weekend,Highway,0
Delhi,21,12663,532,1,Fog,Morning,Weekday,Street,1
Lucknow,10,6755,283,10,Fog,Night,Weekend,Highway,0
Chennai,43,6012,457,3,Rain,Afternoon,Weekend,Street,0
Chennai,15,17126,743,10,Rain,Night,Weekday,Street,1
Mumbai,48,7752,1219,2,Clear,Afternoon,Weekend,Highway,0
Hyderabad,21,1005,611,8,Rain,Morning,Weekday,Highway,0
Kolkata,60,5776,479,9,Rain,Morning,Weekend,Main Road,0
Ahmedabad,50,8038,481,11,Rain,Evening,Weekday,Street,1
Lucknow,23,7414,1688,1,Rain,Morning,Weekend,Highway,0
Chennai,13,4970,1618,6,Clear,Morning,Weekend,Highway,0
Pune,69,12050,546,10,Fog,Afternoon,Weekday,Main Road,1
Bangalore,4,3606,1032,2,Clear,Evening,Weekend,Main Road,0
Delhi,78,17482,1162,9,Rain,Morning,Weekend,Main Road,1
Hyderabad,72,1525,1046,7,Rain,Night,Weekend,Street,0
Pune,9,7337,1484,3,Fog,Evening,Weekend,Main Road,1
Hyderabad,35,2180,946,3,Fog,Morning,Weekend,Street,0
Mumbai,21,14057,1926,8,Fog,Evening,Weekday,Main Road,1
Ahmedabad,58,6922,876,10,Clear,Morning,Weekday,Street,0
Chennai,18,4071,1314,2,Fog,Afternoon,Weekend,Main Road,0
Bangalore,72,3792,827,6,Rain,Evening,Weekday,Street,1
Pune,43,14844,272,0,Rain,Evening,Weekday,Main Road,1
Hyderabad,6,1014,1821,6,Rain,Morning,Weekend,Main Road,0
Kolkata,78,19799,1738,9,Clear,Evening,Weekday,Highway,1
Mumbai,67,3685,517,10,Fog,Morning,Weekend,Street,0
Kolkata,12,17212,618,1,Fog,Night,Weekday,Highway,0
Bangalore,12,10428,1395,11,Fog,Evening,Weekend,Street,1
Pune,66,9159,424,5,Fog,Evening,Weekend,Highway,0
Mumbai,2,5100,1185,8,Rain,Afternoon,Weekend,Main Road,0
Pune,15,7374,576,5,Clear,Afternoon,Weekend,Highway,0
Chennai,23,7004,461,2,Fog,Evening,Weekday,Main Road,0
Jaipur,29,6521,318,0,Rain,Afternoon,Weekday,Street,0
Mumbai,7,12412,675,11,Rain,Evening,Weekend,Main Road,1
Kolkata,28,12755,1325,11,Clear,Morning,Weekday,Highway,1
Bangalore,14,4890,1061,3,Fog,Evening,Weekend,Street,1
Ahmedabad,44,18175,1447,3,Clear,Evening,Weekend,Highway,1
Chennai,30,10191,1727,7,Fog,Night,Weekday,Main Road,1
Jaipur,32,1151,1699,9,Clear,Afternoon,Weekend,Main Road,0
Ahmedabad,70,14861,499,9,Fog,Afternoon,Weekend,Highway,1
Delhi,6,19475,851,6,Fog,Night,Weekday,Street,1
Chennai,27,16032,1942,9,Clear,Morning,Weekend,Highway,1
Bangalore,24,5599,1610,6,Fog,Morning,Weekend,Main Road,1
Hyderabad,34,13274,1441,6,Clear,Morning,Weekday,Street,1
Mumbai,40,13218,871,11,Clear,Night,Weekday,Highway,0
Pune,47,3977,304,1,Fog,Evening,Weekend,Main Road,0
Bangalore,79,18226,1536,8,Fog,Morning,Weekday,Street,1
Mumbai,75,4793,1341,5,Clear,Morning,Weekday,Highway,0
Ahmedabad,24,2659,175,1,Rain,Night,Weekday,Street,0
Pune,65,6162,1466,0,Clear,Afternoon,Weekday,Main Road,0
Lucknow,18,11705,811,10,Rain,Night,Weekday,Highway,0
Kolkata,44,17040,848,0,Rain,Afternoon,Weekday,Highway,0
Delhi,76,5270,1407,0,Clear,Morning,Weekend,Main Road,0
Chennai,57,14286,614,3,Clear,Morning,Weekend,Main Road,0
Bangalore,28,4603,1441,3,Clear,Evening,Weekday,Main Road,0
Delhi,71,14772,1628,11,Rain,Evening,Weekday,Highway,1
Hyderabad,23,18600,1751,8,Clear,Afternoon,Weekday,Main Road,1
Mumbai,34,3291,1627,11,Clear,Morning,Weekend,Highway,0
Mumbai,11,14123,1965,11,Fog,Morning,Weekend,Highway,1
Bangalore,35,4811,505,0,Fog,Night,Weekend,Street,0
Jaipur,42,14347,1761,2,Fog,Morning,Weekend,Main Road,1
Jaipur,28,14851,1140,2,Clear,Morning,Weekday,Main Road,0
Lucknow,78,16513,1139,7,Clear,Night,Weekday,Street,0
Kolkata,24,6142,961,1,Clear,Night,Weekday,Highway,0
Pune,8,13194,1668,5,Rain,Morning,Weekday,Highway,1
Hyderabad,53,8526,911,10,Rain,Evening,Weekday,Highway,1
Delhi,72,14513,666,3,Fog,Evening,Weekend,Main Road,1
Jaipur,4,13084,449,9,Rain,Morning,Weekday,Highway,1
Lucknow,5,14349,336,5,Rain,Evening,Weekend,Street,1
Lucknow,49,16068,1959,4,Rain,Night,Weekday,Highway,1
Bangalore,30,5595,235,11,Fog,Evening,Weekday,Main Road,1
Hyderabad,72,16402,333,8,Fog,Morning,Weekend,Main Road,1
Ahmedabad,63,10955,1589,8,Rain,Evening,Weekend,Highway,1
Pune,47,19554,699,0,Clear,Morning,Weekday,Highway,0
Kolkata,26,14996,740,2,Fog,Evening,Weekend,Main Road,1
Chennai,57,2185,286,0,Rain,Morning,Weekend,Highway,0
Bangalore,37,4285,1091,5,Clear,Morning,Weekend,Street,0
Pune,7,4447,864,11,Clear,Evening,Weekday,Main Road,0
Chennai,40,11662,977,2,Fog,Evening,Weekday,Highway,1
Chennai,39,5899,463,0,Clear,Night,Weekday,Highway,0
Hyderabad,62,17060,58,5,Fog,Afternoon,Weekend,Highway,0
Hyderabad,78,2935,469,4,Rain,Morning,Weekend,Street,0
Delhi,53,10445,78,11,Fog,Morning,Weekday,Main Road,1
Lucknow,4,10274,1729,11,Clear,Morning,Weekday,Street,1
Pune,25,11335,397,7,Fog,Morning,Weekend,Highway,0
Bangalore,7,18669,710,1,Fog,Evening,Weekday,Street,1
Mumbai,28,9545,625,7,Rain,Evening,Weekday,Highway,1
Bangalore,69,8479,1952,11,Clear,Afternoon,Weekend,Highway,0
Delhi,67,6255,499,4,Fog,Morning,Weekend,Main Road,0
Kolkata,20,19269,429,7,Rain,Afternoon,Weekday,Main Road,1
Lucknow,11,6062,748,11,Rain,Night,Weekend,Highway,0
Mumbai,67,8066,415,9,Rain,Afternoon,Weekend,Highway,0
Jaipur,7,11712,1300,3,Rain,Afternoon,Weekday,Highway,0
Kolkata,23,16991,1191,3,Rain,Night,Weekend,Main Road,0
Hyderabad,61,4022,461,9,Fog,Night,Weekend,Main Road,0
Chennai,71,2547,1000,3,Fog,Afternoon,Weekday,Highway,0
Jaipur,34,13210,405,10,Clear,Night,Weekend,Main Road,0
Bangalore,19,5204,303,5,Fog,Afternoon,Weekend,Highway,0
Bangalore,58,8590,1616,3,Clear,Evening,Weekday,Street,1
Hyderabad,9,2368,1746,8,Clear,Evening,Weekend,Main Road,0
Delhi,48,12529,776,8,Clear,Afternoon,Weekday,Highway,0
Pune,41,19141,1517,2,Fog,Night,Weekday,Street,1
Jaipur,48,16945,730,6,Rain,Night,Weekend,Highway,0
Jaipur,45,10709,1154,11,Clear,Evening,Weekday,Street,1
Ahmedabad,25,14644,1119,4,Rain,Evening,Weekday,Main Road,1
Kolkata,78,5917,1122,11,Clear,Night,Weekend,Main Road,0
Lucknow,25,12877,1522,8,Fog,Night,Weekday,Highway,1
Kolkata,19,14224,859,1,Clear,Night,Weekday,Main Road,0
Pune,39,4052,1480,2,Fog,Night,Weekend,Main Road,0
Bangalore,79,9382,1953,9,Rain,Afternoon,Weekday,Street,1
Bangalore,27,18316,1356,4,Fog,Night,Weekday,Main Road,1
Bangalore,74,8240,522,11,Rain,Evening,Weekend,Street,1
Ahmedabad,63,4238,465,4,Fog,Evening,Weekend,Street,0
Bangalore,68,11407,1028,9,Clear,Morning,Weekday,Street,1
Pune,19,1565,649,11,Clear,Night,Weekday,Main Road,0
Hyderabad,28,6558,1194,6,Fog,Afternoon,Weekday,Highway,0
Lucknow,78,17375,1076,7,Rain,Morning,Weekend,Highway,1
Pune,33,18127,1389,7,Rain,Morning,Weekday,Main Road,1
Lucknow,10,12103,509,0,Rain,Afternoon,Weekend,Street,0
Pune,30,16174,1300,0,Fog,Morning,Weekday,Main Road,1
Bangalore,22,9722,128,2,Fog,Morning,Weekday,Highway,0
Hyderabad,3,9753,1730,0,Fog,Evening,Weekend,Street,1
Jaipur,75,6629,1827,0,Fog,Morning,Weekday,Main Road,1
Kolkata,48,7318,1617,9,Rain,Afternoon,Weekend,Street,1
Chennai,2,1301,824,7,Rain,Night,Weekend,Street,0
Hyderabad,76,8506,1796,0,Fog,Night,Weekday,Highway,0
Jaipur,54,9701,1144,8,Fog,Night,Weekday,Street,1
Delhi,6,7962,945,1,Rain,Evening,Weekend,Main Road,0
Pune,40,6429,1270,8,Rain,Evening,Weekend,Street,1
Delhi,2,16866,107,6,Clear,Evening,Weekend,Street,1
Jaipur,73,8248,1497,8,Fog,Afternoon,Weekday,Main Road,1
Hyderabad,2,3203,1542,2,Clear,Night,Weekday,Highway,0
Pune,74,3479,673,0,Rain,Afternoon,Weekday,Highway,0
Chennai,55,11386,97,0,Rain,Afternoon,Weekday,Main Road,0
Bangalore,72,1434,1508,10,Fog,Morning,Weekend,Street,1
Pune,60,11230,1258,9,Clear,Night,Weekend,Main Road,0
Pune,6,2706,1952,5,Rain,Morning,Weekend,Main Road,0
Hyderabad,19,6725,888,6,Clear,Evening,Weekday,Main Road,0
Hyderabad,27,19288,214,8,Clear,Evening,Weekday,Highway,1
Jaipur,1,4959,1800,5,Clear,Afternoon,Weekday,Street,0
Mumbai,33,15521,1404,4,Clear,Afternoon,Weekend,Main Road,0
Pune,40,12143,379,1,Clear,Morning,Weekend,Highway,0
Kolkata,32,7825,1194,1,Fog,Morning,Weekend,Highway,0
Pune,69,7347,262,7,Fog,Afternoon,Weekend,Street,0
Jaipur,17,13841,1896,0,Clear,Night,Weekday,Main Road,0
Lucknow,8,3713,556,7,Fog,Afternoon,Weekday,Street,0
Delhi,57,12561,1626,10,Rain,Night,Weekday,Main Road,1
Bangalore,42,13787,1938,9,Clear,Morning,Weekend,Highway,1
Mumbai,9,7512,965,10,Fog,Evening,Weekend,Highway,1
Chennai,35,11596,850,6,Fog,Evening,Weekend,Street,1
Chennai,71,16182,217,6,Rain,Morning,Weekend,Main Road,1
Chennai,79,19687,1044,4,Rain,Morning,Weekday,Street,1
Hyderabad,53,4221,1619,2,Rain,Evening,Weekday,Main Road,1
Chennai,54,2082,879,6,Rain,Night,Weekend,Street,0
Bangalore,25,9637,1045,6,Clear,Morning,Weekday,Highway,0
Delhi,67,14123,1036,6,Fog,Night,Weekend,Street,1
Chennai,62,14042,836,11,Fog,Night,Weekend,Main Road,1
Pune,55,15133,476,10,Rain,Evening,Weekend,Street,1
Pune,46,18976,1782,1,Fog,Night,Weekend,Main Road,1
Hyderabad,24,6608,1776,2,Fog,Evening,Weekend,Street,1
Bangalore,46,6526,1294,2,Fog,Morning,Weekday,Main Road,1
Delhi,22,7472,1065,3,Rain,Afternoon,Weekday,Main Road,0
Mumbai,11,3775,1083,11,Fog,Afternoon,Weekday,Main Road,0
Jaipur,48,16828,1193,8,Fog,Afternoon,Weekday,Street,1
Delhi,8,13008,1708,9,Fog,Afternoon,Weekday,Street,1
Jaipur,39,18974,1320,0,Clear,Afternoon,Weekday,Highway,0
Lucknow,35,16055,1433,11,Clear,Afternoon,Weekend,Main Road,1
Jaipur,49,19615,1982,6,Fog,Night,Weekend,Highway,1
Kolkata,46,6118,1294,6,Fog,Night,Weekday,Highway,0
Pune,38,8960,822,10,Fog,Afternoon,Weekend,Main Road,1
Bangalore,8,18945,1579,3,Fog,Morning,Weekend,Highway,1
Ahmedabad,54,13464,1131,10,Fog,Morning,Weekend,Street,1
Hyderabad,37,8596,1900,0,Fog,Night,Weekday,Highway,0
Kolkata,40,8240,1533,2,Clear,Night,Weekday,Street,0
Jaipur,34,5942,1201,4,Rain,Afternoon,Weekday,Main Road,0
Chennai,79,14536,1772,11,Fog,Morning,Weekend,Main Road,1
Bangalore,17,2600,766,1,Fog,Evening,Weekday,Main Road,0
Kolkata,33,6700,135,6,Fog,Afternoon,Weekday,Highway,0
Hyderabad,47,7071,153,9,Rain,Night,Weekday,Main Road,0
Pune,52,11248,192,9,Fog,Night,Weekend,Main Road,0
Bangalore,9,13523,254,6,Fog,Night,Weekday,Street,0
Hyderabad,33,18093,690,11,Rain,Evening,Weekday,Highway,1
Lucknow,60,18177,1831,9,Fog,Morning,Weekday,Highway,1
Lucknow,77,12047,1111,4,Rain,Night,Weekend,Main Road,0
Hyderabad,21,6765,1436,11,Rain,Afternoon,Weekday,Highway,0
Kolkata,58,1026,1694,9,Fog,Evening,Weekday,Main Road,1
Bangalore,69,7693,1382,5,Clear,Morning,Weekend,Street,0
Kolkata,10,7609,1125,0,Clear,Afternoon,Weekday,Highway,0
Mumbai,6,10314,50,3,Fog,Afternoon,Weekday,Highway,0
Jaipur,13,17258,60,3,Rain,Evening,Weekday,Street,1
Mumbai,65,6309,1899,10,Rain,Evening,Weekday,Highway,1
Lucknow,20,1011,796,7,Rain,Evening,Weekend,Main Road,0
Pune,57,16389,1713,1,Fog,Night,Weekend,Highway,1
Delhi,46,14671,1287,0,Clear,Morning,Weekend,Highway,0
Jaipur,8,6774,1005,6,Rain,Night,Weekday,Street,0
Lucknow,10,17563,804,5,Rain,Evening,Weekday,Street,1
Kolkata,73,1796,1629,4,Fog,Evening,Weekday,Main Road,1
Kolkata,67,8279,567,11,Clear,Evening,Weekday,Highway,0
Kolkata,11,8188,1741,7,Clear,Night,Weekend,Highway,0
Pune,12,3024,1488,10,Fog,Afternoon,Weekday,Street,1
Mumbai,10,8666,1081,1,Clear,Evening,Weekend,Main Road,0
Delhi,25,4217,54,1,Fog,Night,Weekday,Highway,0
Kolkata,49,7584,1435,8,Rain,Evening,Weekday,Main Road,1
Ahmedabad,49,6285,743,0,Fog,Night,Weekend,Highway,0
Jaipur,11,8370,161,5,Rain,Morning,Weekday,Street,0
Bangalore,62,18903,1053,2,Fog,Morning,Weekday,Street,1
Ahmedabad,36,7856,322,4,Rain,Night,Weekday,Street,0
Delhi,39,3432,471,7,Rain,Evening,Weekday,Street,0
Pune,53,5866,314,6,Fog,Night,Weekend,Street,0
Delhi,78,14566,1531,11,Rain,Morning,Weekday,Street,1
Bangalore,56,6054,261,3,Clear,Night,Weekend,Main Road,0
Jaipur,1,10108,1151,7,Fog,Morning,Weekend,Street,1
Bangalore,56,19454,831,10,Clear,Morning,Weekday,Main Road,1
Hyderabad,4,2781,715,10,Rain,Afternoon,Weekday,Street,0
Jaipur,30,18900,1294,9,Rain,Evening,Weekend,Highway,1
Delhi,12,12062,418,10,Rain,Night,Weekend,Highway,0
Kolkata,35,12774,1007,1,Fog,Evening,Weekday,Highway,1
Delhi,77,16958,396,6,Rain,Evening,Weekday,Main Road,1
Delhi,52,10638,74,4,Clear,Morning,Weekend,Street,0
Jaipur,31,2379,1025,10,Clear,Morning,Weekday,Main Road,0
Hyderabad,68,10675,1493,5,Fog,Night,Weekday,Street,1
Delhi,52,11266,1427,2,Clear,Night,Weekend,Highway,0
Ahmedabad,7,18184,1793,10,Fog,Night,Weekday,Main Road,1
Lucknow,22,16195,466,9,Fog,Morning,Weekend,Street,1
Chennai,75,11929,564,6,Rain,Afternoon,Weekday,Main Road,0
Chennai,56,6267,264,6,Clear,Night,Weekend,Main Road,0
Delhi,58,4257,1980,1,Clear,Morning,Weekend,Highway,0
Ahmedabad,64,13069,1185,0,Clear,Afternoon,Weekend,Highway,0
Kolkata,12,1981,1003,9,Rain,Evening,Weekend,Highway,0
Pune,7,11668,1777,1,Fog,Morning,Weekend,Highway,1
Pune,55,19472,963,11,Clear,Night,Weekday,Highway,0
Jaipur,62,12656,1632,7,Clear,Night,Weekday,Street,0
Chennai,73,19510,477,10,Clear,Afternoon,Weekend,Street,1
Delhi,77,9063,782,9,Clear,Afternoon,Weekend,Highway,0
Pune,55,19975,748,2,Rain,Morning,Weekend,Highway,1
Delhi,36,10665,1635,10,Fog,Afternoon,Weekend,Highway,1
Jaipur,24,7437,1782,3,Clear,Morning,Weekend,Main Road,0
Chennai,44,11375,265,7,Clear,Afternoon,Weekday,Highway,0
Bangalore,17,3861,462,2,Fog,Evening,Weekend,Street,0
Lucknow,2,13842,1806,5,Rain,Night,Weekday,Street,1
Lucknow,13,19039,429,1,Rain,Night,Weekend,Main Road,0
Pune,31,19139,1675,2,Rain,Evening,Weekend,Street,1
Lucknow,28,7227,281,0,Rain,Night,Weekday,Highway,0
Bangalore,60,12424,884,8,Clear,Night,Weekend,Main Road,0
Delhi,27,10643,307,3,Fog,Night,Weekend,Main Road,0
Jaipur,15,11310,1738,5,Fog,Night,Weekday,Street,1
Bangalore,79,19951,1329,6,Fog,Evening,Weekday,Highway,1
Jaipur,33,16233,452,1,Rain,Morning,Weekend,Highway,0
Jaipur,20,14200,473,7,Rain,Night,Weekday,Highway,0
Chennai,42,11532,819,11,Fog,Evening,Weekend,Main Road,1
Delhi,12,10680,114,8,Clear,Night,Weekday,Street,0
Ahmedabad,73,11619,239,9,Rain,Evening,Weekend,Street,1
Lucknow,23,8150,1676,10,Clear,Evening,Weekday,Street,1
Ahmedabad,72,2766,999,1,Fog,Morning,Weekend,Highway,0
Chennai,14,4549,222,4,Rain,Afternoon,Weekday,Main Road,0
Jaipur,25,19693,808,1,Clear,Morning,Weekday,Main Road,1
Pune,77,10634,1841,10,Rain,Morning,Weekend,Street,1
Lucknow,31,2976,677,4,Fog,Night,Weekend,Street,0
Lucknow,54,16560,610,6,Fog,Evening,Weekend,Main Road,1
Delhi,5,13165,1300,5,Fog,Afternoon,Weekday,Street,1
Hyderabad,13,3490,1050,3,Clear,Evening,Weekend,Main Road,0
Mumbai,28,12995,1654,1,Rain,Night,Weekend,Main Road,0
Mumbai,43,13019,1461,6,Rain,Evening,Weekday,Street,1
Mumbai,47,8425,450,11,Rain,Night,Weekday,Main Road,0
Hyderabad,71,13857,687,9,Fog,Morning,Weekend,Main Road,1
Delhi,38,9689,998,8,Clear,Morning,Weekend,Street,0
Hyderabad,67,4976,262,0,Fog,Night,Weekday,Street,0
Mumbai,62,15205,102,2,Fog,Morning,Weekday,Street,1
Chennai,39,1704,673,6,Clear,Evening,Weekend,Main Road,0
Bangalore,37,6452,1744,8,Fog,Afternoon,Weekday,Street,1
Jaipur,8,13849,801,4,Fog,Afternoon,Weekday,Street,1
Hyderabad,52,7094,711,6,Rain,Evening,Weekend,Main Road,0
Delhi,33,4681,188,9,Clear,Afternoon,Weekend,Main Road,0
Delhi,42,19300,467,6,Clear,Evening,Weekend,Street,1
Ahmedabad,76,10566,1698,3,Rain,Night,Weekday,Street,1
Bangalore,27,8501,192,4,Clear,Afternoon,Weekend,Main Road,0
Pune,8,2845,1955,1,Rain,Night,Weekday,Main Road,0
Lucknow,23,7413,558,7,Fog,Night,Weekday,Highway,0
Mumbai,64,8990,699,11,Clear,Evening,Weekday,Main Road,1
Pune,20,10628,535,0,Clear,Afternoon,Weekday,Main Road,0
Ahmedabad,16,14230,1041,1,Fog,Morning,Weekend,Highway,1
Mumbai,17,18754,1510,11,Fog,Morning,Weekday,Street,1
Bangalore,19,19312,1889,2,Clear,Morning,Weekend,Highway,1
Ahmedabad,8,2636,592,6,Clear,Morning,Weekday,Main Road,0
Mumbai,38,19227,342,5,Clear,Evening,Weekday,Highway,1
Bangalore,38,15707,1693,6,Rain,Night,Weekend,Highway,1
Kolkata,53,18215,1357,10,Clear,Afternoon,Weekend,Highway,1
Pune,31,6538,720,4,Clear,Evening,Weekend,Highway,0
Pune,44,11317,887,3,Fog,Morning,Weekend,Highway,0
Lucknow,60,13454,1087,6,Fog,Afternoon,Weekend,Highway,1
Bangalore,76,16449,683,2,Rain,Evening,Weekend,Street,1
Hyderabad,17,9455,1800,9,Fog,Night,Weekday,Highway,1
Kolkata,79,16059,321,6,Clear,Morning,Weekend,Highway,0
Chennai,73,16630,1098,1,Clear,Afternoon,Weekday,Highway,0
Mumbai,39,2286,371,11,Rain,Afternoon,Weekday,Highway,0
Kolkata,42,2529,855,11,Fog,Morning,Weekend,Main Road,0
Bangalore,48,11000,1754,7,Fog,Night,Weekday,Highway,1
Jaipur,12,7655,1176,11,Fog,Morning,Weekday,Highway,1
Mumbai,18,2877,1939,5,Rain,Night,Weekend,Highway,0
Delhi,79,10941,932,11,Fog,Afternoon,Weekend,Street,1
Pune,6,19862,1113,2,Fog,Morning,Weekday,Highway,1
Bangalore,43,14055,284,2,Fog,Night,Weekend,Main Road,0
Delhi,35,17484,881,4,Clear,Night,Weekend,Street,0
Lucknow,54,4087,1162,2,Rain,Evening,Weekday,Main Road,0
Ahmedabad,62,6828,1173,5,Clear,Night,Weekend,Street,0
Chennai,69,19675,193,1,Rain,Morning,Weekend,Street,1
Chennai,16,18077,1155,7,Fog,Morning,Weekend,Highway,1
Delhi,8,6406,638,10,Clear,Night,Weekday,Highway,0
Pune,31,12432,1644,11,Fog,Morning,Weekday,Street,1
Lucknow,10,4491,278,10,Fog,Afternoon,Weekend,Highway,0
Jaipur,56,14358,1676,8,Rain,Afternoon,Weekend,Highway,1
Pune,76,14354,1939,6,Fog,Morning,Weekend,Street,1
Kolkata,70,4392,1468,2,Clear,Night,Weekday,Street,0
Chennai,20,3268,1586,10,Rain,Afternoon,Weekday,Main Road,0
Kolkata,5,6632,1854,9,Rain,Night,Weekend,Street,1
Mumbai,23,4783,1871,3,Clear,Morning,Weekend,Main Road,0
Hyderabad,9,15479,1270,11,Fog,Evening,Weekday,Main Road,1
Bangalore,58,16387,323,9,Fog,Afternoon,Weekend,Highway,1
Lucknow,59,6969,639,1,Fog,Morning,Weekend,Highway,0
Pune,54,9981,702,8,Fog,Afternoon,Weekday,Street,1
Chennai,46,9850,1873,4,Fog,Night,Weekend,Street,1
Kolkata,22,16172,632,11,Rain,Evening,Weekend,Main Road,1
Ahmedabad,64,18402,1017,1,Rain,Evening,Weekday,Main Road,1
Mumbai,8,19337,1635,9,Clear,Morning,Weekend,Highway,1
Bangalore,20,4657,421,5,Fog,Afternoon,Weekday,Street,0
Bangalore,51,19680,1954,6,Fog,Evening,Weekday,Street,1
Pune,78,18158,1153,1,Fog,Afternoon,Weekday,Street,1
Lucknow,39,10572,1308,0,Clear,Night,Weekend,Street,0
Jaipur,37,4182,1360,6,Fog,Night,Weekend,Highway,0
Ahmedabad,50,13979,868,0,Rain,Morning,Weekend,Highway,0
Pune,34,8867,1740,2,Fog,Evening,Weekend,Main Road,1
Kolkata,75,16155,621,3,Clear,Evening,Weekday,Highway,0
Hyderabad,33,14006,594,1,Rain,Afternoon,Weekday,Main Road,0
Delhi,31,5329,1510,6,Rain,Night,Weekday,Highway,0
Jaipur,54,4097,176,4,Rain,Evening,Weekend,Highway,0
Lucknow,44,2404,782,0,Fog,Morning,Weekday,Street,0
Mumbai,34,6101,1785,11,Clear,Morning,Weekday,Main Road,1
Jaipur,71,2369,466,11,Clear,Evening,Weekend,Main Road,0
Chennai,62,7665,687,7,Fog,Morning,Weekend,Main Road,0
Lucknow,23,19448,90,9,Clear,Evening,Weekday,Highway,1
Hyderabad,46,3765,836,6,Rain,Evening,Weekend,Street,0
Chennai,56,1716,1542,3,Rain,Evening,Weekend,Highway,0
Jaipur,7,14850,346,1,Clear,Evening,Weekend,Street,0
Delhi,61,2711,1670,6,Clear,Afternoon,Weekday,Highway,0
Delhi,3,7261,1674,10,Fog,Evening,Weekday,Main Road,1
Hyderabad,38,17392,91,1,Fog,Morning,Weekday,Highway,0
Bangalore,34,7086,681,5,Fog,Night,Weekday,Main Road,0
Ahmedabad,44,15362,1352,0,Fog,Afternoon,Weekday,Street,1
Mumbai,30,12223,1532,6,Fog,Night,Weekday,Main Road,1
Bangalore,17,17220,82,6,Fog,Night,Weekday,Main Road,0
Delhi,59,14392,1349,11,Rain,Night,Weekday,Main Road,1
Delhi,10,3246,714,3,Clear,Night,Weekend,Main Road,0
Kolkata,18,3822,1163,3,Fog,Night,Weekend,Street,0
Chennai,45,18234,665,9,Rain,Morning,Weekday,Highway,1
Jaipur,59,18491,997,4,Clear,Evening,Weekend,Highway,1
Mumbai,62,17683,1597,1,Clear,Morning,Weekend,Highway,1
Hyderabad,59,10669,209,8,Clear,Afternoon,Weekday,Highway,0
Jaipur,49,2082,507,9,Fog,Morning,Weekday,Main Road,0
Kolkata,63,12148,1781,3,Fog,Afternoon,Weekday,Street,1
Delhi,32,9167,448,10,Fog,Evening,Weekend,Street,1
Hyderabad,10,10557,1892,8,Clear,Night,Weekend,Highway,0
Delhi,11,12728,1847,2,Clear,Evening,Weekday,Highway,1
Mumbai,70,4951,1164,8,Rain,Morning,Weekday,Street,1
Chennai,62,15677,1782,0,Rain,Morning,Weekend,Street,1
Jaipur,47,16969,630,6,Rain,Evening,Weekday,Main Road,1
Jaipur,34,9967,1539,3,Rain,Evening,Weekday,Street,1
Bangalore,17,7768,269,6,Clear,Morning,Weekend,Street,0
Hyderabad,54,18836,1492,9,Fog,Evening,Weekend,Main Road,1
Ahmedabad,76,19065,428,5,Fog,Afternoon,Weekday,Main Road,1
Kolkata,40,15039,1799,3,Fog,Afternoon,Weekend,Main Road,1
Ahmedabad,19,3303,979,3,Fog,Morning,Weekend,Street,0
Bangalore,67,16163,1520,7,Rain,Morning,Weekday,Street,1
Mumbai,53,8157,1013,6,Clear,Evening,Weekday,Street,1
Kolkata,64,19235,1219,3,Fog,Evening,Weekday,Main Road,1
Chennai,47,19281,282,10,Clear,Night,Weekday,Street,0
Ahmedabad,6,17129,1444,5,Rain,Afternoon,Weekday,Street,1
Chennai,16,10519,971,5,Rain,Morning,Weekday,Main Road,1
Ahmedabad,72,1244,283,0,Fog,Morning,Weekday,Highway,0
Chennai,18,9948,775,1,Fog,Morning,Weekend,Highway,0
Ahmedabad,52,10015,416,3,Rain,Morning,Weekday,Street,0
Chennai,48,12019,530,5,Rain,Night,Weekend,Main Road,0
Bangalore,43,3779,1646,5,Clear,Afternoon,Weekday,Main Road,0
Lucknow,39,19230,1436,0,Rain,Night,Weekday,Street,1
Kolkata,49,14723,639,7,Clear,Afternoon,Weekday,Street,0
Hyderabad,12,13803,1584,1,Rain,Morning,Weekday,Highway,1
Mumbai,10,17857,1168,4,Clear,Afternoon,Weekday,Main Road,0
Pune,71,14698,1915,3,Rain,Morning,Weekday,Street,1
Delhi,55,2792,265,4,Rain,Night,Weekend,Main Road,0
Hyderabad,1,16376,774,4,Clear,Afternoon,Weekday,Street,0
Delhi,49,19118,1889,9,Clear,Evening,Weekday,Highway,1
Kolkata,36,14117,761,7,Fog,Afternoon,Weekday,Street,1
Hyderabad,21,8215,1937,9,Fog,Morning,Weekend,Highway,1
Chennai,37,6188,1616,6,Rain,Evening,Weekend,Highway,1
Chennai,24,17018,1875,11,Rain,Morning,Weekday,Street,1
Pune,55,15701,1928,8,Clear,Evening,Weekday,Street,1
Delhi,25,6281,1034,11,Rain,Evening,Weekday,Highway,1
Mumbai,7,1944,1208,10,Fog,Afternoon,Weekday,Main Road,0
Kolkata,71,2511,1156,0,Clear,Afternoon,Weekday,Main Road,0
Chennai,71,13718,440,5,Rain,Evening,Weekend,Highway,1
Lucknow,24,18242,1120,5,Clear,Evening,Weekday,Highway,1
Bangalore,11,9369,441,1,Fog,Evening,Weekend,Street,1
Bangalore,73,13120,767,10,Fog,Morning,Weekend,Street,1
Ahmedabad,12,14721,434,7,Fog,Afternoon,Weekday,Highway,0
Mumbai,35,3615,430,5,Rain,Morning,Weekend,Highway,0
Bangalore,63,18997,1150,10,Rain,Afternoon,Weekday,Main Road,1
Ahmedabad,68,16629,1332,9,Rain,Night,Weekend,Main Road,1
Delhi,57,3840,653,8,Rain,Morning,Weekday,Main Road,0
Chennai,13,15051,983,9,Rain,Afternoon,Weekday,Highway,1
Chennai,23,2774,448,4,Rain,Evening,Weekday,Highway,0
Lucknow,39,14262,149,6,Fog,Evening,Weekday,Main Road,1
Hyderabad,12,4871,1574,5,Fog,Afternoon,Weekend,Main Road,0
Bangalore,34,9273,432,10,Rain,Evening,Weekend,Street,1
Delhi,71,18229,756,4,Fog,Evening,Weekend,Street,1
Jaipur,75,10408,1265,5,Clear,Night,Weekday,Highway,0
Bangalore,31,4260,1653,3,Rain,Night,Weekday,Street,0
Mumbai,62,4145,1974,2,Clear,Night,Weekend,Highway,0
Hyderabad,13,8802,1827,0,Rain,Morning,Weekday,Highway,1
Bangalore,31,3263,1675,0,Rain,Night,Weekday,Highway,0
Delhi,2,9155,1418,5,Fog,Night,Weekend,Main Road,0
Bangalore,15,1922,59,8,Clear,Night,Weekday,Street,0
Mumbai,57,7695,313,7,Fog,Afternoon,Weekend,Street,0
Jaipur,75,6758,1341,11,Rain,Evening,Weekday,Street,1
Kolkata,34,13576,881,1,Clear,Afternoon,Weekday,Street,0
Pune,68,8816,679,8,Rain,Night,Weekend,Main Road,0
Jaipur,75,8556,811,7,Fog,Morning,Weekend,Street,1
Ahmedabad,29,17225,1644,11,Rain,Afternoon,Weekend,Street,1
Bangalore,66,6930,244,8,Rain,Night,Weekend,Main Road,0
Chennai,16,12633,611,3,Fog,Morning,Weekend,Street,1
Lucknow,39,4512,1480,8,Rain,Morning,Weekday,Street,1
Chennai,77,7066,1369,1,Clear,Morning,Weekend,Main Road,0
Jaipur,37,14207,1963,0,Fog,Evening,Weekday,Main Road,1
Chennai,21,15322,146,8,Rain,Morning,Weekday,Main Road,1
Delhi,44,3060,511,9,Fog,Night,Weekend,Main Road,0
Chennai,19,15013,1712,7,Rain,Afternoon,Weekend,Highway,1
Hyderabad,71,3387,807,6,Fog,Afternoon,Weekday,Main Road,0
Kolkata,8,9031,136,7,Fog,Night,Weekend,Street,0
Bangalore,77,2799,1040,11,Clear,Evening,Weekend,Street,0
Chennai,66,3780,126,0,Fog,Evening,Weekday,Street,0
Mumbai,41,2127,1962,8,Clear,Morning,Weekday,Street,0
Kolkata,75,8365,1789,11,Fog,Night,Weekend,Highway,1
Kolkata,70,15635,1556,9,Fog,Morning,Weekday,Highway,1
Chennai,61,8611,1219,10,Rain,Morning,Weekday,Highway,1
Kolkata,26,13646,710,8,Rain,Night,Weekday,Street,0
Lucknow,71,8535,1184,11,Rain,Evening,Weekday,Street,1
Chennai,70,15504,1714,10,Fog,Evening,Weekday,Main Road,1
Delhi,29,10364,814,8,Fog,Afternoon,Weekday,Main Road,1
Jaipur,66,3808,727,5,Clear,Night,Weekday,Street,0
Hyderabad,19,14055,1370,3,Clear,Morning,Weekday,Main Road,1
Pune,68,5297,1499,1,Clear,Night,Weekday,Main Road,0
Ahmedabad,58,12209,1722,10,Rain,Morning,Weekday,Street,1
Kolkata,70,1448,840,3,Rain,Afternoon,Weekend,Highway,0
Delhi,57,6008,1407,6,Clear,Afternoon,Weekend,Street,0
Bangalore,37,18177,1596,0,Fog,Afternoon,Weekend,Street,1
Bangalore,61,17820,632,8,Rain,Afternoon,Weekday,Main Road,1
Ahmedabad,30,7012,720,2,Rain,Morning,Weekday,Main Road,0
Hyderabad,71,2620,1801,3,Clear,Evening,Weekday,Street,0
Kolkata,73,14584,587,11,Rain,Morning,Weekday,Highway,1
Lucknow,25,1948,1871,4,Clear,Afternoon,Weekday,Street,0
Ahmedabad,65,10319,1235,11,Rain,Evening,Weekend,Highway,1
Hyderabad,6,17575,479,2,Fog,Night,Weekday,Highway,0
Kolkata,18,13204,1687,3,Fog,Morning,Weekend,Street,1
Delhi,10,12952,1142,4,Rain,Night,Weekend,Street,0
Jaipur,11,18787,182,11,Clear,Afternoon,Weekend,Street,0
Lucknow,65,19374,238,0,Rain,Night,Weekday,Highway,0
Pune,77,2104,1796,8,Clear,Evening,Weekend,Main Road,0
Bangalore,65,1548,1828,9,Rain,Evening,Weekday,Highway,1
Mumbai,52,12640,1751,9,Fog,Evening,Weekday,Highway,1
Delhi,67,8903,1997,3,Fog,Morning,Weekend,Highway,1
Bangalore,78,19168,1995,8,Rain,Night,Weekend,Main Road,1
Chennai,31,11613,622,3,Rain,Night,Weekend,Highway,0
Mumbai,17,18188,1947,0,Rain,Night,Weekday,Highway,1
Bangalore,55,9990,328,11,Fog,Afternoon,Weekday,Highway,0
Hyderabad,36,12467,1503,4,Fog,Morning,Weekend,Main Road,1
Lucknow,26,5238,1698,8,Clear,Morning,Weekday,Highway,0
Bangalore,53,5367,591,2,Rain,Night,Weekday,Main Road,0
Pune,17,6651,1908,4,Rain,Morning,Weekday,Main Road,1
Jaipur,25,17204,1234,2,Fog,Night,Weekend,Street,1
Hyderabad,2,3093,795,11,Rain,Night,Weekend,Street,0
Delhi,5,5001,948,2,Clear,Night,Weekend,Street,0
Delhi,4,8810,502,0,Rain,Evening,Weekday,Main Road,0
Delhi,36,12272,938,1,Fog,Afternoon,Weekend,Street,0
Delhi,6,5554,900,1,Rain,Morning,Weekday,Street,0
Jaipur,21,19901,219,8,Fog,Afternoon,Weekday,Street,1
Bangalore,77,9697,879,6,Clear,Evening,Weekday,Main Road,0
Kolkata,26,18480,747,7,Clear,Morning,Weekday,Highway,1
Bangalore,55,13371,1130,1,Rain,Night,Weekend,Street,0
Chennai,39,10236,1313,8,Rain,Afternoon,Weekend,Street,1
Lucknow,33,14769,818,2,Fog,Evening,Weekday,Street,1
Mumbai,14,8061,407,9,Clear,Morning,Weekend,Street,0
Kolkata,56,19588,250,1,Clear,Morning,Weekend,Main Road,0
Kolkata,21,4902,493,11,Clear,Afternoon,Weekend,Highway,0
Bangalore,46,2352,1910,0,Clear,Afternoon,Weekend,Highway,0
Kolkata,16,2596,876,8,Rain,Morning,Weekend,Street,0
Ahmedabad,16,9767,1375,7,Rain,Morning,Weekend,Highway,1
Ahmedabad,29,1679,1179,11,Fog,Evening,Weekend,Street,1
Chennai,8,13020,1875,10,Clear,Night,Weekend,Street,1
Mumbai,3,13096,150,3,Rain,Night,Weekend,Highway,0
Pune,19,12385,1170,6,Rain,Evening,Weekend,Highway,1
Jaipur,66,9509,1738,11,Clear,Morning,Weekend,Main Road,1
Bangalore,79,6734,987,2,Rain,Afternoon,Weekday,Street,0
Jaipur,74,16675,78,2,Fog,Afternoon,Weekday,Highway,0
Pune,22,13693,1579,3,Fog,Morning,Weekend,Main Road,1
Bangalore,46,8407,714,1,Clear,Evening,Weekend,Highway,0
Bangalore,13,12786,1511,9,Fog,Morning,Weekend,Highway,1
Mumbai,33,3542,1452,3,Rain,Afternoon,Weekend,Street,0
Jaipur,5,18062,122,9,Fog,Morning,Weekday,Main Road,1
Ahmedabad,77,6366,303,2,Rain,Morning,Weekday,Street,0
Delhi,27,8410,1984,7,Clear,Evening,Weekend,Highway,1
Jaipur,78,10835,565,10,Clear,Night,Weekday,Main Road,0
Lucknow,24,14647,798,1,Rain,Afternoon,Weekend,Street,0
Lucknow,67,6541,1623,10,Rain,Afternoon,Weekday,Main Road,1
Bangalore,63,18218,1093,8,Fog,Morning,Weekend,Highway,1
Delhi,48,11433,1698,2,Rain,Afternoon,Weekday,Main Road,1
Hyderabad,63,11547,584,3,Clear,Afternoon,Weekday,Highway,0
Pune,78,10860,470,9,Rain,Night,Weekday,Street,0
Chennai,12,11745,495,9,Fog,Afternoon,Weekend,Highway,0
Delhi,28,7818,928,2,Fog,Afternoon,Weekday,Highway,0
Chennai,44,15101,185,2,Rain,Evening,Weekend,Main Road,0
Jaipur,43,6028,1578,7,Fog,Evening,Weekday,Main Road,1
Jaipur,17,16798,1833,7,Fog,Evening,Weekday,Street,1
Chennai,40,11954,1374,5,Clear,Evening,Weekend,Main Road,1
Pune,49,13770,1682,3,Rain,Evening,Weekend,Street,1
Delhi,57,10438,82,0,Clear,Night,Weekend,Highway,0
Hyderabad,64,19156,696,3,Clear,Afternoon,Weekday,Highway,0
Bangalore,75,19548,1840,7,Fog,Morning,Weekend,Main Road,1
Mumbai,57,8111,327,5,Clear,Night,Weekend,Highway,0
Jaipur,74,7113,182,1,Rain,Morning,Weekend,Highway,0
Lucknow,74,3563,799,2,Rain,Evening,Weekday,Street,0
Pune,70,16889,1600,11,Rain,Afternoon,Weekend,Main Road,1
Mumbai,76,9498,1862,6,Clear,Evening,Weekend,Street,1
Hyderabad,43,9131,175,10,Rain,Night,Weekday,Highway,0
Kolkata,23,3696,394,10,Rain,Morning,Weekend,Highway,0
Bangalore,27,8704,66,3,Clear,Afternoon,Weekday,Highway,0
Jaipur,58,17442,873,3,Clear,Night,Weekend,Main Road,0
Bangalore,37,10765,611,4,Clear,Night,Weekend,Highway,0
Mumbai,6,18524,696,7,Clear,Afternoon,Weekend,Highway,0
Bangalore,65,11002,679,6,Fog,Afternoon,Weekend,Street,1
Kolkata,6,12390,1451,8,Clear,Night,Weekday,Main Road,0
Mumbai,50,12668,867,4,Clear,Morning,Weekday,Highway,0
Jaipur,22,19946,109,0,Rain,Morning,Weekday,Street,1
Delhi,25,17244,1710,3,Rain,Night,Weekday,Highway,1
Lucknow,79,7641,516,5,Clear,Night,Weekday,Street,0
Mumbai,72,1941,677,5,Clear,Evening,Weekday,Highway,0
Ahmedabad,51,13815,440,8,Clear,Evening,Weekend,Main Road,0
Kolkata,48,7541,985,9,Rain,Morning,Weekend,Main Road,1
Mumbai,70,16624,734,4,Rain,Evening,Weekend,Street,1
Mumbai,65,10966,1260,4,Clear,Morning,Weekday,Highway,0
Ahmedabad,60,2421,547,5,Rain,Afternoon,Weekend,Main Road,0
Jaipur,46,6765,649,10,Rain,Evening,Weekday,Highway,1
Mumbai,36,17819,1788,5,Clear,Morning,Weekday,Main Road,1
Lucknow,58,18223,1434,2,Rain,Morning,Weekend,Street,1
Bangalore,76,5001,1896,5,Clear,Night,Weekend,Main Road,0
Jaipur,38,13647,1905,7,Fog,Morning,Weekday,Highway,1
Lucknow,11,6248,498,11,Fog,Evening,Weekday,Highway,1
Jaipur,12,5959,1767,5,Fog,Night,Weekday,Highway,0
Lucknow,42,19034,1937,11,Rain,Night,Weekend,Street,1
Kolkata,39,19645,729,10,Fog,Evening,Weekday,Street,1
Lucknow,71,4889,1254,4,Rain,Afternoon,Weekday,Highway,0
Chennai,11,2326,1885,2,Clear,Evening,Weekend,Highway,0
Lucknow,36,6901,179,0,Fog,Evening,Weekday,Main Road,0
Delhi,52,4358,198,4,Rain,Night,Weekend,Main Road,0
Delhi,31,2585,1545,5,Fog,Evening,Weekday,Main Road,1
Pune,33,14500,867,5,Rain,Afternoon,Weekend,Highway,0
Chennai,13,12560,1794,5,Rain,Afternoon,Weekday,Main Road,1
Chennai,18,17772,1696,2,Clear,Afternoon,Weekend,Highway,0
Bangalore,41,16818,997,3,Rain,Night,Weekday,Street,1
Chennai,58,4332,549,2,Rain,Evening,Weekday,Main Road,0
Bangalore,56,18087,1722,1,Fog,Morning,Weekend,Highway,1
Pune,24,3820,1428,7,Clear,Evening,Weekend,Highway,0
Pune,73,16472,1989,6,Rain,Afternoon,Weekday,Street,1
Kolkata,31,5959,1284,10,Fog,Evening,Weekday,Street,1
Delhi,55,18443,707,7,Clear,Night,Weekday,Street,0
Lucknow,10,13366,1669,5,Rain,Evening,Weekday,Street,1
Lucknow,60,2301,1103,10,Fog,Night,Weekday,Main Road,0
Ahmedabad,2,11551,626,11,Clear,Morning,Weekday,Street,1
Ahmedabad,15,5112,1097,6,Clear,Morning,Weekday,Highway,0
Hyderabad,3,13763,1033,0,Clear,Night,Weekend,Highway,0
Jaipur,43,12774,772,9,Clear,Evening,Weekday,Highway,1
Kolkata,31,17882,271,4,Rain,Afternoon,Weekend,Highway,0
Hyderabad,70,9620,651,3,Rain,Night,Weekday,Highway,0
Hyderabad,67,8245,1691,9,Clear,Evening,Weekday,Street,1
Mumbai,56,12831,733,2,Clear,Evening,Weekend,Highway,0
Mumbai,63,3105,791,1,Rain,Evening,Weekday,Street,0
Hyderabad,75,10745,974,8,Fog,Afternoon,Weekend,Street,1
Chennai,15,6630,1662,7,Clear,Afternoon,Weekday,Street,0
Jaipur,10,4206,629,9,Rain,Afternoon,Weekday,Street,0
Kolkata,38,19953,1950,1,Rain,Night,Weekday,Main Road,1
Hyderabad,47,3628,450,5,Fog,Night,Weekday,Main Road,0
Lucknow,57,11068,1938,2,Rain,Afternoon,Weekend,Main Road,1
Jaipur,50,14394,950,2,Clear,Night,Weekend,Main Road,0
Mumbai,71,2067,1677,4,Rain,Afternoon,Weekend,Main Road,0
Lucknow,15,18890,561,6,Clear,Night,Weekday,Highway,0
Mumbai,18,16245,137,6,Rain,Evening,Weekend,Main Road,1
Mumbai,2,10859,1538,10,Clear,Afternoon,Weekday,Highway,0
Jaipur,43,7642,99,9,Clear,Night,Weekend,Highway,0
Mumbai,26,16377,152,0,Rain,Evening,Weekday,Street,1
Pune,71,5066,417,10,Clear,Evening,Weekend,Street,0
Delhi,38,1947,985,6,Rain,Night,Weekend,Street,0
Pune,42,2171,1565,6,Rain,Evening,Weekend,Main Road,1
Delhi,5,16831,1631,5,Rain,Morning,Weekend,Highway,1
Ahmedabad,11,7114,1764,5,Clear,Afternoon,Weekday,Main Road,0
Ahmedabad,65,1171,1852,1,Rain,Afternoon,Weekend,Street,0
Mumbai,34,13818,1341,2,Fog,Evening,Weekend,Street,1
Kolkata,1,10335,1470,2,Clear,Night,Weekend,Highway,0
Kolkata,2,11051,1393,2,Fog,Morning,Weekend,Highway,1
Delhi,20,7209,1593,1,Fog,Night,Weekday,Street,0
Lucknow,61,11380,1522,8,Fog,Afternoon,Weekday,Main Road,1
Jaipur,21,4577,1850,5,Fog,Evening,Weekday,Main Road,1
Mumbai,68,9380,1549,1,Rain,Morning,Weekend,Highway,0
Jaipur,12,5076,947,2,Fog,Evening,Weekend,Street,1
Pune,22,1157,1663,9,Clear,Morning,Weekday,Main Road,0
Kolkata,20,8777,958,5,Fog,Evening,Weekday,Highway,1
Chennai,1,9437,1313,3,Fog,Night,Weekday,Highway,0
Pune,30,12095,307,6,Fog,Afternoon,Weekday,Highway,0
Pune,24,16279,1781,5,Rain,Evening,Weekday,Main Road,1
Delhi,14,8200,1915,5,Fog,Evening,Weekend,Highway,1
Bangalore,36,19761,1716,11,Fog,Morning,Weekend,Main Road,1
Pune,69,15847,439,2,Fog,Night,Weekday,Highway,0
Mumbai,75,10041,1416,10,Clear,Night,Weekend,Main Road,0
Hyderabad,24,2810,822,7,Rain,Morning,Weekend,Street,0
Hyderabad,60,8895,803,8,Rain,Night,Weekday,Main Road,0
Mumbai,55,19510,1460,5,Rain,Afternoon,Weekday,Street,1
Bangalore,77,7953,443,1,Clear,Evening,Weekday,Highway,0
Bangalore,24,7323,732,0,Fog,Morning,Weekday,Main Road,0
Delhi,77,6605,1732,2,Clear,Night,Weekend,Highway,0
Kolkata,24,6891,319,2,Rain,Afternoon,Weekend,Street,0
Jaipur,54,4076,198,7,Rain,Afternoon,Weekend,Highway,0
Bangalore,26,19728,1453,4,Rain,Night,Weekend,Highway,1
Chennai,66,1619,860,0,Clear,Night,Weekday,Highway,0
Delhi,38,12094,77,10,Rain,Morning,Weekend,Street,1
Ahmedabad,65,3407,1222,3,Fog,Night,Weekday,Street,0
Lucknow,75,13644,1493,6,Clear,Morning,Weekend,Main Road,1
Ahmedabad,51,4004,329,4,Fog,Evening,Weekend,Main Road,0
Delhi,35,11678,1255,9,Rain,Afternoon,Weekday,Main Road,1
Pune,43,5039,215,5,Rain,Morning,Weekday,Main Road,0
Jaipur,29,2304,66,9,Clear,Afternoon,Weekday,Highway,0
Lucknow,37,6630,1223,3,Fog,Evening,Weekend,Street,1
Ahmedabad,58,8282,388,1,Clear,Night,Weekday,Street,0
Lucknow,54,4307,1118,8,Fog,Morning,Weekend,Highway,0
Chennai,39,18745,1575,1,Rain,Night,Weekend,Main Road,1
Chennai,42,7665,891,1,Clear,Afternoon,Weekday,Street,0
Chennai,28,5294,238,11,Clear,Morning,Weekend,Highway,0
Delhi,29,2787,700,1,Fog,Evening,Weekday,Highway,0
Jaipur,43,2073,1134,0,Rain,Evening,Weekday,Main Road,0
Delhi,3,4599,343,11,Rain,Night,Weekend,Main Road,0
Hyderabad,10,16389,1907,11,Fog,Evening,Weekend,Street,1
Pune,59,12345,1106,2,Fog,Evening,Weekend,Street,1
Pune,14,13318,1372,5,Fog,Night,Weekday,Main Road,1
Chennai,76,17107,464,6,Fog,Night,Weekday,Street,1
Hyderabad,47,4055,1697,0,Fog,Morning,Weekday,Main Road,0
Bangalore,42,18043,852,4,Rain,Morning,Weekend,Highway,1
Bangalore,32,7320,1622,4,Rain,Night,Weekday,Highway,0
Chennai,32,7513,480,0,Clear,Afternoon,Weekend,Highway,0
Ahmedabad,42,5642,1568,3,Rain,Afternoon,Weekday,Street,0
Delhi,32,10321,1173,9,Fog,Morning,Weekday,Main Road,1
Chennai,26,15432,1096,0,Rain,Morning,Weekend,Highway,0
Kolkata,1,5466,1493,0,Rain,Night,Weekend,Highway,0
Lucknow,56,12458,1497,11,Rain,Afternoon,Weekend,Street,1
Pune,2,16879,536,6,Clear,Night,Weekday,Street,0
Bangalore,30,19855,1803,6,Clear,Morning,Weekend,Highway,1
Mumbai,71,9284,138,2,Fog,Evening,Weekend,Street,0
Bangalore,52,11758,1282,6,Fog,Evening,Weekend,Street,1
Pune,9,18665,320,2,Clear,Evening,Weekend,Street,1
Lucknow,22,11991,1822,1,Rain,Night,Weekday,Street,1
Pune,34,5511,949,9,Rain,Afternoon,Weekday,Main Road,0
Mumbai,49,11796,1479,3,Clear,Morning,Weekend,Street,1
Chennai,1,4881,1794,9,Fog,Afternoon,Weekend,Street,1
Hyderabad,73,16668,327,2,Rain,Afternoon,Weekday,Main Road,0
Mumbai,53,3413,255,11,Fog,Morning,Weekend,Street,0
Pune,40,2544,1663,6,Rain,Afternoon,Weekend,Street,0
Pune,45,16729,962,11,Fog,Evening,Weekend,Highway,1
Kolkata,68,5784,377,11,Rain,Morning,Weekday,Highway,0
Kolkata,9,6626,1683,0,Fog,Evening,Weekday,Highway,1
Jaipur,22,5514,907,5,Fog,Night,Weekday,Main Road,0
Kolkata,18,2145,926,1,Fog,Evening,Weekend,Street,0
Delhi,76,10102,911,7,Clear,Night,Weekend,Main Road,0
Hyderabad,43,12498,385,4,Fog,Night,Weekend,Main Road,0
Lucknow,39,6450,655,2,Clear,Morning,Weekday,Street,0
Mumbai,73,18950,641,9,Clear,Evening,Weekday,Street,1
Pune,6,5507,1111,6,Fog,Evening,Weekend,Highway,1
Jaipur,48,14535,1063,10,Clear,Evening,Weekend,Street,1
Jaipur,7,5248,1993,1,Clear,Morning,Weekend,Main Road,0
Lucknow,69,14523,1301,4,Clear,Night,Weekend,Highway,0
Hyderabad,16,4992,1556,10,Rain,Night,Weekend,Main Road,0
Mumbai,1,9522,1207,7,Fog,Night,Weekday,Street,1
Bangalore,37,9027,757,10,Clear,Morning,Weekday,Highway,0
Kolkata,37,12972,1027,0,Fog,Morning,Weekday,Street,1
Chennai,64,16305,1463,0,Clear,Afternoon,Weekday,Highway,0
Jaipur,62,11793,1867,2,Fog,Evening,Weekend,Highway,1
Kolkata,72,1529,1686,2,Clear,Night,Weekday,Highway,0
Kolkata,61,5734,474,6,Rain,Afternoon,Weekday,Street,0
Delhi,33,14898,636,5,Rain,Afternoon,Weekend,Highway,0
Hyderabad,66,19909,855,6,Rain,Evening,Weekday,Highway,1
Chennai,30,13985,1583,3,Clear,Morning,Weekend,Street,1
Bangalore,20,14989,769,10,Fog,Afternoon,Weekday,Main Road,1
Pune,60,3742,1668,1,Clear,Morning,Weekend,Street,0
Delhi,74,5635,1500,1,Rain,Morning,Weekend,Street,0
Kolkata,24,5425,998,9,Clear,Evening,Weekend,Highway,0
Kolkata,4,9661,704,0,Fog,Afternoon,Weekday,Street,0
Ahmedabad,37,4830,523,8,Rain,Night,Weekday,Street,0
Chennai,4,1533,617,6,Clear,Afternoon,Weekend,Street,0
Chennai,77,15250,1434,9,Fog,Night,Weekday,Highway,1
Ahmedabad,77,13247,1872,2,Rain,Night,Weekend,Street,1
Chennai,18,5087,260,1,Fog,Morning,Weekend,Highway,0
Kolkata,66,9953,1252,2,Fog,Night,Weekend,Street,0
Jaipur,48,14293,1993,6,Rain,Evening,Weekend,Highway,1
Mumbai,33,10082,1131,4,Clear,Afternoon,Weekend,Highway,0
Kolkata,58,3355,1146,11,Clear,Morning,Weekend,Street,0
Delhi,73,2955,264,2,Clear,Morning,Weekend,Main Road,0
Hyderabad,28,3971,949,8,Clear,Night,Weekday,Street,0
Ahmedabad,35,6539,1851,1,Fog,Morning,Weekday,Main Road,1
Bangalore,10,8493,1146,6,Clear,Evening,Weekday,Highway,0
Pune,65,19056,516,9,Clear,Evening,Weekday,Main Road,1
Bangalore,42,3836,1344,5,Fog,Morning,Weekday,Main Road,1
Kolkata,9,5939,1572,5,Fog,Morning,Weekday,Highway,1
Delhi,60,4644,403,6,Rain,Evening,Weekend,Main Road,0
Kolkata,15,19681,1307,5,Fog,Night,Weekday,Street,1
Hyderabad,57,4166,1392,1,Rain,Morning,Weekend,Main Road,0
Jaipur,69,10511,1092,10,Rain,Night,Weekday,Highway,0
Pune,22,1183,674,4,Clear,Morning,Weekend,Main Road,0
Hyderabad,64,10475,1648,2,Clear,Evening,Weekday,Highway,1
Ahmedabad,41,12332,421,8,Clear,Morning,Weekday,Highway,0
Ahmedabad,71,16173,233,7,Fog,Morning,Weekday,Street,1
Kolkata,56,10988,1350,9,Fog,Morning,Weekday,Highway,1
Delhi,23,5722,723,10,Clear,Evening,Weekday,Main Road,0
Hyderabad,25,16194,804,1,Clear,Evening,Weekend,Street,1
Lucknow,6,18166,1218,0,Fog,Evening,Weekend,Street,1
Delhi,34,18891,1731,3,Rain,Afternoon,Weekday,Main Road,1
Jaipur,63,15072,1154,3,Rain,Afternoon,Weekend,Main Road,1
Ahmedabad,9,16976,371,11,Clear,Afternoon,Weekend,Street,0
Kolkata,60,6855,484,9,Clear,Afternoon,Weekend,Highway,0
Chennai,49,14294,1906,10,Clear,Evening,Weekend,Street,1
Ahmedabad,51,13046,1116,1,Rain,Morning,Weekday,Street,1
Pune,60,1676,1386,6,Clear,Evening,Weekday,Street,0
Mumbai,70,5090,1979,2,Rain,Afternoon,Weekend,Highway,0
Chennai,37,13498,342,6,Fog,Night,Weekday,Main Road,0
Kolkata,31,13777,737,6,Fog,Night,Weekday,Main Road,0
Lucknow,41,9382,937,0,Fog,Evening,Weekday,Main Road,1
Chennai,62,16006,118,5,Clear,Morning,Weekday,Highway,0
Pune,58,10034,105,3,Fog,Afternoon,Weekend,Highway,0
Delhi,14,9526,680,10,Rain,Morning,Weekend,Main Road,1
Lucknow,36,14930,1277,7,Rain,Morning,Weekend,Main Road,1
Ahmedabad,36,2110,469,7,Rain,Morning,Weekday,Main Road,0
Lucknow,79,17962,616,2,Clear,Afternoon,Weekend,Main Road,0
Hyderabad,8,17445,599,3,Clear,Evening,Weekend,Highway,0
Pune,26,1386,292,0,Rain,Afternoon,Weekend,Main Road,0
Chennai,36,19584,1274,9,Rain,Afternoon,Weekend,Street,1
Hyderabad,48,13906,797,1,Rain,Evening,Weekday,Main Road,1
Lucknow,28,2683,1547,6,Rain,Evening,Weekend,Highway,0
Hyderabad,68,16033,576,10,Fog,Evening,Weekday,Street,1
Bangalore,62,16708,1729,11,Rain,Night,Weekday,Street,1
Pune,76,7321,126,6,Clear,Night,Weekend,Street,0
Jaipur,51,9678,1551,8,Clear,Evening,Weekday,Highway,1
Delhi,42,12924,1894,9,Clear,Morning,Weekday,Main Road,1
Lucknow,29,14565,489,8,Clear,Night,Weekend,Highway,0
Pune,10,9732,1336,8,Clear,Afternoon,Weekend,Highway,0
Jaipur,39,6631,1258,5,Rain,Afternoon,Weekend,Street,0
Jaipur,1,11252,1128,7,Rain,Night,Weekend,Street,0
Kolkata,39,13438,1381,8,Fog,Afternoon,Weekend,Highway,1
Hyderabad,21,6169,565,11,Fog,Evening,Weekday,Street,1
Jaipur,65,7787,1372,6,Fog,Afternoon,Weekend,Highway,0
Bangalore,15,6232,1625,3,Rain,Night,Weekday,Street,0
Pune,4,5288,1303,3,Fog,Morning,Weekday,Main Road,1
Mumbai,60,7734,1450,5,Rain,Afternoon,Weekend,Main Road,0
Mumbai,61,18464,1359,10,Clear,Afternoon,Weekday,Main Road,1
Lucknow,20,7240,1211,3,Rain,Morning,Weekday,Street,1
Ahmedabad,10,17581,1551,10,Rain,Night,Weekend,Street,1
Hyderabad,34,8814,664,6,Clear,Morning,Weekend,Main Road,0
Ahmedabad,48,11386,1080,7,Clear,Afternoon,Weekday,Highway,0
Jaipur,33,8851,725,7,Clear,Night,Weekday,Highway,0
Pune,61,2600,1492,7,Fog,Evening,Weekday,Main Road,1
Lucknow,10,7866,1545,1,Fog,Night,Weekday,Street,0
Chennai,54,4692,469,9,Fog,Night,Weekday,Highway,0
Jaipur,65,1332,1950,1,Clear,Evening,Weekend,Highway,0
Hyderabad,77,14709,325,1,Fog,Night,Weekend,Highway,0
Mumbai,1,15109,1634,1,Clear,Afternoon,Weekend,Street,0
Kolkata,5,15847,657,3,Clear,Afternoon,Weekend,Highway,0
Pune,15,15507,620,4,Clear,Afternoon,Weekday,Highway,0
Delhi,28,10963,1816,3,Fog,Afternoon,Weekend,Main Road,1
Ahmedabad,23,7106,1762,4,Fog,Evening,Weekend,Street,1
Lucknow,17,8333,139,3,Clear,Afternoon,Weekday,Main Road,0
Ahmedabad,13,17058,331,6,Fog,Night,Weekday,Highway,0
Pune,14,7655,1621,9,Rain,Morning,Weekday,Street,1
Ahmedabad,11,6308,1244,0,Fog,Evening,Weekend,Street,1
Pune,28,2064,687,0,Clear,Evening,Weekend,Main Road,0
Ahmedabad,42,10080,860,1,Clear,Morning,Weekday,Main Road,0
Bangalore,61,12115,1428,0,Clear,Afternoon,Weekday,Street,0
Chennai,64,7820,1277,11,Rain,Afternoon,Weekend,Street,1
Jaipur,31,9512,1362,9,Clear,Night,Weekday,Main Road,0
Jaipur,73,4957,917,11,Clear,Afternoon,Weekday,Highway,0
Hyderabad,10,19766,511,11,Fog,Afternoon,Weekday,Street,1
Delhi,8,8008,1682,9,Rain,Night,Weekend,Highway,0
Delhi,21,17044,799,10,Fog,Afternoon,Weekend,Main Road,1
Hyderabad,77,18884,1246,2,Clear,Morning,Weekend,Street,1
Kolkata,59,15687,350,5,Clear,Afternoon,Weekday,Main Road,0
Jaipur,50,18952,649,9,Rain,Morning,Weekday,Street,1
Kolkata,69,10711,1984,10,Clear,Morning,Weekend,Street,1
Pune,70,19249,1936,5,Rain,Morning,Weekday,Main Road,1
Pune,30,10597,578,0,Fog,Afternoon,Weekday,Main Road,0
Mumbai,17,16254,189,5,Rain,Afternoon,Weekend,Highway,0
Ahmedabad,75,17388,1839,4,Fog,Evening,Weekday,Main Road,1
Delhi,20,15369,327,6,Clear,Night,Weekday,Main Road,0
Mumbai,48,8959,712,5,Fog,Night,Weekday,Highway,0
Chennai,73,18552,560,11,Fog,Evening,Weekday,Main Road,1
Hyderabad,2,19782,1419,11,Fog,Morning,Weekend,Highway,1
Hyderabad,37,7608,1919,6,Rain,Night,Weekday,Highway,0
Pune,1,1347,1213,1,Fog,Evening,Weekend,Main Road,0
Jaipur,4,13412,163,11,Rain,Morning,Weekend,Highway,0
Kolkata,54,11005,629,0,Rain,Evening,Weekend,Highway,0
Delhi,25,7500,1580,6,Rain,Afternoon,Weekend,Highway,0
Mumbai,3,3574,1439,8,Clear,Afternoon,Weekday,Main Road,0
Kolkata,9,6272,740,1,Clear,Morning,Weekday,Main Road,0
Mumbai,76,17532,686,11,Clear,Morning,Weekend,Highway,1
Ahmedabad,74,9694,1470,6,Rain,Afternoon,Weekend,Main Road,0
Chennai,34,18253,1898,2,Clear,Night,Weekend,Street,1
Chennai,43,4521,872,5,Fog,Night,Weekend,Highway,0
Kolkata,74,2300,1923,2,Rain,Afternoon,Weekday,Street,0
Kolkata,22,13225,924,9,Clear,Night,Weekend,Main Road,0
Kolkata,70,12481,1997,10,Rain,Afternoon,Weekend,Street,1
Mumbai,2,13045,1943,10,Clear,Evening,Weekday,Main Road,1
Ahmedabad,66,19835,1818,10,Fog,Evening,Weekend,Main Road,1
Bangalore,32,5385,989,4,Rain,Evening,Weekday,Highway,0
Kolkata,16,15755,1732,1,Clear,Night,Weekday,Street,0
Jaipur,76,3824,991,7,Clear,Evening,Weekday,Highway,0
Delhi,1,6964,1184,7,Fog,Morning,Weekend,Street,1
Delhi,72,18370,1948,6,Fog,Morning,Weekday,Main Road,1
Mumbai,48,4767,407,5,Clear,Evening,Weekday,Main Road,0
Kolkata,50,14576,1311,0,Clear,Morning,Weekend,Highway,0
Pune,13,13268,52,7,Rain,Evening,Weekend,Street,1
Hyderabad,15,19390,1796,0,Rain,Evening,Weekend,Street,1
Bangalore,53,8925,453,7,Clear,Afternoon,Weekend,Main Road,0
Jaipur,44,4107,74,10,Fog,Evening,Weekday,Highway,0
Ahmedabad,8,9722,1916,1,Rain,Morning,Weekend,Main Road,1
Pune,74,18307,558,7,Clear,Night,Weekday,Main Road,0
Chennai,46,19280,745,9,Fog,Evening,Weekday,Highway,1
Pune,69,8883,1538,11,Fog,Afternoon,Weekend,Street,1
Mumbai,19,14453,110,3,Clear,Morning,Weekend,Street,0
Bangalore,38,18197,1581,6,Clear,Afternoon,Weekend,Main Road,1
Lucknow,11,8618,172,4,Rain,Evening,Weekend,Street,0
Lucknow,43,1782,1570,7,Clear,Evening,Weekday,Highway,0
Kolkata,20,15642,104,11,Rain,Evening,Weekend,Street,1
Kolkata,20,8789,1236,5,Fog,Evening,Weekday,Street,1
Mumbai,21,15002,1023,4,Rain,Morning,Weekday,Main Road,1
Ahmedabad,57,12981,1772,0,Clear,Night,Weekend,Street,0
Kolkata,50,6007,1112,2,Rain,Evening,Weekend,Highway,0
Hyderabad,74,8575,1770,9,Fog,Afternoon,Weekend,Main Road,1
Bangalore,26,17184,1156,8,Fog,Morning,Weekday,Highway,1
Mumbai,30,12294,1780,8,Clear,Morning,Weekday,Street,1
Delhi,73,6637,595,4,Rain,Morning,Weekday,Street,0
Chennai,31,13770,162,2,Clear,Afternoon,Weekend,Main Road,0
Mumbai,42,15542,474,5,Clear,Night,Weekend,Highway,0
Mumbai,68,11908,967,4,Fog,Afternoon,Weekend,Street,1
Lucknow,61,17962,279,0,Rain,Afternoon,Weekend,Street,0
Jaipur,61,13699,1356,1,Clear,Afternoon,Weekend,Main Road,0
Ahmedabad,70,2865,966,11,Fog,Evening,Weekend,Street,1
Jaipur,78,2376,1360,4,Clear,Evening,Weekend,Street,0
Hyderabad,68,15255,204,8,Rain,Afternoon,Weekday,Street,1
Delhi,17,14647,214,11,Clear,Afternoon,Weekday,Highway,0
Lucknow,19,6408,1011,3,Rain,Evening,Weekday,Highway,0
Delhi,51,9163,1255,8,Fog,Evening,Weekday,Highway,1
Hyderabad,70,7283,1312,2,Fog,Night,Weekend,Street,0
Jaipur,63,2976,698,0,Clear,Afternoon,Weekend,Main Road,0
Mumbai,75,7443,1412,5,Fog,Morning,Weekend,Main Road,1
Kolkata,30,14324,987,9,Clear,Night,Weekday,Main Road,0
Kolkata,25,8595,561,6,Clear,Morning,Weekend,Highway,0
Pune,75,5920,981,3,Rain,Night,Weekday,Highway,0
Chennai,71,19271,315,9,Clear,Afternoon,Weekday,Highway,0
Ahmedabad,26,18375,236,4,Rain,Morning,Weekday,Highway,1
Hyderabad,56,6228,1113,3,Clear,Evening,Weekend,Street,0
Chennai,22,12748,1895,2,Rain,Night,Weekend,Main Road,0
Ahmedabad,19,16715,1566,0,Fog,Morning,Weekday,Main Road,1
Chennai,31,15484,1752,5,Clear,Night,Weekday,Highway,0
Jaipur,26,7450,440,9,Rain,Afternoon,Weekend,Main Road,0
Ahmedabad,42,18467,1333,4,Clear,Morning,Weekday,Main Road,1
Jaipur,41,1020,704,10,Rain,Morning,Weekend,Highway,0
Mumbai,23,15717,1789,0,Rain,Morning,Weekday,Highway,1
Lucknow,47,15580,225,4,Clear,Night,Weekend,Highway,0
Jaipur,13,11117,823,5,Clear,Evening,Weekday,Highway,0
Kolkata,66,10664,813,9,Fog,Evening,Weekend,Street,1
Chennai,66,2099,1402,4,Fog,Evening,Weekday,Main Road,1
Pune,16,3637,980,0,Fog,Afternoon,Weekend,Street,0
Bangalore,73,9581,1273,4,Clear,Morning,Weekday,Main Road,0
Ahmedabad,28,8744,760,9,Fog,Evening,Weekend,Street,1
Hyderabad,77,8457,1269,0,Rain,Evening,Weekday,Highway,0
Pune,35,11807,875,10,Clear,Morning,Weekday,Street,1
Kolkata,41,18738,638,2,Rain,Afternoon,Weekday,Highway,0
Jaipur,77,7402,580,11,Rain,Night,Weekday,Highway,0
Lucknow,31,5521,1135,1,Rain,Night,Weekday,Street,0
Mumbai,32,17389,1400,0,Clear,Night,Weekday,Main Road,0
Bangalore,54,9382,1979,3,Clear,Morning,Weekend,Street,1
Delhi,72,13692,330,1,Fog,Afternoon,Weekend,Highway,0
Pune,59,5353,1835,4,Fog,Morning,Weekday,Highway,1
Lucknow,41,16065,276,9,Fog,Night,Weekend,Main Road,0
Delhi,66,15425,688,0,Fog,Evening,Weekday,Main Road,1
Bangalore,54,14111,1131,11,Rain,Evening,Weekday,Main Road,1
Hyderabad,40,9031,970,9,Clear,Evening,Weekend,Highway,0
Hyderabad,28,16510,526,0,Fog,Night,Weekday,Street,0
Chennai,37,6083,1449,10,Rain,Afternoon,Weekday,Main Road,1
Bangalore,65,9816,765,9,Clear,Night,Weekend,Highway,0
Bangalore,74,13317,292,3,Clear,Morning,Weekday,Street,0
Delhi,55,3175,416,6,Clear,Afternoon,Weekday,Main Road,0
Lucknow,4,12341,985,1,Rain,Evening,Weekend,Street,1
Ahmedabad,10,18579,1917,1,Fog,Afternoon,Weekend,Street,1
Delhi,47,3069,1573,0,Clear,Afternoon,Weekday,Highway,0
Mumbai,75,4358,887,4,Rain,Night,Weekday,Highway,0
Hyderabad,14,19822,1325,5,Clear,Afternoon,Weekday,Highway,1
Hyderabad,38,9808,955,5,Rain,Night,Weekday,Street,0
Chennai,12,5244,1395,1,Fog,Morning,Weekday,Main Road,0
Mumbai,45,2811,425,11,Fog,Afternoon,Weekday,Main Road,0
Hyderabad,17,17555,1482,11,Clear,Afternoon,Weekday,Main Road,1
Delhi,35,18009,760,6,Fog,Afternoon,Weekend,Highway,1
Mumbai,66,6906,1561,5,Fog,Evening,Weekday,Main Road,1
Delhi,75,8983,392,7,Rain,Night,Weekday,Main Road,0
Ahmedabad,41,5063,289,5,Rain,Night,Weekend,Highway,0
Ahmedabad,67,11446,188,8,Clear,Evening,Weekday,Main Road,0
Hyderabad,29,9644,1195,9,Rain,Night,Weekday,Main Road,0
Hyderabad,18,10610,469,1,Fog,Morning,Weekend,Main Road,0
Lucknow,20,9142,1634,6,Rain,Evening,Weekday,Street,1
Ahmedabad,14,1753,353,4,Fog,Night,Weekend,Street,0
Pune,34,12564,164,0,Clear,Morning,Weekend,Highway,0
Pune,49,7851,392,2,Fog,Night,Weekend,Highway,0
Chennai,54,6104,1324,3,Rain,Evening,Weekend,Street,1
Ahmedabad,31,16190,56,11,Rain,Night,Weekend,Highway,0
Delhi,58,14421,780,1,Rain,Morning,Weekend,Highway,0
Delhi,42,12202,1662,6,Rain,Morning,Weekend,Main Road,1
Kolkata,58,12103,228,0,Clear,Morning,Weekday,Highway,0
Mumbai,30,10417,1218,2,Fog,Night,Weekend,Highway,0
Jaipur,25,9359,465,11,Rain,Evening,Weekend,Main Road,1
Pune,63,4685,715,8,Fog,Night,Weekday,Main Road,0
Hyderabad,19,10869,1194,10,Clear,Afternoon,Weekday,Street,1
Chennai,72,19366,1197,1,Fog,Evening,Weekend,Highway,1
Jaipur,8,5944,199,4,Rain,Afternoon,Weekend,Main Road,0
Bangalore,3,16410,446,3,Fog,Night,Weekend,Highway,0
Chennai,67,16471,430,11,Rain,Evening,Weekend,Highway,1
Bangalore,17,10678,1853,2,Rain,Afternoon,Weekday,Street,1
Ahmedabad,14,9633,888,4,Clear,Night,Weekday,Street,0
Bangalore,9,9462,50,5,Clear,Evening,Weekend,Street,0
Bangalore,62,14888,1746,0,Fog,Morning,Weekday,Street,1
Lucknow,21,17727,293,1,Fog,Morning,Weekday,Street,1
Lucknow,76,17203,1960,0,Rain,Morning,Weekday,Main Road,1
Lucknow,37,4081,1471,2,Rain,Afternoon,Weekday,Street,0
Ahmedabad,11,10449,1324,7,Rain,Afternoon,Weekend,Main Road,1
Jaipur,20,16657,928,7,Rain,Night,Weekday,Street,1
Chennai,35,3291,1649,3,Clear,Morning,Weekday,Main Road,0
Chennai,53,2532,1372,5,Rain,Afternoon,Weekend,Highway,0
Hyderabad,47,5362,809,11,Clear,Morning,Weekday,Street,0
Lucknow,75,19037,1003,8,Fog,Night,Weekend,Main Road,1
Ahmedabad,52,17015,1370,6,Fog,Evening,Weekend,Street,1
Hyderabad,8,5988,1026,1,Clear,Afternoon,Weekday,Main Road,0
Mumbai,4,7344,1573,10,Rain,Afternoon,Weekday,Main Road,1
Hyderabad,27,9430,1188,1,Fog,Evening,Weekend,Street,1
Jaipur,44,16693,1880,2,Clear,Afternoon,Weekday,Main Road,1
Pune,40,10106,50,7,Fog,Night,Weekend,Highway,0
Bangalore,47,2438,602,9,Rain,Afternoon,Weekend,Street,0
Lucknow,44,15819,1758,8,Clear,Afternoon,Weekday,Highway,1
Pune,48,10652,1673,2,Fog,Evening,Weekend,Main Road,1
Hyderabad,52,7389,531,8,Rain,Night,Weekend,Main Road,0
Ahmedabad,68,4079,1683,11,Clear,Morning,Weekday,Street,1
Bangalore,11,7295,649,11,Clear,Morning,Weekday,Highway,0
Chennai,77,14703,812,9,Clear,Evening,Weekend,Highway,1
Delhi,73,19642,1583,11,Clear,Night,Weekday,Street,1
Bangalore,4,9558,384,7,Fog,Evening,Weekend,Highway,1
Jaipur,76,4741,514,4,Clear,Evening,Weekday,Street,0
Jaipur,73,14881,1214,10,Clear,Morning,Weekend,Street,1
Hyderabad,77,17469,632,9,Clear,Night,Weekday,Main Road,0
Mumbai,48,16414,186,2,Clear,Night,Weekday,Main Road,0
Jaipur,26,15329,1053,10,Clear,Evening,Weekday,Highway,1
Jaipur,77,19877,1684,6,Rain,Morning,Weekday,Street,1
Ahmedabad,39,17382,1736,8,Fog,Night,Weekday,Street,1
Hyderabad,58,9323,999,11,Rain,Evening,Weekend,Street,1
Bangalore,19,8588,736,5,Fog,Afternoon,Weekend,Street,0
Mumbai,77,1903,216,2,Clear,Morning,Weekday,Main Road,0
Pune,77,12648,1416,4,Fog,Night,Weekend,Highway,0
Delhi,58,10955,1483,6,Clear,Night,Weekday,Main Road,0
Lucknow,28,3804,1842,7,Clear,Night,Weekend,Street,0
Chennai,66,18610,959,11,Rain,Morning,Weekend,Highway,1
Jaipur,10,2284,1809,3,Rain,Evening,Weekend,Highway,0
Hyderabad,77,1689,929,1,Rain,Afternoon,Weekday,Street,0
Lucknow,58,5782,891,9,Fog,Night,Weekday,Street,0
Chennai,73,5507,114,1,Fog,Morning,Weekend,Main Road,0
Chennai,14,2996,1654,11,Rain,Night,Weekend,Main Road,0
Pune,15,17813,1140,2,Rain,Evening,Weekend,Street,1
Pune,33,9631,482,7,Clear,Afternoon,Weekend,Street,0
Pune,17,5507,1123,0,Fog,Night,Weekday,Main Road,0
Kolkata,24,1527,1387,6,Clear,Morning,Weekday,Highway,0
Kolkata,30,3996,1382,5,Fog,Evening,Weekend,Highway,1
Chennai,62,4467,1676,1,Rain,Afternoon,Weekday,Highway,0
Pune,13,18745,164,8,Fog,Morning,Weekend,Main Road,1
Ahmedabad,62,15772,1959,11,Fog,Night,Weekday,Street,1
Jaipur,47,1703,618,4,Clear,Morning,Weekend,Highway,0
Lucknow,16,1662,1415,1,Rain,Afternoon,Weekday,Street,0
Lucknow,66,10114,1603,2,Rain,Evening,Weekend,Main Road,1
Kolkata,43,7256,1857,6,Rain,Evening,Weekday,Main Road,1
Chennai,8,9367,691,6,Clear,Night,Weekend,Street,0
Hyderabad,3,14460,544,9,Clear,Night,Weekday,Street,0
Bangalore,12,6297,1342,0,Clear,Night,Weekend,Street,0
Bangalore,16,9573,990,9,Fog,Night,Weekend,Street,0
Kolkata,78,16582,1153,10,Fog,Afternoon,Weekday,Highway,1
Hyderabad,59,6378,1529,10,Clear,Night,Weekday,Street,0
Kolkata,49,14500,1372,11,Clear,Morning,Weekday,Highway,1
Bangalore,63,1305,1017,3,Rain,Afternoon,Weekend,Main Road,0
Hyderabad,62,5697,871,5,Fog,Afternoon,Weekend,Highway,0
Pune,49,19774,251,7,Fog,Night,Weekend,Street,1
Chennai,51,8222,1576,2,Rain,Afternoon,Weekday,Highway,0
Lucknow,33,8933,1810,2,Rain,Morning,Weekend,Main Road,1
Ahmedabad,30,18849,1744,7,Rain,Afternoon,Weekday,Street,1
Mumbai,59,12463,1789,7,Clear,Afternoon,Weekend,Main Road,1
Chennai,76,1402,698,7,Clear,Morning,Weekend,Main Road,0
Pune,15,13901,1558,0,Clear,Morning,Weekend,Street,1
Bangalore,23,7940,1658,7,Clear,Afternoon,Weekday,Highway,0
Pune,78,17022,609,7,Clear,Evening,Weekend,Main Road,1
Kolkata,45,9095,1091,1,Fog,Afternoon,Weekend,Street,0
Hyderabad,62,11842,527,11,Fog,Morning,Weekday,Main Road,1
Lucknow,79,5544,537,8,Fog,Morning,Weekend,Highway,0
Jaipur,71,7074,1032,6,Rain,Morning,Weekday,Main Road,0
Kolkata,15,19732,828,7,Fog,Evening,Weekend,Main Road,1
Chennai,46,7850,1519,1,Rain,Morning,Weekend,Main Road,0
Kolkata,64,1750,389,3,Fog,Night,Weekday,Main Road,0
Chennai,46,2617,1604,6,Clear,Night,Weekend,Highway,0
Jaipur,56,3530,661,5,Fog,Evening,Weekday,Street,1
Delhi,44,4333,165,6,Clear,Morning,Weekday,Main Road,0
Lucknow,75,8234,1931,0,Clear,Morning,Weekend,Highway,0
Ahmedabad,29,1511,123,7,Fog,Night,Weekend,Main Road,0
Ahmedabad,62,15546,1865,6,Fog,Night,Weekend,Main Road,1
Mumbai,52,6082,1342,3,Clear,Afternoon,Weekend,Main Road,0
Pune,54,17636,1710,0,Rain,Evening,Weekend,Highway,1
Delhi,57,9820,165,7,Rain,Afternoon,Weekday,Main Road,0
Ahmedabad,66,4476,1759,9,Fog,Evening,Weekday,Main Road,1
Kolkata,22,10178,1766,6,Clear,Morning,Weekday,Street,1
Pune,20,2725,1811,7,Rain,Morning,Weekday,Highway,0
Delhi,33,19477,1742,9,Fog,Evening,Weekday,Street,1
Hyderabad,72,14765,1237,0,Fog,Afternoon,Weekend,Street,1
Hyderabad,25,2701,1656,4,Clear,Night,Weekday,Street,0
Pune,46,9496,1295,8,Rain,Evening,Weekday,Street,1
Chennai,73,13270,175,4,Fog,Evening,Weekend,Main Road,1
Chennai,57,11472,706,9,Rain,Evening,Weekend,Street,1
Kolkata,5,3807,1249,11,Fog,Morning,Weekend,Highway,1
Delhi,55,16654,713,2,Fog,Evening,Weekend,Main Road,1
Delhi,61,12078,1767,8,Rain,Morning,Weekday,Street,1
Pune,8,8572,1448,8,Rain,Night,Weekend,Street,0
Bangalore,16,18408,1040,3,Clear,Night,Weekday,Highway,0
Hyderabad,48,9698,1067,3,Clear,Afternoon,Weekend,Highway,0
Delhi,61,5856,908,10,Clear,Morning,Weekend,Street,0
Pune,15,7724,1571,7,Clear,Night,Weekday,Street,0
Jaipur,65,10245,134,6,Rain,Night,Weekday,Street,0
Mumbai,22,11866,1949,10,Clear,Afternoon,Weekend,Street,1
Jaipur,3,19951,1456,4,Rain,Afternoon,Weekday,Street,1
Lucknow,54,11096,682,5,Fog,Afternoon,Weekend,Highway,0
Kolkata,14,5587,1714,2,Rain,Morning,Weekend,Highway,0
Delhi,36,5922,1536,5,Clear,Evening,Weekday,Main Road,0
Lucknow,67,6046,500,7,Rain,Morning,Weekday,Main Road,0
Ahmedabad,10,8203,567,9,Rain,Afternoon,Weekday,Highway,0
Lucknow,49,16403,895,10,Rain,Evening,Weekend,Main Road,1
Pune,65,10828,744,8,Rain,Night,Weekday,Street,0
Delhi,57,16797,599,2,Rain,Morning,Weekday,Main Road,1
Mumbai,27,1038,978,7,Clear,Afternoon,Weekend,Street,0
Pune,75,7265,165,11,Rain,Afternoon,Weekday,Street,0
Pune,5,7598,1687,2,Clear,Evening,Weekday,Main Road,0
Kolkata,71,3415,1081,1,Fog,Morning,Weekday,Main Road,0
Kolkata,57,18142,1291,4,Rain,Night,Weekday,Street,1
Hyderabad,15,18148,1792,3,Fog,Night,Weekend,Highway,1
Hyderabad,76,15306,1663,4,Clear,Evening,Weekday,Main Road,1
Chennai,30,15577,1953,5,Rain,Evening,Weekend,Main Road,1
Bangalore,20,12885,453,2,Fog,Night,Weekend,Highway,0
Delhi,37,12377,1640,0,Clear,Evening,Weekday,Main Road,1
Delhi,3,12058,353,3,Fog,Evening,Weekend,Street,1
Lucknow,73,8443,1540,5,Rain,Morning,Weekday,Highway,1
Delhi,41,18701,789,1,Rain,Evening,Weekend,Highway,1
Delhi,39,18084,137,1,Rain,Afternoon,Weekday,Street,0
Bangalore,26,5383,1083,0,Clear,Afternoon,Weekend,Street,0
Ahmedabad,2,2593,357,8,Fog,Afternoon,Weekend,Street,0
Hyderabad,23,15758,483,2,Clear,Evening,Weekend,Highway,0
Hyderabad,23,8026,851,1,Fog,Night,Weekend,Street,0
Mumbai,16,3612,213,3,Clear,Afternoon,Weekend,Main Road,0
Delhi,9,12329,1312,5,Rain,Morning,Weekend,Main Road,1
Bangalore,13,2908,1390,0,Fog,Evening,Weekday,Street,1
Hyderabad,28,7954,1045,8,Fog,Night,Weekend,Main Road,0
Bangalore,27,16185,705,8,Fog,Night,Weekday,Main Road,1
Jaipur,51,19174,1408,7,Clear,Evening,Weekend,Highway,1
Ahmedabad,64,16496,67,5,Rain,Evening,Weekday,Street,1
Delhi,52,3928,1144,3,Fog,Morning,Weekend,Main Road,0
Mumbai,38,10280,1248,1,Clear,Evening,Weekend,Street,0
Lucknow,65,8681,1927,7,Fog,Evening,Weekend,Street,1
Hyderabad,18,5127,1873,6,Rain,Night,Weekend,Main Road,0
Jaipur,63,5963,860,11,Fog,Afternoon,Weekend,Main Road,0
Bangalore,51,12761,388,3,Rain,Afternoon,Weekend,Highway,0
Kolkata,9,14554,297,2,Clear,Night,Weekend,Highway,0
Pune,13,10357,1266,5,Clear,Evening,Weekend,Highway,0
Delhi,40,19409,1492,0,Rain,Morning,Weekday,Main Road,1
Delhi,55,1987,1398,1,Rain,Afternoon,Weekday,Highway,0
Jaipur,79,2965,355,6,Clear,Evening,Weekend,Street,0
Bangalore,43,8316,1853,10,Rain,Afternoon,Weekday,Highway,1
Chennai,44,15046,253,2,Rain,Night,Weekend,Highway,0
Delhi,68,1868,902,0,Fog,Afternoon,Weekday,Highway,0
Chennai,33,19447,1196,1,Clear,Night,Weekend,Street,0
Kolkata,24,18513,1643,9,Clear,Night,Weekday,Street,1
Jaipur,36,5378,1924,9,Rain,Night,Weekday,Main Road,0
Bangalore,10,16463,496,8,Rain,Morning,Weekend,Highway,1
Bangalore,20,19318,762,6,Rain,Evening,Weekday,Street,1
Ahmedabad,75,14246,1564,6,Clear,Night,Weekend,Street,0
Pune,12,2076,482,9,Fog,Night,Weekend,Street,0
Hyderabad,62,19023,1697,7,Clear,Afternoon,Weekday,Main Road,1
Hyderabad,18,16169,1201,11,Fog,Evening,Weekend,Main Road,1
Lucknow,63,7385,1621,11,Rain,Morning,Weekday,Main Road,1
Mumbai,25,9222,1819,7,Clear,Morning,Weekday,Highway,1
Jaipur,12,18087,871,8,Fog,Afternoon,Weekday,Street,1
Kolkata,21,6480,1120,1,Clear,Morning,Weekday,Main Road,0
Bangalore,25,8777,554,7,Fog,Afternoon,Weekday,Main Road,0
Pune,11,6362,164,7,Fog,Evening,Weekday,Street,1
Chennai,64,1950,1489,4,Clear,Afternoon,Weekend,Street,0
Jaipur,73,9250,1840,4,Rain,Afternoon,Weekday,Highway,1
Lucknow,50,3818,1044,3,Clear,Night,Weekday,Highway,0
Jaipur,62,4600,272,4,Rain,Morning,Weekday,Highway,0
Lucknow,49,12341,685,1,Fog,Evening,Weekend,Main Road,1
Bangalore,14,16053,1576,1,Fog,Evening,Weekend,Main Road,1
Mumbai,1,15333,721,4,Clear,Night,Weekend,Street,0
Lucknow,25,7255,1007,10,Clear,Afternoon,Weekday,Highway,0
Bangalore,59,11907,982,2,Rain,Evening,Weekday,Street,1
Bangalore,72,17007,145,0,Rain,Evening,Weekday,Highway,0
Mumbai,69,15241,156,8,Clear,Afternoon,Weekend,Highway,0
Hyderabad,5,13090,681,1,Rain,Afternoon,Weekend,Highway,0
Jaipur,19,13305,1686,11,Rain,Evening,Weekend,Highway,1
Delhi,23,18562,1688,9,Clear,Afternoon,Weekday,Street,1
Delhi,9,14065,1751,1,Clear,Morning,Weekday,Street,1
Chennai,50,13647,1999,3,Fog,Evening,Weekend,Main Road,1
Chennai,16,9523,747,1,Fog,Afternoon,Weekday,Highway,0
Delhi,33,7037,81,6,Clear,Evening,Weekend,Street,0
Kolkata,2,1527,1566,11,Fog,Evening,Weekend,Highway,1
Delhi,14,19443,115,9,Rain,Night,Weekend,Highway,0
Chennai,1,10290,1252,0,Clear,Morning,Weekday,Main Road,0
Pune,58,1211,828,10,Fog,Morning,Weekend,Main Road,0
Chennai,16,19098,1516,1,Clear,Night,Weekend,Street,0
Kolkata,79,11522,965,10,Fog,Night,Weekday,Street,1
Jaipur,47,16115,598,4,Clear,Evening,Weekday,Main Road,1
Delhi,44,6149,250,1,Rain,Morning,Weekend,Street,0
Mumbai,14,10224,1943,8,Fog,Night,Weekday,Street,1
Pune,24,18716,98,3,Clear,Afternoon,Weekday,Main Road,0
Bangalore,55,14621,836,8,Rain,Evening,Weekday,Highway,1
Kolkata,15,7820,1000,10,Fog,Morning,Weekday,Highway,1
Chennai,72,15761,1753,11,Fog,Evening,Weekend,Main Road,1
Mumbai,34,11032,312,0,Clear,Evening,Weekday,Highway,0
Lucknow,2,15002,1206,0,Rain,Afternoon,Weekend,Highway,0
Hyderabad,27,11330,1883,0,Clear,Afternoon,Weekday,Main Road,0
Delhi,74,13743,393,3,Fog,Night,Weekday,Street,0
Hyderabad,72,17827,1249,8,Clear,Afternoon,Weekend,Main Road,1
Kolkata,23,18310,1464,7,Clear,Morning,Weekday,Main Road,1
Lucknow,68,18006,60,6,Rain,Night,Weekday,Highway,0
Lucknow,14,10671,250,0,Rain,Morning,Weekend,Main Road,0
Lucknow,63,12577,994,2,Fog,Morning,Weekend,Highway,1
Bangalore,65,17617,975,8,Rain,Night,Weekend,Main Road,1
Kolkata,68,11222,1882,8,Clear,Afternoon,Weekday,Street,1
Jaipur,63,1386,52,4,Fog,Evening,Weekday,Highway,0
Hyderabad,64,2634,1287,11,Rain,Afternoon,Weekday,Main Road,0
Jaipur,32,9110,857,5,Clear,Morning,Weekend,Highway,0
Mumbai,79,5133,1380,10,Clear,Morning,Weekday,Main Road,0
Ahmedabad,13,10376,1617,5,Fog,Night,Weekend,Main Road,0
Pune,66,6581,609,9,Fog,Morning,Weekend,Main Road,0
Pune,19,2967,1400,3,Rain,Night,Weekend,Highway,0
Jaipur,24,6767,1837,0,Rain,Night,Weekend,Highway,0
Ahmedabad,11,9753,248,4,Rain,Afternoon,Weekend,Street,0
Ahmedabad,59,19383,1989,0,Rain,Morning,Weekday,Street,1
Delhi,15,5901,1674,0,Fog,Afternoon,Weekend,Street,0
Mumbai,10,11121,158,10,Clear,Evening,Weekend,Street,0
Kolkata,41,15633,1364,4,Clear,Afternoon,Weekend,Main Road,0
Ahmedabad,27,11707,157,4,Rain,Morning,Weekend,Highway,0
Chennai,60,19061,1481,6,Fog,Evening,Weekday,Main Road,1
Pune,73,13333,601,1,Rain,Morning,Weekday,Highway,0
Chennai,52,12938,1022,5,Rain,Evening,Weekday,Highway,1
Mumbai,28,12548,101,1,Fog,Morning,Weekend,Main Road,0
Ahmedabad,65,16115,161,9,Clear,Afternoon,Weekday,Main Road,0
Hyderabad,17,10843,344,4,Clear,Morning,Weekday,Highway,0
Pune,44,5177,1653,3,Rain,Night,Weekend,Street,0
Delhi,10,8211,1262,10,Fog,Night,Weekend,Street,1
Delhi,63,8873,1917,9,Clear,Afternoon,Weekend,Highway,0
Lucknow,47,4841,1794,4,Clear,Afternoon,Weekend,Main Road,0
Bangalore,38,7416,114,1,Fog,Evening,Weekend,Main Road,0
Ahmedabad,70,11633,623,7,Fog,Afternoon,Weekday,Highway,0
Mumbai,76,5885,514,7,Clear,Night,Weekday,Main Road,0
Pune,53,1594,307,5,Rain,Afternoon,Weekday,Highway,0
Bangalore,78,15393,1719,2,Rain,Night,Weekday,Highway,0
Mumbai,44,3612,1053,3,Clear,Afternoon,Weekday,Highway,0
Jaipur,74,13288,683,0,Rain,Night,Weekend,Main Road,0
Ahmedabad,54,18880,1404,8,Rain,Evening,Weekday,Street,1
Kolkata,20,5861,1574,9,Fog,Morning,Weekday,Highway,1
Kolkata,79,5766,1756,4,Fog,Morning,Weekday,Main Road,1
Ahmedabad,31,4358,259,7,Fog,Night,Weekday,Street,0
Lucknow,7,15846,1881,2,Rain,Afternoon,Weekday,Highway,1
Lucknow,58,1914,138,3,Fog,Afternoon,Weekend,Street,0
Kolkata,10,19228,1752,3,Fog,Morning,Weekend,Main Road,1
Hyderabad,10,2995,77,7,Clear,Night,Weekday,Street,0
Pune,39,1094,287,11,Fog,Afternoon,Weekend,Street,0
Kolkata,28,9684,385,8,Clear,Morning,Weekday,Main Road,0
Hyderabad,30,16100,112,2,Rain,Night,Weekday,Highway,0
Bangalore,37,1149,1840,6,Fog,Evening,Weekend,Main Road,1
Hyderabad,67,18430,1981,8,Clear,Afternoon,Weekend,Main Road,1
Bangalore,43,3803,1626,1,Clear,Afternoon,Weekend,Highway,0
Mumbai,79,15466,549,3,Clear,Night,Weekday,Highway,0
Chennai,52,8276,1614,2,Rain,Morning,Weekday,Main Road,1
Mumbai,56,1551,840,7,Fog,Night,Weekday,Highway,0
Kolkata,76,16480,1542,3,Rain,Morning,Weekend,Highway,1
Bangalore,68,9486,641,8,Clear,Night,Weekend,Main Road,0
Kolkata,9,18527,1124,0,Rain,Evening,Weekday,Main Road,1
Ahmedabad,23,17839,1185,0,Rain,Afternoon,Weekend,Main Road,1
Pune,63,10745,1946,3,Clear,Morning,Weekend,Main Road,1
Delhi,61,9360,350,2,Fog,Evening,Weekday,Street,1
Kolkata,40,13997,1163,2,Fog,Night,Weekend,Street,0
Pune,44,19330,278,9,Rain,Morning,Weekend,Highway,1
Hyderabad,24,8310,199,11,Fog,Morning,Weekday,Street,1
Mumbai,51,6817,1828,1,Clear,Evening,Weekday,Street,1
Hyderabad,58,11568,1211,9,Fog,Night,Weekday,Street,1
Delhi,33,9070,1208,9,Rain,Evening,Weekend,Highway,1
Bangalore,16,2320,1530,1,Clear,Night,Weekday,Street,0
Ahmedabad,22,7153,1674,7,Clear,Evening,Weekend,Main Road,1
Pune,57,7589,1567,0,Clear,Evening,Weekday,Main Road,0
Ahmedabad,62,16589,576,7,Rain,Evening,Weekday,Highway,1
Chennai,71,4607,382,9,Rain,Evening,Weekday,Highway,0
Kolkata,72,11317,1435,2,Fog,Night,Weekend,Highway,0
Bangalore,70,11432,223,1,Rain,Afternoon,Weekday,Street,0
Chennai,30,1400,1675,8,Clear,Evening,Weekday,Highway,0
Jaipur,23,17746,1286,4,Rain,Night,Weekend,Highway,0
Kolkata,32,4851,1416,4,Rain,Afternoon,Weekend,Highway,0
Hyderabad,57,11498,110,5,Fog,Morning,Weekday,Main Road,0
Mumbai,9,1084,1949,3,Clear,Morning,Weekday,Highway,0
Pune,31,2824,1805,6,Fog,Evening,Weekday,Main Road,1
Delhi,71,13077,1134,6,Fog,Morning,Weekend,Main Road,1
Delhi,9,16930,868,10,Fog,Evening,Weekend,Highway,1
Hyderabad,13,13549,1751,8,Clear,Evening,Weekday,Highway,1
Lucknow,58,11113,573,5,Fog,Afternoon,Weekday,Street,1
Delhi,3,16132,265,0,Clear,Morning,Weekday,Highway,0
Pune,35,9822,1662,8,Fog,Evening,Weekday,Highway,1
Hyderabad,21,8418,1817,11,Fog,Morning,Weekend,Highway,1
Bangalore,64,3371,673,9,Clear,Afternoon,Weekend,Highway,0
Delhi,52,8068,627,8,Rain,Morning,Weekend,Highway,0
Ahmedabad,34,12859,743,4,Fog,Afternoon,Weekday,Highway,0
Hyderabad,35,8464,472,6,Rain,Afternoon,Weekday,Street,0
Pune,15,18110,765,0,Fog,Afternoon,Weekend,Street,1
Ahmedabad,6,14548,1496,3,Rain,Evening,Weekday,Highway,1
Kolkata,32,8121,1444,11,Rain,Night,Weekend,Street,1
Kolkata,52,10840,1279,9,Rain,Evening,Weekday,Main Road,1
Delhi,28,5312,1359,3,Rain,Morning,Weekday,Street,1
Ahmedabad,64,9000,1178,4,Rain,Evening,Weekday,Main Road,1
Mumbai,79,10461,803,5,Clear,Evening,Weekend,Highway,0
Kolkata,78,1318,796,3,Rain,Night,Weekday,Main Road,0
Mumbai,19,16329,737,5,Clear,Morning,Weekday,Highway,0
Bangalore,15,16791,772,9,Fog,Afternoon,Weekend,Street,1
Hyderabad,6,15372,1616,6,Clear,Afternoon,Weekday,Main Road,1
Chennai,73,16935,796,2,Rain,Morning,Weekday,Main Road,1
Pune,38,16701,291,8,Clear,Evening,Weekend,Main Road,1
Hyderabad,26,12250,1564,7,Rain,Night,Weekday,Highway,0
Pune,51,2602,714,0,Clear,Night,Weekend,Highway,0
Ahmedabad,73,19640,757,1,Fog,Morning,Weekday,Street,1
Bangalore,53,10047,1571,1,Rain,Morning,Weekday,Street,1
Jaipur,56,16234,484,9,Rain,Evening,Weekend,Highway,1
Delhi,59,8532,830,8,Clear,Night,Weekday,Street,0
Pune,70,8366,533,11,Clear,Morning,Weekend,Main Road,0
Pune,78,3648,1520,8,Clear,Evening,Weekday,Main Road,0
Ahmedabad,58,7903,433,8,Clear,Evening,Weekend,Main Road,0
Mumbai,13,19242,1583,0,Clear,Morning,Weekday,Street,1
Hyderabad,43,18486,219,6,Rain,Night,Weekday,Main Road,0
Jaipur,76,14788,1070,11,Fog,Afternoon,Weekday,Main Road,1
Lucknow,51,3481,999,10,Clear,Evening,Weekday,Highway,0
Delhi,19,2820,918,2,Rain,Afternoon,Weekday,Highway,0
Chennai,21,11271,372,10,Fog,Evening,Weekend,Street,1
Lucknow,24,4684,897,8,Fog,Night,Weekday,Highway,0
Hyderabad,26,4651,1547,7,Clear,Afternoon,Weekend,Street,0
Delhi,45,11431,1305,2,Rain,Morning,Weekend,Street,1
Pune,28,11131,745,0,Rain,Evening,Weekday,Highway,0
Chennai,29,5830,408,8,Rain,Morning,Weekday,Highway,0
Mumbai,17,8334,1348,9,Rain,Morning,Weekday,Street,1
Jaipur,68,15619,1984,0,Rain,Night,Weekend,Street,1
Mumbai,44,10304,81,2,Fog,Morning,Weekday,Street,0
Bangalore,61,15879,226,5,Fog,Evening,Weekday,Main Road,1
Ahmedabad,68,18032,966,5,Fog,Morning,Weekday,Main Road,1
Delhi,74,15585,114,10,Rain,Morning,Weekday,Highway,1
Mumbai,25,1016,1783,9,Fog,Evening,Weekday,Main Road,1
Lucknow,67,9308,76,3,Fog,Morning,Weekday,Main Road,0
Ahmedabad,2,7476,1736,1,Clear,Night,Weekend,Street,0
Mumbai,49,6942,1888,9,Fog,Evening,Weekday,Main Road,1
Kolkata,70,18929,1552,5,Clear,Night,Weekend,Highway,0
Bangalore,26,3693,317,9,Rain,Morning,Weekend,Main Road,0
Hyderabad,72,16562,646,4,Rain,Afternoon,Weekday,Main Road,1
Jaipur,27,7259,1061,5,Rain,Night,Weekday,Main Road,0
Bangalore,18,16579,115,6,Rain,Night,Weekend,Highway,0
Ahmedabad,54,10468,182,10,Fog,Morning,Weekday,Highway,0
Kolkata,1,5942,1978,8,Clear,Afternoon,Weekday,Street,0
Delhi,61,15651,965,11,Rain,Evening,Weekday,Main Road,1
Lucknow,3,4788,1439,11,Rain,Afternoon,Weekday,Street,1
Jaipur,68,1371,131,6,Clear,Evening,Weekend,Street,0
Jaipur,41,8120,1966,3,Clear,Morning,Weekend,Highway,0
Bangalore,37,6702,1904,9,Clear,Afternoon,Weekend,Street,0
Ahmedabad,51,9347,1031,4,Clear,Morning,Weekday,Main Road,0
Delhi,15,3661,1401,5,Clear,Night,Weekend,Street,0
Pune,8,7651,1171,8,Fog,Afternoon,Weekend,Highway,0
Kolkata,38,5878,634,4,Clear,Evening,Weekend,Highway,0
Pune,56,14091,376,4,Fog,Night,Weekday,Highway,0
Lucknow,47,5315,591,6,Clear,Evening,Weekday,Main Road,0
Delhi,10,10965,1198,1,Clear,Night,Weekday,Street,0
Delhi,78,9308,259,2,Rain,Evening,Weekday,Main Road,0
Kolkata,49,7474,1857,11,Rain,Evening,Weekday,Highway,1
Chennai,41,2374,1798,1,Rain,Morning,Weekend,Main Road,0
Pune,30,12395,182,9,Rain,Night,Weekend,Highway,0
Mumbai,5,8393,1576,9,Rain,Morning,Weekday,Main Road,1
Jaipur,71,5403,206,11,Rain,Morning,Weekday,Main Road,0
Chennai,31,4546,1632,1,Clear,Morning,Weekend,Street,0
Mumbai,52,4977,1942,2,Clear,Morning,Weekend,Street,0
Ahmedabad,23,10388,924,5,Rain,Evening,Weekday,Highway,1
Kolkata,48,9988,431,4,Rain,Morning,Weekday,Street,0
Ahmedabad,40,4892,1095,10,Rain,Morning,Weekday,Street,1
Jaipur,6,15008,1023,4,Clear,Morning,Weekend,Main Road,0
Hyderabad,38,4249,644,1,Rain,Evening,Weekend,Highway,0
Mumbai,41,1111,1492,1,Rain,Night,Weekday,Main Road,0
Chennai,27,18066,521,11,Clear,Evening,Weekday,Main Road,1
Mumbai,75,18545,283,0,Clear,Evening,Weekend,Street,0
Mumbai,69,8400,621,2,Fog,Evening,Weekend,Street,1
Kolkata,57,3379,1527,11,Rain,Night,Weekend,Highway,0
Ahmedabad,17,14180,1773,11,Clear,Morning,Weekday,Street,1
Pune,71,9352,1643,10,Fog,Morning,Weekday,Main Road,1
Hyderabad,47,18809,820,6,Clear,Night,Weekday,Street,0
Kolkata,79,9469,1235,10,Fog,Night,Weekday,Highway,0
Lucknow,13,10748,350,4,Fog,Afternoon,Weekend,Highway,0
Kolkata,11,11107,355,6,Rain,Morning,Weekend,Main Road,0
Jaipur,24,13942,51,8,Rain,Evening,Weekday,Main Road,1
Hyderabad,73,17686,320,5,Fog,Evening,Weekday,Street,1
Delhi,4,5533,470,1,Rain,Morning,Weekday,Highway,0
Lucknow,46,5281,1216,0,Clear,Night,Weekday,Main Road,0
Bangalore,18,5768,749,0,Clear,Afternoon,Weekday,Street,0
Kolkata,43,18384,913,9,Fog,Evening,Weekday,Street,1
Mumbai,33,13198,1926,8,Fog,Afternoon,Weekday,Street,1
Pune,10,19102,1009,5,Clear,Evening,Weekday,Main Road,1
Delhi,73,8169,1043,5,Clear,Evening,Weekday,Main Road,0
Kolkata,59,8361,1809,3,Fog,Morning,Weekday,Street,1
Kolkata,31,4830,1059,11,Clear,Evening,Weekend,Street,1
Chennai,28,3882,928,1,Clear,Afternoon,Weekend,Main Road,0
Chennai,60,1998,741,9,Fog,Afternoon,Weekend,Highway,0
Delhi,3,16942,1608,2,Rain,Morning,Weekend,Street,1
Ahmedabad,55,17668,916,2,Clear,Evening,Weekday,Highway,1
Chennai,14,17246,1110,7,Rain,Afternoon,Weekend,Highway,1
Mumbai,58,19544,156,5,Rain,Night,Weekend,Main Road,0
Lucknow,15,4065,1370,6,Clear,Morning,Weekend,Main Road,0
Bangalore,2,11467,1814,8,Rain,Night,Weekend,Highway,0
Hyderabad,24,18878,1898,0,Fog,Afternoon,Weekend,Main Road,1
Bangalore,78,13076,1170,1,Clear,Night,Weekday,Highway,0
Bangalore,64,3543,330,8,Clear,Morning,Weekend,Highway,0
Hyderabad,71,11033,1183,4,Rain,Night,Weekend,Main Road,0
Chennai,24,2401,598,3,Clear,Afternoon,Weekday,Main Road,0
Delhi,27,17829,601,0,Clear,Night,Weekend,Street,0
Hyderabad,37,5522,1670,8,Rain,Night,Weekday,Main Road,0
Jaipur,39,3551,1887,10,Rain,Night,Weekend,Street,0
Ahmedabad,63,5816,237,8,Clear,Evening,Weekday,Main Road,0
Lucknow,79,8699,801,3,Clear,Afternoon,Weekday,Main Road,0
Pune,26,3629,919,8,Fog,Night,Weekday,Main Road,0
Chennai,65,8687,1561,9,Fog,Afternoon,Weekend,Main Road,1
Ahmedabad,4,11156,1427,0,Clear,Night,Weekend,Highway,0
Hyderabad,29,18441,68,4,Clear,Morning,Weekday,Main Road,0
Jaipur,1,7834,908,0,Fog,Morning,Weekday,Highway,0
Pune,50,19179,1466,3,Rain,Morning,Weekday,Main Road,1
Lucknow,11,5849,1910,11,Clear,Night,Weekday,Main Road,0
Lucknow,74,16782,1334,4,Fog,Afternoon,Weekday,Highway,1
Chennai,59,16827,1034,10,Fog,Morning,Weekday,Main Road,1
Hyderabad,62,10431,459,2,Clear,Evening,Weekday,Street,0
Ahmedabad,36,5150,1476,1,Clear,Morning,Weekday,Street,0
Delhi,56,12289,1743,5,Fog,Morning,Weekday,Main Road,1
Ahmedabad,21,10496,533,10,Clear,Evening,Weekday,Street,1
Ahmedabad,13,7470,1377,2,Rain,Morning,Weekend,Street,1
Lucknow,9,14257,673,9,Clear,Night,Weekday,Street,0
Delhi,11,4712,705,0,Fog,Night,Weekend,Street,0
Delhi,75,13721,817,10,Fog,Morning,Weekday,Highway,1
Chennai,70,13495,67,4,Clear,Afternoon,Weekend,Highway,0
Pune,1,13420,233,1,Fog,Afternoon,Weekday,Highway,0
Kolkata,70,6315,454,1,Rain,Morning,Weekend,Street,0
Bangalore,77,6381,848,3,Clear,Evening,Weekday,Street,0
Bangalore,56,10497,1970,3,Clear,Night,Weekday,Highway,0
Lucknow,31,14494,1204,3,Fog,Night,Weekday,Street,1
Kolkata,37,17950,528,6,Rain,Night,Weekend,Highway,0
Pune,47,16752,1866,0,Clear,Morning,Weekday,Highway,1
Kolkata,78,5622,1830,7,Fog,Night,Weekday,Highway,0
Chennai,47,5132,57,11,Clear,Morning,Weekday,Street,0
Ahmedabad,69,9830,754,9,Rain,Morning,Weekend,Highway,0
Lucknow,58,7995,1391,8,Fog,Afternoon,Weekend,Main Road,1
Delhi,36,3670,1464,9,Clear,Evening,Weekday,Highway,0
Lucknow,32,10364,1592,5,Fog,Evening,Weekday,Highway,1
Bangalore,64,19066,1209,3,Fog,Evening,Weekend,Main Road,1
Pune,71,11041,580,5,Rain,Night,Weekend,Street,0
Kolkata,42,10054,962,9,Rain,Afternoon,Weekday,Highway,0
Pune,48,12637,1724,6,Clear,Afternoon,Weekday,Main Road,1
Chennai,74,11757,1440,5,Fog,Morning,Weekday,Street,1
Lucknow,30,9490,1562,10,Fog,Afternoon,Weekend,Main Road,1
Hyderabad,21,13329,738,0,Fog,Morning,Weekend,Highway,0
Lucknow,60,1770,1084,4,Clear,Afternoon,Weekday,Main Road,0
Delhi,13,4854,602,7,Rain,Morning,Weekend,Street,0
Lucknow,1,4118,495,7,Rain,Night,Weekend,Highway,0
Jaipur,65,19516,1187,11,Fog,Afternoon,Weekday,Main Road,1
Chennai,33,10901,1765,9,Clear,Evening,Weekday,Street,1
Mumbai,38,18374,755,8,Fog,Morning,Weekday,Street,1
Chennai,25,18094,245,3,Rain,Afternoon,Weekend,Highway,0
Kolkata,26,14522,909,9,Fog,Afternoon,Weekend,Highway,1
Mumbai,77,1038,1810,5,Fog,Morning,Weekday,Highway,0
Kolkata,59,18659,1916,6,Fog,Afternoon,Weekend,Highway,1
Kolkata,33,17002,1396,4,Rain,Evening,Weekend,Main Road,1
Delhi,41,5857,1846,10,Clear,Morning,Weekend,Street,1
Delhi,30,17312,1585,7,Fog,Morning,Weekend,Highway,1
Ahmedabad,57,2436,677,2,Rain,Morning,Weekday,Highway,0
Bangalore,49,19483,1030,7,Fog,Morning,Weekend,Highway,1
Ahmedabad,48,8693,1735,4,Clear,Morning,Weekday,Main Road,0
Ahmedabad,72,14218,679,0,Fog,Evening,Weekend,Street,1
Bangalore,49,5251,1238,5,Clear,Morning,Weekday,Street,0
Hyderabad,47,10305,1325,1,Rain,Evening,Weekend,Highway,1
Mumbai,56,11590,1852,6,Clear,Evening,Weekday,Street,1
Pune,65,8662,93,8,Clear,Evening,Weekday,Main Road,0
Ahmedabad,12,4123,1543,2,Rain,Morning,Weekend,Street,0
Lucknow,69,18037,538,9,Clear,Evening,Weekend,Highway,1
Lucknow,6,5158,230,3,Clear,Morning,Weekday,Street,0
Kolkata,65,9700,1150,3,Rain,Evening,Weekend,Main Road,1
Bangalore,25,11531,423,3,Clear,Morning,Weekday,Main Road,0
Kolkata,1,10879,677,2,Clear,Afternoon,Weekday,Street,0
Jaipur,32,6543,1006,4,Fog,Afternoon,Weekday,Street,0
Jaipur,3,14980,116,8,Clear,Evening,Weekday,Highway,0
Pune,49,16156,1598,10,Clear,Night,Weekend,Highway,0
Delhi,19,10580,1165,7,Clear,Night,Weekend,Highway,0
Delhi,60,19581,1831,9,Rain,Afternoon,Weekend,Street,1
Bangalore,29,4911,828,1,Clear,Evening,Weekend,Main Road,0
Bangalore,50,14582,700,11,Rain,Evening,Weekend,Main Road,1
Ahmedabad,2,12120,1926,8,Rain,Evening,Weekday,Street,1
Jaipur,73,6235,1317,11,Clear,Night,Weekend,Main Road,0
Ahmedabad,56,5799,390,9,Clear,Afternoon,Weekend,Main Road,0
Delhi,17,15225,952,1,Clear,Evening,Weekend,Street,1
Mumbai,60,17709,1858,6,Clear,Afternoon,Weekday,Main Road,1
Mumbai,36,4766,1377,4,Clear,Afternoon,Weekend,Street,0
Bangalore,61,5111,447,6,Clear,Morning,Weekend,Highway,0
Kolkata,17,8015,752,4,Clear,Night,Weekend,Main Road,0
Delhi,49,7856,1521,11,Rain,Afternoon,Weekend,Street,1
Mumbai,76,17490,146,5,Fog,Morning,Weekend,Main Road,1
Delhi,60,3426,1404,7,Rain,Night,Weekday,Main Road,0
Chennai,20,15497,1278,0,Clear,Evening,Weekend,Highway,0
Lucknow,50,19915,498,10,Fog,Evening,Weekend,Street,1
Jaipur,3,12336,1491,11,Fog,Morning,Weekend,Highway,1
Ahmedabad,43,6316,1722,0,Clear,Evening,Weekday,Main Road,0
Delhi,57,6362,126,4,Clear,Morning,Weekend,Main Road,0
Lucknow,50,5693,945,0,Rain,Morning,Weekend,Main Road,0
Chennai,68,9990,598,2,Fog,Evening,Weekday,Street,1
Ahmedabad,50,16133,847,9,Fog,Night,Weekend,Highway,1
Delhi,37,15178,1498,8,Clear,Morning,Weekday,Street,1
Bangalore,46,11629,1502,6,Clear,Night,Weekend,Main Road,0
Lucknow,42,19395,1558,11,Fog,Night,Weekday,Highway,1
Ahmedabad,15,15751,864,5,Fog,Morning,Weekday,Main Road,1
Delhi,33,1425,1071,7,Clear,Night,Weekday,Highway,0
Lucknow,11,4044,184,7,Clear,Morning,Weekday,Street,0
Chennai,20,12480,703,5,Clear,Evening,Weekend,Street,1
Delhi,24,12106,1327,3,Rain,Evening,Weekday,Street,1
Delhi,64,7229,1633,3,Rain,Evening,Weekday,Street,1
Delhi,65,2239,1328,3,Clear,Evening,Weekend,Street,0
Pune,73,7566,695,5,Rain,Evening,Weekend,Highway,0
Bangalore,76,5213,1875,0,Fog,Night,Weekday,Highway,0
Chennai,17,4006,769,11,Fog,Night,Weekday,Main Road,0
Ahmedabad,61,8025,1572,1,Clear,Night,Weekend,Highway,0
Pune,15,7558,662,5,Fog,Afternoon,Weekday,Main Road,0
Kolkata,51,2184,533,10,Fog,Afternoon,Weekend,Street,0
Pune,27,19968,1119,0,Fog,Morning,Weekend,Highway,1
Jaipur,74,15430,1516,8,Fog,Afternoon,Weekday,Highway,1
Jaipur,61,9102,1655,11,Fog,Evening,Weekend,Street,1
Delhi,58,14869,697,5,Rain,Evening,Weekend,Street,1
Pune,31,8116,841,6,Rain,Evening,Weekday,Street,1
Kolkata,12,13937,628,11,Clear,Morning,Weekend,Main Road,0
Pune,46,5383,1077,0,Fog,Morning,Weekend,Main Road,0
Bangalore,31,19083,1809,7,Rain,Morning,Weekday,Highway,1
Bangalore,32,5507,50,11,Rain,Morning,Weekend,Street,0
Kolkata,32,15735,1363,11,Rain,Night,Weekend,Highway,1
Pune,53,17519,158,11,Fog,Morning,Weekday,Street,1
Lucknow,61,3025,1850,11,Rain,Morning,Weekend,Street,1
Bangalore,46,5854,1648,11,Clear,Afternoon,Weekend,Street,0
Bangalore,74,6367,509,4,Clear,Night,Weekend,Street,0
Mumbai,7,3890,315,4,Fog,Evening,Weekend,Street,0
Pune,4,4773,1211,5,Clear,Afternoon,Weekday,Main Road,0
Bangalore,52,16819,1507,6,Rain,Morning,Weekend,Highway,1
Chennai,31,2528,93,6,Fog,Evening,Weekday,Street,0
Pune,75,12820,935,4,Clear,Evening,Weekend,Main Road,0
Jaipur,36,6049,1583,0,Fog,Evening,Weekday,Main Road,1
Mumbai,54,1848,993,10,Rain,Afternoon,Weekend,Street,0
Bangalore,54,11119,1032,8,Clear,Night,Weekday,Street,0
Mumbai,17,11357,311,5,Rain,Night,Weekday,Main Road,0
Jaipur,75,17167,777,8,Clear,Evening,Weekend,Street,1
Kolkata,30,13478,682,10,Fog,Morning,Weekend,Main Road,1
Kolkata,22,3121,201,3,Clear,Night,Weekday,Street,0
Pune,43,13910,262,1,Clear,Night,Weekday,Main Road,0
Jaipur,27,5681,1065,2,Clear,Morning,Weekday,Street,0
Hyderabad,37,15755,1307,11,Fog,Afternoon,Weekday,Main Road,1
Hyderabad,46,1472,912,3,Clear,Afternoon,Weekday,Highway,0
Pune,35,19171,672,9,Rain,Morning,Weekday,Street,1
Delhi,4,1113,410,11,Fog,Afternoon,Weekend,Street,0
Mumbai,26,14690,369,7,Fog,Evening,Weekend,Main Road,1
Mumbai,19,7473,271,2,Rain,Night,Weekday,Street,0
Kolkata,45,9530,1811,7,Fog,Afternoon,Weekday,Highway,1
Hyderabad,26,19669,259,5,Clear,Evening,Weekend,Highway,0
Ahmedabad,22,2196,1469,3,Fog,Evening,Weekday,Main Road,1
Bangalore,58,17462,980,6,Rain,Evening,Weekday,Main Road,1
Bangalore,63,7017,1656,10,Fog,Evening,Weekend,Street,1
Bangalore,28,3652,538,4,Rain,Evening,Weekend,Main Road,0
Kolkata,65,11832,1945,4,Fog,Morning,Weekday,Highway,1
Jaipur,44,6385,650,8,Rain,Night,Weekend,Highway,0
Lucknow,43,15708,823,2,Fog,Night,Weekday,Street,1
Hyderabad,37,18211,927,9,Clear,Morning,Weekend,Highway,1
Hyderabad,66,15571,1537,3,Rain,Morning,Weekday,Main Road,1
Ahmedabad,17,12002,749,4,Rain,Evening,Weekday,Street,1
Mumbai,40,4385,1697,0,Fog,Afternoon,Weekday,Street,0
Delhi,38,2965,501,6,Fog,Night,Weekday,Street,0
Pune,61,3427,462,7,Fog,Afternoon,Weekend,Main Road,0
Mumbai,9,3841,1824,5,Clear,Night,Weekend,Street,0
Jaipur,77,7563,525,8,Fog,Evening,Weekend,Street,1
Pune,75,15387,305,2,Rain,Afternoon,Weekday,Highway,0
Hyderabad,61,6840,1223,1,Fog,Night,Weekend,Highway,0
Jaipur,16,16154,176,4,Clear,Night,Weekday,Street,0
Pune,2,15093,441,8,Fog,Evening,Weekday,Main Road,1
Ahmedabad,72,5352,1904,10,Fog,Afternoon,Weekend,Main Road,1
Ahmedabad,43,1184,529,0,Rain,Evening,Weekend,Main Road,0
Chennai,42,11384,1042,0,Fog,Afternoon,Weekday,Main Road,0
Lucknow,77,15319,1470,9,Clear,Afternoon,Weekday,Highway,1
Ahmedabad,57,9437,972,2,Fog,Night,Weekend,Main Road,0
Hyderabad,67,11426,451,9,Fog,Morning,Weekend,Main Road,1
Delhi,30,8504,323,2,Rain,Afternoon,Weekend,Street,0
Bangalore,13,19471,894,4,Fog,Afternoon,Weekend,Main Road,1
Chennai,19,1600,1983,3,Rain,Evening,Weekend,Main Road,1
Bangalore,7,8804,188,5,Rain,Afternoon,Weekday,Main Road,0
Lucknow,9,14249,152,11,Fog,Afternoon,Weekday,Main Road,1
Pune,54,6537,1315,7,Rain,Afternoon,Weekday,Highway,0
Kolkata,61,19440,1190,7,Rain,Afternoon,Weekend,Street,1
Ahmedabad,2,15685,1287,10,Fog,Afternoon,Weekday,Highway,1
Delhi,50,9724,533,3,Fog,Morning,Weekend,Street,0
Lucknow,75,6084,578,0,Clear,Night,Weekend,Street,0
Bangalore,31,3042,1764,6,Clear,Afternoon,Weekend,Street,0
Chennai,33,17741,273,5,Rain,Evening,Weekday,Street,1
Ahmedabad,78,17761,1343,4,Rain,Evening,Weekday,Highway,1
Hyderabad,11,14336,1898,3,Fog,Afternoon,Weekday,Street,1
Ahmedabad,33,14414,1934,5,Clear,Afternoon,Weekday,Main Road,1
Chennai,7,5797,1207,7,Clear,Afternoon,Weekend,Main Road,0
Chennai,31,4307,163,5,Fog,Morning,Weekend,Street,0
Kolkata,48,14721,1514,2,Fog,Night,Weekday,Main Road,1
Ahmedabad,47,3596,693,8,Fog,Evening,Weekday,Main Road,1
Ahmedabad,78,18167,700,2,Fog,Morning,Weekend,Street,1
Kolkata,53,19763,1438,3,Clear,Morning,Weekday,Street,1
Jaipur,19,12795,1305,4,Fog,Afternoon,Weekday,Street,1
Jaipur,6,15984,507,10,Fog,Night,Weekend,Highway,0
Pune,49,13134,424,1,Clear,Afternoon,Weekday,Street,0
Jaipur,73,11782,1677,10,Fog,Evening,Weekday,Street,1
Mumbai,50,10234,1852,9,Clear,Night,Weekday,Highway,0
Ahmedabad,12,19922,660,10,Clear,Afternoon,Weekend,Main Road,1
Delhi,23,15618,256,9,Fog,Evening,Weekday,Highway,1
Ahmedabad,54,18245,1593,1,Fog,Morning,Weekday,Main Road,1
Mumbai,69,19260,1541,5,Rain,Evening,Weekend,Highway,1
Mumbai,59,11027,1955,1,Rain,Evening,Weekend,Street,1
Bangalore,36,14986,1516,9,Clear,Evening,Weekend,Highway,1
Ahmedabad,3,13400,966,0,Clear,Night,Weekend,Street,0
Lucknow,58,4526,370,7,Rain,Morning,Weekend,Main Road,0
Mumbai,55,12593,142,9,Clear,Night,Weekend,Street,0
Delhi,57,2622,1481,9,Rain,Morning,Weekend,Highway,0
Kolkata,17,6518,1231,0,Fog,Afternoon,Weekday,Highway,0
Pune,39,3657,921,9,Fog,Afternoon,Weekend,Main Road,0
Bangalore,68,19316,148,5,Fog,Evening,Weekend,Street,1
Kolkata,55,9699,274,11,Clear,Evening,Weekend,Main Road,0
Bangalore,45,14955,901,0,Fog,Night,Weekday,Street,0
Delhi,76,3656,490,7,Clear,Morning,Weekday,Street,0
Chennai,1,17673,769,4,Fog,Morning,Weekend,Main Road,1
Ahmedabad,21,6858,634,2,Clear,Morning,Weekend,Main Road,0
Hyderabad,21,11401,1474,4,Clear,Evening,Weekend,Street,1
Lucknow,52,9758,1644,0,Rain,Evening,Weekday,Main Road,1
Kolkata,43,2473,1872,0,Rain,Morning,Weekend,Street,0
Ahmedabad,52,14281,113,11,Rain,Evening,Weekday,Main Road,1
Lucknow,67,16964,817,3,Clear,Morning,Weekday,Main Road,0
Chennai,44,19371,609,8,Rain,Night,Weekend,Main Road,1
Hyderabad,32,13057,1352,8,Rain,Afternoon,Weekday,Highway,1
Lucknow,10,8673,1783,0,Rain,Morning,Weekend,Main Road,1
Lucknow,64,15281,719,2,Clear,Evening,Weekday,Highway,0
Kolkata,79,4251,1896,11,Clear,Night,Weekday,Street,0
Jaipur,69,6054,1592,3,Rain,Evening,Weekday,Street,1
Hyderabad,68,2716,1321,1,Rain,Evening,Weekend,Main Road,0
Ahmedabad,28,10204,417,6,Clear,Evening,Weekday,Highway,0
Chennai,53,15106,793,2,Clear,Morning,Weekday,Street,0
Hyderabad,51,2310,667,0,Rain,Night,Weekend,Highway,0
Delhi,53,18001,1055,0,Rain,Morning,Weekday,Highway,1
Jaipur,4,16882,1171,2,Rain,Afternoon,Weekday,Street,1
Delhi,79,5257,1341,5,Clear,Morning,Weekend,Highway,0
Chennai,17,16846,1133,3,Rain,Afternoon,Weekend,Highway,0
Kolkata,67,11420,549,0,Clear,Night,Weekend,Street,0
Kolkata,74,14012,1381,6,Fog,Night,Weekday,Main Road,1
Chennai,47,1468,1566,1,Rain,Morning,Weekday,Main Road,0
Bangalore,56,6905,1056,11,Fog,Morning,Weekday,Highway,1
Chennai,23,13308,460,4,Clear,Evening,Weekday,Main Road,0
Jaipur,18,16634,1067,7,Fog,Afternoon,Weekday,Street,1
Mumbai,1,15801,1213,6,Rain,Evening,Weekend,Street,1
Kolkata,35,18523,1982,10,Fog,Evening,Weekday,Street,1
Pune,64,10628,1401,11,Fog,Night,Weekend,Highway,1
Jaipur,58,9728,513,7,Fog,Morning,Weekday,Street,1
Jaipur,59,18335,751,9,Clear,Night,Weekday,Highway,0
Jaipur,1,12005,1710,10,Rain,Morning,Weekend,Highway,1
Lucknow,3,8890,1998,5,Clear,Night,Weekday,Street,0
Jaipur,67,8077,212,6,Fog,Night,Weekday,Street,0
Kolkata,37,2971,109,8,Fog,Night,Weekend,Highway,0
Mumbai,29,14568,1998,5,Clear,Afternoon,Weekend,Street,1
Mumbai,33,2191,1104,8,Clear,Night,Weekday,Main Road,0
Jaipur,61,13820,382,11,Fog,Afternoon,Weekend,Highway,0
Delhi,4,8765,125,1,Rain,Night,Weekday,Highway,0
Kolkata,14,11254,1828,1,Clear,Morning,Weekend,Street,1
Kolkata,33,4046,366,1,Fog,Afternoon,Weekday,Street,0
Hyderabad,22,12750,1843,5,Fog,Morning,Weekend,Highway,1
Ahmedabad,48,13703,1490,1,Rain,Morning,Weekend,Highway,1
Bangalore,3,17688,239,2,Fog,Morning,Weekday,Highway,1
Bangalore,23,9043,1562,7,Clear,Afternoon,Weekend,Street,0
Delhi,68,5908,1962,7,Fog,Evening,Weekend,Highway,1
Bangalore,21,11627,1388,10,Fog,Afternoon,Weekend,Main Road,1
Hyderabad,43,3804,345,11,Fog,Evening,Weekday,Main Road,1
Chennai,26,11176,550,3,Fog,Afternoon,Weekend,Street,0
Bangalore,41,4936,226,8,Rain,Night,Weekend,Highway,0
Kolkata,38,18096,849,7,Clear,Evening,Weekend,Highway,1
Chennai,11,10873,855,0,Fog,Night,Weekday,Main Road,0
Bangalore,29,12390,909,7,Clear,Evening,Weekday,Highway,1
Kolkata,60,9366,1792,0,Rain,Afternoon,Weekend,Street,0
Kolkata,67,15614,264,3,Clear,Afternoon,Weekday,Street,0
Jaipur,65,7506,1929,9,Rain,Evening,Weekend,Street,1
Mumbai,61,19156,702,5,Clear,Night,Weekday,Highway,0
Delhi,19,18458,646,6,Clear,Morning,Weekend,Highway,0
Hyderabad,46,9783,1767,9,Fog,Evening,Weekday,Main Road,1
Lucknow,49,12170,1405,3,Clear,Evening,Weekend,Main Road,1
Ahmedabad,22,15609,177,7,Fog,Night,Weekend,Street,0
Bangalore,78,8322,1342,7,Fog,Morning,Weekday,Highway,1
Bangalore,57,13174,600,8,Clear,Evening,Weekend,Highway,0
Chennai,14,17208,1608,5,Fog,Morning,Weekend,Street,1
Chennai,44,3410,1827,3,Clear,Morning,Weekend,Street,0
Ahmedabad,16,14636,1439,1,Fog,Afternoon,Weekday,Main Road,1
Bangalore,77,10039,668,6,Fog,Night,Weekend,Main Road,0
Pune,12,15990,397,9,Rain,Evening,Weekend,Street,1
Hyderabad,55,7441,191,2,Rain,Evening,Weekend,Highway,0
Bangalore,51,9685,1218,10,Clear,Morning,Weekday,Main Road,1
Mumbai,39,14778,841,11,Fog,Evening,Weekend,Street,1
Ahmedabad,33,14191,294,2,Rain,Morning,Weekday,Highway,0
Pune,33,10732,1515,2,Rain,Evening,Weekend,Street,1
Hyderabad,29,4956,752,3,Rain,Night,Weekday,Highway,0
Bangalore,69,7553,1363,1,Fog,Evening,Weekday,Main Road,1
Lucknow,70,3365,1764,4,Clear,Morning,Weekday,Highway,0
Jaipur,31,7668,1185,2,Fog,Morning,Weekend,Highway,0
Mumbai,31,6000,263,9,Fog,Evening,Weekday,Street,1
Lucknow,46,4675,1723,4,Rain,Evening,Weekday,Highway,1
Chennai,77,13907,1959,11,Fog,Morning,Weekday,Main Road,1
Chennai,52,18336,249,6,Fog,Afternoon,Weekday,Street,1
Bangalore,10,16136,454,8,Rain,Afternoon,Weekday,Street,1
Chennai,74,12155,470,1,Rain,Evening,Weekday,Street,1
Mumbai,41,13219,56,8,Fog,Night,Weekday,Street,0
Hyderabad,77,4247,1931,9,Rain,Evening,Weekday,Street,1
Kolkata,3,5415,1598,5,Clear,Night,Weekday,Street,0
Delhi,59,7472,641,11,Clear,Evening,Weekend,Street,0
Ahmedabad,52,5848,335,5,Clear,Morning,Weekday,Main Road,0
Hyderabad,34,2037,720,10,Clear,Evening,Weekday,Main Road,0
Kolkata,49,16634,438,2,Clear,Night,Weekday,Street,0
Pune,28,9262,465,9,Rain,Night,Weekday,Highway,0
Mumbai,13,12066,833,8,Rain,Evening,Weekday,Street,1
Lucknow,69,16554,1056,3,Clear,Evening,Weekday,Street,1
Kolkata,67,8008,1786,4,Clear,Afternoon,Weekday,Street,0
Mumbai,61,16263,1223,2,Clear,Evening,Weekend,Highway,1
Jaipur,60,17238,1064,4,Rain,Evening,Weekend,Main Road,1
Lucknow,71,6642,477,7,Rain,Morning,Weekend,Highway,0
Chennai,24,17489,1881,7,Fog,Night,Weekday,Highway,1
Chennai,63,18153,1054,7,Fog,Afternoon,Weekday,Highway,1
Lucknow,61,15531,1366,5,Fog,Morning,Weekend,Highway,1
Pune,23,11384,383,0,Fog,Evening,Weekend,Street,1
Pune,30,17336,321,10,Rain,Night,Weekday,Main Road,0
Pune,60,14661,1116,9,Rain,Evening,Weekday,Highway,1
Kolkata,18,12687,1541,11,Rain,Evening,Weekend,Main Road,1
Ahmedabad,56,14404,368,5,Rain,Evening,Weekend,Street,1
Kolkata,53,5355,1565,11,Clear,Evening,Weekend,Street,1
Bangalore,7,1933,576,10,Fog,Night,Weekend,Main Road,0
Delhi,69,9766,809,9,Rain,Morning,Weekday,Street,1
Lucknow,72,6906,1245,6,Rain,Evening,Weekend,Main Road,1
Hyderabad,79,13572,1803,8,Fog,Evening,Weekend,Highway,1
Delhi,52,13279,1722,11,Rain,Afternoon,Weekday,Street,1
Jaipur,4,11723,370,7,Clear,Afternoon,Weekend,Street,0
Kolkata,34,11611,788,10,Rain,Night,Weekend,Main Road,0
Kolkata,69,9261,1117,11,Fog,Evening,Weekend,Street,1
Mumbai,33,5474,1605,7,Clear,Evening,Weekday,Highway,0
Delhi,69,17638,1704,6,Clear,Evening,Weekday,Street,1
Mumbai,38,5787,503,1,Fog,Night,Weekend,Street,0
Hyderabad,26,14575,795,0,Fog,Night,Weekday,Street,0
Mumbai,1,8862,1953,1,Clear,Evening,Weekday,Main Road,1
Delhi,4,11956,1964,5,Rain,Evening,Weekend,Highway,1
Lucknow,39,11663,978,1,Fog,Night,Weekday,Highway,0
Jaipur,54,17120,897,9,Clear,Evening,Weekend,Street,1
Kolkata,33,4742,917,3,Fog,Morning,Weekday,Street,0
Hyderabad,33,3035,823,9,Rain,Morning,Weekend,Main Road,0
Kolkata,72,2967,132,2,Rain,Night,Weekday,Highway,0
Bangalore,20,2852,592,5,Clear,Morning,Weekday,Street,0
Jaipur,16,11547,371,11,Rain,Afternoon,Weekend,Highway,0
Ahmedabad,21,7618,835,11,Rain,Evening,Weekend,Street,1
Mumbai,45,14859,1307,7,Rain,Afternoon,Weekend,Street,1
Chennai,62,9303,589,10,Fog,Afternoon,Weekend,Main Road,0
Delhi,31,12350,301,5,Clear,Afternoon,Weekday,Highway,0
Kolkata,42,17566,885,1,Clear,Morning,Weekday,Highway,0
Mumbai,12,1164,1838,4,Clear,Evening,Weekend,Street,0
Hyderabad,65,7958,498,10,Rain,Evening,Weekday,Street,1
Kolkata,73,3137,1312,5,Fog,Night,Weekend,Main Road,0
Ahmedabad,3,11215,539,8,Clear,Afternoon,Weekday,Street,0
Jaipur,9,17838,1955,5,Fog,Morning,Weekend,Highway,1
Jaipur,51,19669,513,9,Clear,Afternoon,Weekday,Main Road,1
Kolkata,16,17925,363,4,Rain,Afternoon,Weekend,Highway,0
Hyderabad,78,7033,1248,0,Clear,Evening,Weekday,Main Road,0
Jaipur,3,3665,1779,9,Clear,Night,Weekday,Highway,0
Jaipur,24,14129,1253,4,Rain,Morning,Weekend,Street,1
Ahmedabad,73,13125,434,4,Rain,Evening,Weekday,Highway,1
Delhi,13,7189,344,5,Clear,Afternoon,Weekday,Highway,0
Hyderabad,2,14708,1288,6,Fog,Evening,Weekend,Main Road,1
Hyderabad,71,19072,1035,3,Rain,Afternoon,Weekend,Highway,1
Lucknow,21,6095,1788,6,Clear,Morning,Weekend,Street,0
Lucknow,19,15409,811,4,Rain,Evening,Weekend,Main Road,1
Jaipur,47,8583,1947,5,Fog,Evening,Weekday,Main Road,1
Chennai,22,2637,818,3,Clear,Evening,Weekend,Highway,0
Lucknow,75,15670,1148,11,Clear,Evening,Weekend,Main Road,1
Jaipur,33,6966,393,7,Fog,Evening,Weekend,Street,1
Pune,32,5670,1787,8,Fog,Morning,Weekday,Highway,1
Bangalore,64,6203,191,1,Clear,Night,Weekday,Street,0
Bangalore,39,19274,767,11,Fog,Morning,Weekday,Highway,1
Hyderabad,72,9669,1272,10,Fog,Evening,Weekday,Highway,1
Chennai,42,15968,1992,3,Clear,Afternoon,Weekend,Main Road,1
Ahmedabad,9,3366,1244,10,Rain,Afternoon,Weekday,Main Road,0
Delhi,25,19910,455,7,Fog,Evening,Weekday,Main Road,1
Lucknow,2,1366,1901,7,Rain,Night,Weekend,Highway,0
Pune,19,16647,277,8,Rain,Evening,Weekend,Main Road,1
Jaipur,20,10907,460,2,Rain,Morning,Weekday,Street,0
Chennai,70,7606,1001,0,Fog,Night,Weekend,Main Road,0
Hyderabad,17,1012,947,8,Clear,Night,Weekday,Street,0
Lucknow,68,3317,740,0,Clear,Morning,Weekday,Main Road,0
Chennai,3,16429,927,2,Clear,Night,Weekday,Highway,0
Lucknow,51,8485,836,2,Clear,Evening,Weekend,Main Road,0
Delhi,26,17759,111,8,Clear,Evening,Weekend,Street,1
Delhi,56,1256,1400,0,Clear,Afternoon,Weekday,Street,0
Ahmedabad,64,17833,1789,6,Rain,Morning,Weekday,Main Road,1
Bangalore,8,16903,928,1,Rain,Night,Weekend,Street,0
Mumbai,37,4212,1206,6,Rain,Night,Weekday,Highway,0
Mumbai,27,7175,1657,0,Fog,Night,Weekend,Main Road,0
Lucknow,45,14571,1663,9,Fog,Evening,Weekend,Street,1
Ahmedabad,4,17087,1262,9,Fog,Morning,Weekend,Main Road,1
Mumbai,37,8446,405,7,Clear,Evening,Weekend,Main Road,0
Hyderabad,71,18692,120,9,Rain,Night,Weekday,Main Road,0
Mumbai,33,15877,312,9,Fog,Evening,Weekend,Main Road,1
Kolkata,31,13943,355,1,Rain,Night,Weekend,Main Road,0
Jaipur,55,11306,607,2,Clear,Night,Weekend,Highway,0
Ahmedabad,12,5016,1297,7,Rain,Evening,Weekday,Main Road,1
Hyderabad,11,6912,1401,2,Clear,Night,Weekday,Highway,0
Chennai,72,1442,811,0,Fog,Evening,Weekday,Main Road,0
Hyderabad,32,3944,637,8,Clear,Afternoon,Weekday,Street,0
Bangalore,57,4936,123,7,Clear,Evening,Weekday,Main Road,0
Chennai,38,1398,1584,3,Rain,Afternoon,Weekend,Main Road,0
Pune,60,16696,191,7,Clear,Afternoon,Weekday,Street,0
Jaipur,19,3995,1658,4,Fog,Evening,Weekday,Highway,1
Jaipur,56,7329,151,2,Fog,Morning,Weekend,Highway,0
Jaipur,14,3216,1679,0,Clear,Morning,Weekday,Highway,0
Jaipur,33,19091,1654,9,Rain,Evening,Weekday,Highway,1
Lucknow,10,12523,1138,4,Fog,Evening,Weekend,Street,1
Jaipur,64,3568,242,10,Fog,Night,Weekday,Highway,0
Jaipur,64,1160,1002,5,Clear,Night,Weekday,Highway,0
Jaipur,62,16648,1135,3,Clear,Evening,Weekend,Highway,1
Ahmedabad,68,9067,1605,6,Fog,Morning,Weekday,Highway,1
Lucknow,43,4904,1314,2,Clear,Night,Weekday,Highway,0
Delhi,59,4573,1788,6,Clear,Night,Weekend,Main Road,0
Hyderabad,52,2825,459,0,Fog,Morning,Weekday,Main Road,0
Hyderabad,19,14786,349,6,Rain,Evening,Weekday,Highway,1
Chennai,21,10815,1268,0,Rain,Morning,Weekday,Street,1
Ahmedabad,22,14794,503,10,Fog,Afternoon,Weekday,Street,1
Kolkata,9,2176,623,0,Clear,Night,Weekday,Main Road,0
Hyderabad,9,8820,668,1,Fog,Night,Weekend,Street,0
Mumbai,73,17514,686,1,Fog,Night,Weekday,Main Road,0
Kolkata,27,2499,350,3,Clear,Morning,Weekend,Highway,0
Jaipur,17,8626,828,0,Rain,Morning,Weekday,Highway,0
Jaipur,44,17137,1529,3,Rain,Evening,Weekday,Street,1
Lucknow,45,4708,1038,1,Clear,Night,Weekend,Street,0
Kolkata,8,2769,251,3,Fog,Afternoon,Weekend,Street,0
Mumbai,18,10510,723,3,Clear,Evening,Weekend,Highway,0
Lucknow,33,15226,1929,8,Fog,Morning,Weekday,Highway,1
Chennai,1,16634,351,8,Clear,Afternoon,Weekday,Street,0
Kolkata,76,7731,1697,0,Clear,Evening,Weekend,Street,0
Ahmedabad,6,11965,386,4,Rain,Morning,Weekday,Street,0
Jaipur,41,1375,81,6,Rain,Afternoon,Weekday,Street,0
Jaipur,55,16517,1171,3,Clear,Evening,Weekday,Main Road,1
Bangalore,5,7218,1832,11,Clear,Afternoon,Weekday,Street,1
Lucknow,59,18124,822,4,Rain,Morning,Weekday,Street,1
Delhi,18,9495,1264,1,Fog,Evening,Weekend,Main Road,1
Delhi,49,2085,1614,2,Rain,Morning,Weekday,Main Road,0
Lucknow,65,14073,1121,6,Fog,Night,Weekend,Main Road,1
Ahmedabad,54,12371,1323,9,Rain,Night,Weekday,Main Road,1
Pune,61,18594,1299,6,Rain,Afternoon,Weekday,Street,1
Lucknow,8,12226,1345,3,Fog,Night,Weekday,Highway,0
Ahmedabad,3,11046,714,11,Clear,Morning,Weekday,Highway,0
Chennai,25,17651,1558,0,Rain,Afternoon,Weekend,Highway,1
Jaipur,69,12041,377,0,Rain,Evening,Weekday,Highway,0
Mumbai,55,5349,846,3,Rain,Morning,Weekday,Highway,0
Pune,40,5965,1253,3,Clear,Evening,Weekend,Highway,0
Kolkata,50,14492,863,5,Rain,Evening,Weekday,Main Road,1
Pune,33,14336,714,6,Clear,Evening,Weekday,Main Road,1
Mumbai,18,18373,795,8,Rain,Evening,Weekday,Highway,1
Bangalore,57,13684,1096,8,Fog,Morning,Weekend,Street,1
Jaipur,16,18321,979,9,Rain,Night,Weekday,Street,1
Delhi,38,7654,1012,11,Rain,Morning,Weekend,Highway,0
Ahmedabad,41,8342,1679,11,Clear,Night,Weekend,Street,0
Lucknow,7,3358,1443,4,Clear,Evening,Weekday,Main Road,0
Lucknow,78,7360,1318,9,Clear,Night,Weekday,Main Road,0
Delhi,53,4743,1875,10,Fog,Evening,Weekday,Street,1
Pune,63,8159,1233,2,Fog,Afternoon,Weekday,Highway,0
Jaipur,32,1518,422,2,Clear,Evening,Weekend,Main Road,0
Hyderabad,38,17652,334,5,Fog,Night,Weekday,Street,1
Ahmedabad,22,13925,570,0,Clear,Afternoon,Weekday,Street,0
Chennai,16,15810,1523,6,Fog,Afternoon,Weekday,Main Road,1
Mumbai,52,17239,746,2,Clear,Evening,Weekend,Main Road,1
Pune,29,6475,856,4,Clear,Morning,Weekday,Highway,0
Kolkata,16,5185,696,6,Fog,Night,Weekday,Street,0
Bangalore,76,6161,1695,6,Rain,Afternoon,Weekday,Highway,0
Lucknow,17,10580,1654,8,Clear,Morning,Weekday,Main Road,1
Pune,64,10886,185,0,Clear,Evening,Weekday,Street,0
Bangalore,13,12465,145,2,Rain,Evening,Weekday,Main Road,0
Mumbai,72,12221,1192,8,Clear,Evening,Weekday,Main Road,1
Lucknow,56,3335,1447,7,Clear,Evening,Weekend,Main Road,0
Lucknow,5,4674,323,1,Fog,Night,Weekend,Highway,0
Hyderabad,12,5576,1943,7,Rain,Afternoon,Weekday,Main Road,1
Pune,41,15972,927,7,Clear,Night,Weekday,Highway,0
Jaipur,3,1500,899,1,Clear,Afternoon,Weekday,Main Road,0
Delhi,33,9083,1250,7,Rain,Morning,Weekend,Main Road,1
Delhi,50,9294,1946,2,Rain,Morning,Weekday,Street,1
Chennai,56,16720,1822,6,Fog,Afternoon,Weekday,Main Road,1
Kolkata,9,6543,833,8,Fog,Evening,Weekend,Street,1
Bangalore,50,4276,1350,3,Fog,Morning,Weekend,Street,1
Pune,29,7613,1211,10,Clear,Night,Weekday,Highway,0
Ahmedabad,39,12729,1947,5,Rain,Afternoon,Weekday,Street,1
Kolkata,45,2327,181,8,Fog,Morning,Weekend,Street,0
Hyderabad,17,8772,1117,10,Rain,Afternoon,Weekend,Main Road,0
Lucknow,56,11666,1196,10,Clear,Evening,Weekend,Main Road,1
Jaipur,46,17289,1209,4,Clear,Afternoon,Weekend,Highway,0
Pune,67,19946,1440,11,Rain,Morning,Weekday,Street,1
Kolkata,69,19820,422,0,Rain,Afternoon,Weekday,Street,1
Kolkata,14,6769,1199,2,Fog,Morning,Weekend,Highway,0
Jaipur,67,14663,1512,10,Rain,Morning,Weekday,Main Road,1
Chennai,23,6918,1860,8,Fog,Morning,Weekday,Street,1
Bangalore,61,18473,1649,2,Rain,Night,Weekend,Highway,1
Bangalore,23,5555,857,10,Rain,Evening,Weekend,Main Road,1
Kolkata,27,3394,793,10,Rain,Evening,Weekend,Highway,0
Mumbai,54,1666,100,9,Clear,Afternoon,Weekday,Highway,0
Kolkata,10,13355,1210,1,Clear,Afternoon,Weekday,Street,0
Kolkata,77,3234,1231,3,Clear,Morning,Weekday,Main Road,0
Jaipur,16,7335,105,4,Fog,Evening,Weekend,Street,0
Lucknow,41,18620,1666,6,Fog,Afternoon,Weekday,Street,1
Jaipur,55,19007,793,6,Clear,Afternoon,Weekend,Main Road,0
Pune,61,18758,477,8,Clear,Evening,Weekday,Main Road,1
Kolkata,49,12503,492,7,Rain,Morning,Weekend,Main Road,0
Bangalore,73,7359,1984,1,Rain,Afternoon,Weekday,Street,1
Ahmedabad,52,17560,375,11,Fog,Morning,Weekday,Main Road,1
Bangalore,2,14876,689,7,Fog,Evening,Weekend,Main Road,1
Delhi,50,3928,1711,7,Rain,Evening,Weekend,Main Road,1
Chennai,43,8617,878,4,Fog,Afternoon,Weekday,Highway,0
Hyderabad,77,8614,129,2,Clear,Afternoon,Weekday,Main Road,0
Pune,8,5274,523,8,Rain,Evening,Weekend,Street,0
Pune,59,5971,426,11,Rain,Morning,Weekday,Highway,0
Chennai,65,9389,1942,6,Fog,Morning,Weekday,Street,1
Ahmedabad,12,18352,968,0,Rain,Night,Weekend,Highway,0
Hyderabad,4,3504,382,7,Rain,Evening,Weekend,Main Road,0
Lucknow,77,7006,1248,9,Clear,Afternoon,Weekday,Highway,0
Kolkata,41,8943,1730,4,Rain,Evening,Weekend,Street,1
Hyderabad,7,18653,490,5,Rain,Afternoon,Weekday,Highway,0
Ahmedabad,69,18748,175,8,Rain,Morning,Weekday,Main Road,1
Mumbai,69,1923,1767,9,Rain,Afternoon,Weekend,Main Road,0
Delhi,30,17854,268,7,Clear,Night,Weekday,Street,0
Hyderabad,73,11246,997,10,Rain,Morning,Weekday,Highway,1
Hyderabad,6,13475,327,2,Clear,Night,Weekday,Street,0
Delhi,19,18532,1558,4,Clear,Evening,Weekday,Street,1
Kolkata,66,4086,644,3,Clear,Afternoon,Weekday,Street,0
Hyderabad,10,15860,984,0,Fog,Morning,Weekend,Main Road,1
Delhi,16,18013,190,4,Fog,Afternoon,Weekend,Highway,0
Delhi,37,8407,895,9,Rain,Night,Weekday,Main Road,0
Delhi,79,1774,1057,6,Clear,Morning,Weekday,Main Road,0
Jaipur,77,9709,1680,0,Fog,Night,Weekend,Main Road,0
Ahmedabad,77,17311,926,3,Rain,Morning,Weekday,Highway,1
Jaipur,32,2343,1779,5,Fog,Evening,Weekend,Main Road,1
Mumbai,47,11161,159,10,Clear,Evening,Weekend,Main Road,0
Lucknow,72,12419,1125,11,Rain,Afternoon,Weekend,Main Road,1
Jaipur,43,8797,1688,8,Clear,Night,Weekday,Highway,0
Jaipur,36,1934,662,10,Clear,Night,Weekday,Highway,0
Ahmedabad,26,2986,1727,7,Fog,Morning,Weekday,Street,1
Lucknow,10,15016,762,1,Rain,Evening,Weekday,Main Road,1
Chennai,31,6465,1392,10,Rain,Afternoon,Weekend,Main Road,0
Delhi,29,10966,1272,2,Rain,Evening,Weekday,Highway,1
Pune,5,16721,845,9,Fog,Night,Weekday,Highway,1
Lucknow,77,2505,778,4,Rain,Afternoon,Weekday,Main Road,0
Mumbai,1,6363,1119,10,Fog,Evening,Weekend,Street,1
Kolkata,3,16940,554,6,Rain,Evening,Weekday,Street,1
Mumbai,67,11846,1613,2,Fog,Morning,Weekend,Main Road,1
Delhi,71,2010,1587,11,Rain,Morning,Weekday,Street,1
Lucknow,35,15924,1968,6,Fog,Night,Weekday,Street,1
Mumbai,15,14482,1090,4,Clear,Evening,Weekday,Main Road,1
Mumbai,67,10369,364,9,Clear,Morning,Weekday,Street,0
Chennai,30,4857,1509,5,Clear,Evening,Weekday,Highway,0
Chennai,75,10864,1461,5,Rain,Afternoon,Weekend,Main Road,1
Lucknow,43,11120,126,10,Fog,Evening,Weekday,Highway,1
Delhi,60,12370,1027,10,Clear,Evening,Weekend,Main Road,1
Jaipur,40,3553,948,11,Rain,Night,Weekday,Highway,0
Bangalore,65,16489,1444,3,Fog,Afternoon,Weekday,Street,1
Hyderabad,29,5389,1238,11,Clear,Afternoon,Weekend,Highway,0
Pune,74,17935,1682,7,Clear,Morning,Weekday,Highway,1
Hyderabad,19,12089,1690,8,Rain,Afternoon,Weekend,Highway,1
Ahmedabad,3,10231,1097,1,Fog,Night,Weekend,Highway,0
Chennai,36,4051,761,8,Rain,Morning,Weekday,Highway,0
Lucknow,43,6322,1108,10,Clear,Evening,Weekday,Main Road,1
Hyderabad,15,12789,1587,11,Rain,Afternoon,Weekday,Highway,1
Delhi,41,3555,1874,3,Rain,Evening,Weekday,Highway,1
Pune,36,18473,1917,5,Clear,Morning,Weekday,Main Road,1
Hyderabad,77,13767,903,6,Clear,Afternoon,Weekend,Main Road,0
Pune,33,1458,1534,3,Fog,Morning,Weekend,Street,0
Kolkata,5,16701,1211,7,Fog,Morning,Weekday,Highway,1
Delhi,78,17066,1922,9,Clear,Afternoon,Weekday,Highway,1
Bangalore,14,5721,1647,7,Clear,Afternoon,Weekend,Street,0
Mumbai,68,13446,1884,0,Fog,Morning,Weekend,Highway,1
Pune,47,7304,758,7,Rain,Night,Weekend,Street,0
Delhi,54,14565,1962,9,Clear,Afternoon,Weekday,Main Road,1
Pune,4,11199,1644,11,Clear,Morning,Weekday,Highway,1
Pune,9,2920,314,2,Rain,Evening,Weekend,Highway,0
Jaipur,53,14227,382,4,Fog,Evening,Weekend,Main Road,1
Jaipur,77,8694,237,9,Fog,Afternoon,Weekday,Highway,0
Delhi,78,7298,1136,7,Rain,Afternoon,Weekend,Main Road,0
Jaipur,60,7629,869,10,Clear,Evening,Weekday,Main Road,0
Ahmedabad,46,13719,1352,5,Rain,Morning,Weekend,Street,1
Bangalore,54,6146,1615,3,Clear,Morning,Weekday,Main Road,0
Lucknow,74,18387,1244,3,Fog,Morning,Weekend,Street,1
Delhi,37,11306,1576,11,Clear,Night,Weekend,Main Road,0
Delhi,23,3589,1606,3,Clear,Afternoon,Weekend,Street,0
Ahmedabad,27,5310,348,5,Clear,Night,Weekend,Street,0
Chennai,70,3241,250,6,Clear,Night,Weekday,Street,0
Chennai,66,14601,1208,4,Clear,Night,Weekend,Street,0
Jaipur,61,8711,321,9,Fog,Night,Weekday,Highway,0
Lucknow,77,1938,584,7,Rain,Morning,Weekend,Main Road,0
Jaipur,51,5301,1515,6,Fog,Afternoon,Weekend,Main Road,0
Kolkata,50,4970,1160,7,Clear,Afternoon,Weekday,Main Road,0
Kolkata,19,4999,80,3,Rain,Night,Weekend,Main Road,0
Mumbai,1,4408,1194,7,Clear,Afternoon,Weekend,Street,0
Kolkata,40,14807,118,5,Fog,Evening,Weekday,Highway,1
Chennai,32,9962,1719,2,Fog,Morning,Weekend,Main Road,1
Bangalore,22,17632,932,7,Clear,Afternoon,Weekend,Main Road,0
Kolkata,66,14385,1010,6,Clear,Morning,Weekend,Main Road,0
Jaipur,40,6950,876,9,Rain,Evening,Weekday,Street,1
Pune,38,3926,1569,4,Rain,Morning,Weekend,Main Road,0
Delhi,48,8975,973,10,Clear,Evening,Weekday,Main Road,1
Bangalore,55,7966,1219,3,Rain,Night,Weekday,Highway,0
Bangalore,75,10133,1033,0,Clear,Afternoon,Weekday,Street,0
Jaipur,55,7587,1406,9,Clear,Night,Weekday,Highway,0
Delhi,51,6091,530,2,Clear,Afternoon,Weekend,Main Road,0
Chennai,60,9985,1979,1,Fog,Night,Weekend,Street,1
Bangalore,8,18061,1336,7,Clear,Evening,Weekday,Main Road,1
Mumbai,68,2561,342,7,Clear,Afternoon,Weekend,Main Road,0
Jaipur,75,9644,1502,11,Clear,Night,Weekend,Street,0
Bangalore,72,15785,135,4,Rain,Morning,Weekend,Highway,0
Lucknow,9,4656,1089,4,Clear,Morning,Weekend,Street,0
Delhi,2,17139,777,10,Fog,Night,Weekend,Street,1
Kolkata,70,1209,677,3,Fog,Evening,Weekend,Highway,0
Bangalore,59,5983,167,0,Clear,Night,Weekday,Street,0
Jaipur,19,8141,319,0,Clear,Morning,Weekend,Highway,0
Kolkata,28,11118,1468,5,Clear,Afternoon,Weekday,Highway,0
Mumbai,72,17261,1028,3,Fog,Afternoon,Weekend,Street,1
Kolkata,14,4966,904,3,Rain,Night,Weekday,Street,0
Lucknow,24,11069,211,2,Rain,Afternoon,Weekend,Highway,0
Chennai,44,9818,749,8,Clear,Morning,Weekday,Highway,0
Bangalore,56,11918,1177,2,Rain,Afternoon,Weekday,Highway,0
Hyderabad,51,10650,1726,7,Fog,Night,Weekend,Highway,1
Hyderabad,32,2250,216,1,Clear,Night,Weekend,Highway,0
Kolkata,50,5758,349,3,Rain,Night,Weekday,Street,0
Ahmedabad,41,5363,77,0,Clear,Morning,Weekend,Main Road,0
Delhi,66,3163,1497,10,Clear,Evening,Weekend,Street,1
Hyderabad,25,10815,1857,4,Fog,Afternoon,Weekend,Main Road,1
Ahmedabad,61,2853,611,1,Fog,Night,Weekend,Highway,0
Hyderabad,66,18137,932,10,Rain,Evening,Weekday,Street,1
Ahmedabad,42,2868,205,0,Fog,Night,Weekend,Main Road,0
Delhi,65,17565,1397,0,Clear,Night,Weekend,Highway,0
Pune,36,18897,1421,1,Fog,Morning,Weekend,Street,1
Hyderabad,76,16568,1194,4,Rain,Morning,Weekend,Main Road,1
Lucknow,9,10094,701,11,Rain,Evening,Weekday,Street,1
Bangalore,36,6238,1601,8,Rain,Night,Weekend,Main Road,0
Ahmedabad,38,8089,870,5,Fog,Afternoon,Weekend,Street,0
Bangalore,33,19940,610,11,Fog,Afternoon,Weekend,Street,1
Jaipur,42,6280,1237,3,Fog,Afternoon,Weekday,Main Road,0
Jaipur,61,5244,1135,2,Fog,Evening,Weekend,Street,1
Delhi,46,3164,1413,7,Fog,Morning,Weekday,Street,1
Ahmedabad,61,16149,1739,2,Rain,Evening,Weekend,Highway,1
Mumbai,18,15088,361,0,Rain,Morning,Weekend,Main Road,0
Jaipur,70,19405,425,3,Fog,Afternoon,Weekday,Street,1
Delhi,15,3821,1419,10,Clear,Afternoon,Weekday,Main Road,0
Jaipur,48,11473,199,4,Rain,Morning,Weekend,Street,0
Jaipur,72,14686,1961,4,Clear,Afternoon,Weekend,Main Road,1
Mumbai,13,10762,634,4,Clear,Evening,Weekend,Main Road,0
Hyderabad,43,6969,630,7,Rain,Morning,Weekend,Highway,0
Kolkata,60,13178,1026,7,Clear,Afternoon,Weekend,Highway,0
Pune,57,7168,226,11,Clear,Night,Weekday,Main Road,0
Jaipur,71,18097,403,3,Rain,Afternoon,Weekend,Street,0
Jaipur,17,15096,563,8,Rain,Night,Weekday,Main Road,0
Lucknow,50,8203,358,0,Fog,Afternoon,Weekday,Street,0
Pune,32,4545,168,4,Rain,Night,Weekend,Main Road,0
Mumbai,22,1863,1592,4,Clear,Afternoon,Weekend,Highway,0
Bangalore,55,17148,816,4,Rain,Night,Weekday,Highway,0
Ahmedabad,57,18809,1045,7,Fog,Morning,Weekday,Street,1
Jaipur,13,19688,1022,8,Rain,Morning,Weekend,Main Road,1
Kolkata,47,1653,965,2,Clear,Night,Weekday,Street,0
Ahmedabad,62,9129,527,8,Rain,Afternoon,Weekday,Highway,0
Pune,54,1443,1487,10,Clear,Evening,Weekday,Main Road,0
Ahmedabad,29,6106,636,7,Rain,Evening,Weekend,Highway,0
Hyderabad,22,5436,400,2,Fog,Evening,Weekend,Highway,0
Jaipur,65,10472,1579,1,Fog,Evening,Weekday,Main Road,1
Ahmedabad,29,4039,244,3,Rain,Night,Weekday,Street,0
Bangalore,48,9291,1260,11,Clear,Morning,Weekend,Main Road,0
Bangalore,5,11278,1523,1,Fog,Morning,Weekend,Highway,1
Jaipur,35,17285,545,3,Clear,Evening,Weekday,Highway,0
Chennai,74,14944,564,4,Rain,Morning,Weekend,Highway,0
Bangalore,71,3737,745,1,Fog,Night,Weekend,Highway,0
Ahmedabad,46,2607,1920,11,Fog,Evening,Weekend,Street,1
Delhi,35,3953,322,7,Clear,Night,Weekend,Main Road,0
Bangalore,45,13173,929,0,Fog,Night,Weekend,Main Road,0
Pune,13,6933,101,2,Clear,Afternoon,Weekday,Street,0
Chennai,10,12386,312,6,Clear,Night,Weekday,Street,0
Ahmedabad,66,16221,1441,9,Rain,Afternoon,Weekend,Highway,1
Mumbai,70,5682,182,0,Clear,Evening,Weekend,Main Road,0
Lucknow,72,15853,1043,10,Fog,Night,Weekend,Main Road,1
Mumbai,25,12284,1298,1,Clear,Morning,Weekend,Main Road,0
Hyderabad,44,12154,359,2,Fog,Evening,Weekday,Street,1
Lucknow,60,10047,1646,1,Clear,Night,Weekday,Highway,0
Hyderabad,47,11338,1950,1,Rain,Night,Weekend,Highway,0
Lucknow,40,15323,65,11,Rain,Morning,Weekend,Main Road,1
Lucknow,7,5925,1814,10,Clear,Afternoon,Weekend,Highway,0
Delhi,46,6783,244,5,Clear,Night,Weekend,Street,0
Kolkata,23,13343,1836,6,Clear,Night,Weekend,Street,0
Pune,46,10917,1516,5,Rain,Morning,Weekday,Main Road,1
Mumbai,13,11145,352,10,Clear,Evening,Weekday,Highway,0
Bangalore,21,7723,1121,5,Clear,Night,Weekend,Street,0
Ahmedabad,1,17568,1820,8,Fog,Afternoon,Weekend,Street,1
Chennai,19,17905,1194,7,Rain,Afternoon,Weekday,Street,1
Pune,60,18632,1572,7,Rain,Morning,Weekday,Street,1
Hyderabad,33,14349,881,5,Clear,Afternoon,Weekday,Highway,0
Delhi,4,2002,611,4,Clear,Night,Weekend,Street,0
Hyderabad,3,7266,1542,8,Fog,Afternoon,Weekday,Street,1
Kolkata,52,12330,90,11,Clear,Night,Weekend,Highway,0
Chennai,28,15980,1529,1,Rain,Morning,Weekend,Main Road,1
Delhi,70,8017,583,6,Fog,Afternoon,Weekday,Main Road,0
Hyderabad,70,9585,420,5,Rain,Night,Weekend,Street,0
Kolkata,55,17011,1255,6,Clear,Evening,Weekday,Main Road,1
Ahmedabad,57,19001,566,11,Fog,Night,Weekend,Highway,1
Ahmedabad,16,18044,706,3,Rain,Night,Weekday,Street,0
Hyderabad,24,6524,1942,8,Rain,Morning,Weekday,Highway,1
Pune,69,6250,639,6,Rain,Night,Weekday,Main Road,0
Chennai,41,8512,280,1,Clear,Morning,Weekday,Main Road,0
Jaipur,77,1319,858,3,Clear,Night,Weekend,Street,0
Pune,47,11416,1421,4,Clear,Night,Weekday,Main Road,0
Ahmedabad,76,4600,528,1,Clear,Night,Weekday,Street,0
Chennai,69,6279,1282,9,Rain,Morning,Weekday,Street,1
Kolkata,31,19151,724,7,Fog,Night,Weekday,Highway,1
Delhi,30,16494,1753,0,Clear,Morning,Weekend,Main Road,1
Lucknow,18,19182,327,2,Fog,Evening,Weekday,Main Road,1
Hyderabad,44,13398,1822,0,Rain,Morning,Weekend,Street,1
Mumbai,27,1282,1761,4,Clear,Evening,Weekend,Street,0
Chennai,26,15030,102,7,Rain,Morning,Weekend,Street,1
Bangalore,60,16302,1934,6,Clear,Morning,Weekday,Street,1
Kolkata,18,6166,1083,8,Clear,Night,Weekend,Highway,0
Jaipur,56,8121,1731,1,Fog,Afternoon,Weekday,Main Road,1
Lucknow,31,15677,1812,11,Rain,Afternoon,Weekday,Highway,1
Bangalore,59,17373,797,7,Rain,Night,Weekday,Main Road,1
Jaipur,2,5896,513,7,Rain,Evening,Weekend,Highway,0
Mumbai,39,17514,803,5,Fog,Night,Weekday,Street,1
Ahmedabad,61,2293,1890,2,Fog,Afternoon,Weekend,Highway,0
Pune,63,7957,632,1,Rain,Morning,Weekend,Highway,0
Hyderabad,18,17444,207,7,Rain,Night,Weekend,Street,0
Delhi,17,19595,68,5,Clear,Evening,Weekend,Street,1
Jaipur,39,10740,104,3,Clear,Night,Weekday,Main Road,0
Lucknow,71,13559,1800,4,Fog,Afternoon,Weekday,Main Road,1
Chennai,54,10973,770,4,Clear,Morning,Weekday,Highway,0
Ahmedabad,76,7276,1094,8,Rain,Afternoon,Weekday,Highway,0
Chennai,35,9152,1355,8,Rain,Afternoon,Weekday,Highway,0
Lucknow,11,8973,810,7,Clear,Afternoon,Weekend,Street,0
Chennai,61,16333,1613,7,Clear,Afternoon,Weekend,Main Road,1
Jaipur,44,1037,1068,11,Fog,Morning,Weekend,Highway,0
Kolkata,68,6990,1490,1,Clear,Afternoon,Weekday,Main Road,0
Chennai,25,6438,857,2,Fog,Evening,Weekend,Main Road,0
Pune,48,16735,772,7,Clear,Evening,Weekday,Street,1
Mumbai,32,11856,334,4,Clear,Afternoon,Weekend,Street,0
Delhi,4,1473,1605,6,Clear,Evening,Weekend,Highway,0
Jaipur,38,1058,1605,7,Clear,Afternoon,Weekend,Highway,0
Bangalore,63,3636,560,5,Rain,Morning,Weekday,Highway,0
Lucknow,47,15834,1915,4,Rain,Morning,Weekday,Highway,1
Ahmedabad,1,16577,1071,7,Rain,Evening,Weekday,Highway,1
Jaipur,3,19998,1469,0,Clear,Evening,Weekday,Main Road,1
Kolkata,62,8296,169,0,Fog,Afternoon,Weekend,Main Road,0
Ahmedabad,64,13670,146,0,Clear,Night,Weekday,Street,0
Pune,17,10725,169,2,Rain,Afternoon,Weekday,Street,0
Lucknow,78,3674,1610,9,Fog,Afternoon,Weekend,Main Road,1
Ahmedabad,62,16796,1226,11,Fog,Morning,Weekend,Street,1
Chennai,35,12065,1318,5,Rain,Night,Weekend,Street,0
Jaipur,13,12026,1845,5,Clear,Night,Weekday,Highway,0
Mumbai,35,3076,1589,4,Fog,Afternoon,Weekend,Street,0
Lucknow,43,5787,442,6,Fog,Morning,Weekend,Street,0
Hyderabad,2,8494,1216,4,Rain,Evening,Weekday,Street,1
Pune,56,3581,1577,1,Fog,Morning,Weekend,Main Road,0
Delhi,77,16600,843,3,Fog,Evening,Weekday,Main Road,1
Lucknow,51,15333,1920,0,Fog,Morning,Weekday,Highway,1
Kolkata,54,11404,1931,6,Clear,Night,Weekday,Street,0
Jaipur,16,12166,269,3,Clear,Morning,Weekend,Main Road,0
Chennai,18,1932,888,3,Rain,Afternoon,Weekend,Highway,0
Delhi,7,19047,209,3,Clear,Evening,Weekend,Street,1
Delhi,45,9748,1149,2,Fog,Morning,Weekday,Highway,1
Pune,36,16577,660,7,Clear,Morning,Weekend,Highway,0
Ahmedabad,41,16015,1765,3,Fog,Evening,Weekday,Street,1
Kolkata,42,17108,688,7,Fog,Morning,Weekend,Main Road,1
Ahmedabad,7,2104,1105,8,Clear,Evening,Weekday,Street,0
Chennai,15,18654,826,0,Clear,Night,Weekday,Street,0
Delhi,60,13936,383,3,Clear,Evening,Weekday,Street,0
Kolkata,40,10601,1598,5,Clear,Evening,Weekday,Main Road,1
Kolkata,37,4646,1513,7,Rain,Night,Weekday,Street,0
Bangalore,66,15960,941,5,Clear,Morning,Weekday,Main Road,1
Jaipur,55,15878,989,11,Rain,Morning,Weekday,Highway,1
Delhi,77,19438,401,5,Fog,Night,Weekday,Main Road,1
Delhi,56,10145,1412,9,Rain,Afternoon,Weekday,Highway,1
Kolkata,44,19226,975,3,Fog,Evening,Weekday,Highway,1
Ahmedabad,57,3802,1473,8,Rain,Morning,Weekday,Street,1
Delhi,6,17365,445,6,Rain,Morning,Weekday,Main Road,1
Kolkata,32,7105,1275,10,Fog,Evening,Weekend,Highway,1
Delhi,74,19944,579,5,Rain,Evening,Weekend,Highway,1
Kolkata,18,3749,1982,0,Fog,Evening,Weekday,Main Road,1
Bangalore,68,17974,1166,1,Clear,Afternoon,Weekend,Main Road,0
Jaipur,73,18752,1865,11,Fog,Night,Weekday,Highway,1
Kolkata,7,11181,407,5,Rain,Afternoon,Weekend,Highway,0
Delhi,8,2361,1469,10,Clear,Afternoon,Weekday,Main Road,0
Chennai,64,4773,877,0,Rain,Evening,Weekend,Main Road,0
Jaipur,7,14495,109,10,Clear,Night,Weekday,Highway,0
Bangalore,41,3064,526,4,Fog,Morning,Weekend,Street,0
Kolkata,40,19799,1799,0,Clear,Evening,Weekday,Main Road,1
Chennai,3,6616,661,2,Clear,Night,Weekend,Highway,0
Kolkata,17,8975,50,11,Clear,Morning,Weekend,Highway,0
Ahmedabad,66,11960,1628,11,Rain,Afternoon,Weekend,Street,1
Delhi,79,16324,360,11,Clear,Night,Weekday,Main Road,0
Lucknow,52,7243,217,6,Fog,Afternoon,Weekend,Highway,0
Pune,22,10560,241,4,Fog,Afternoon,Weekend,Street,0
Mumbai,4,15684,1107,11,Fog,Night,Weekday,Main Road,1
Ahmedabad,6,9330,1107,9,Clear,Morning,Weekday,Street,1
Chennai,38,5923,1761,0,Fog,Night,Weekend,Highway,0
Ahmedabad,26,7467,1490,0,Rain,Morning,Weekday,Street,1
Hyderabad,11,7076,757,7,Fog,Evening,Weekend,Highway,1
Kolkata,17,9001,1231,10,Clear,Evening,Weekend,Highway,1
Kolkata,31,16303,1830,8,Fog,Evening,Weekday,Street,1
Mumbai,77,18699,1573,6,Clear,Afternoon,Weekend,Street,1
Mumbai,35,17457,415,2,Clear,Evening,Weekend,Highway,0
Hyderabad,16,9675,1413,11,Fog,Afternoon,Weekday,Street,1
Delhi,79,13303,907,5,Rain,Morning,Weekday,Main Road,1
Pune,18,18933,1408,2,Rain,Night,Weekend,Main Road,1
Lucknow,62,18743,1656,9,Fog,Night,Weekend,Street,1
Lucknow,27,16128,376,3,Clear,Afternoon,Weekend,Street,0
Bangalore,35,19280,163,11,Fog,Afternoon,Weekday,Main Road,1
Bangalore,45,7659,846,3,Clear,Afternoon,Weekend,Highway,0
Delhi,35,6246,968,2,Clear,Morning,Weekend,Highway,0
Bangalore,28,7967,1491,9,Clear,Morning,Weekend,Main Road,0
Bangalore,9,7661,1541,5,Rain,Evening,Weekday,Highway,1
Hyderabad,76,13416,1216,4,Rain,Evening,Weekend,Street,1
Hyderabad,15,1510,658,10,Fog,Night,Weekend,Street,0
Bangalore,21,9614,358,8,Rain,Evening,Weekday,Main Road,1
Ahmedabad,52,3432,450,8,Clear,Morning,Weekday,Main Road,0
Jaipur,35,2906,1393,2,Clear,Morning,Weekend,Main Road,0
Jaipur,51,16554,261,8,Fog,Morning,Weekday,Main Road,1
Delhi,55,17448,366,11,Clear,Morning,Weekend,Highway,0
Lucknow,77,5928,234,2,Fog,Night,Weekend,Highway,0
Mumbai,44,5710,1278,3,Fog,Night,Weekday,Highway,0
Delhi,65,12540,1437,0,Clear,Morning,Weekend,Street,0
Bangalore,25,7124,1289,4,Rain,Afternoon,Weekend,Street,0
Hyderabad,47,8837,295,11,Clear,Evening,Weekend,Main Road,0
Kolkata,56,16583,288,8,Clear,Night,Weekend,Main Road,0
Ahmedabad,38,18184,1878,1,Fog,Afternoon,Weekend,Highway,1
Chennai,11,7109,1464,3,Rain,Evening,Weekday,Highway,1
Hyderabad,67,10909,569,9,Fog,Afternoon,Weekend,Highway,0
Jaipur,15,7659,1663,1,Clear,Morning,Weekend,Main Road,0
Hyderabad,1,2238,1909,7,Fog,Evening,Weekday,Highway,1
Ahmedabad,7,16064,326,8,Fog,Afternoon,Weekday,Main Road,1
Mumbai,1,6620,1055,2,Clear,Night,Weekday,Main Road,0
Bangalore,49,2486,251,8,Fog,Night,Weekday,Street,0
Kolkata,73,5681,263,5,Clear,Night,Weekday,Street,0
Jaipur,29,12490,655,5,Fog,Evening,Weekday,Main Road,1
Jaipur,26,5470,527,6,Rain,Morning,Weekday,Highway,0
Pune,45,12723,557,11,Clear,Morning,Weekday,Main Road,0
Lucknow,71,14888,1148,4,Rain,Evening,Weekend,Main Road,1
Mumbai,12,8177,718,5,Fog,Evening,Weekend,Main Road,1
Jaipur,32,14201,714,10,Rain,Morning,Weekday,Main Road,1
Lucknow,20,6441,191,0,Rain,Night,Weekend,Street,0
Jaipur,51,19224,1663,2,Rain,Morning,Weekend,Street,1
Bangalore,36,12719,371,11,Fog,Morning,Weekend,Main Road,1
Lucknow,67,6397,1767,8,Clear,Afternoon,Weekend,Street,0
Ahmedabad,1,2621,510,11,Fog,Night,Weekend,Street,0
Pune,27,18945,756,4,Fog,Evening,Weekday,Highway,1
Bangalore,40,18800,719,4,Fog,Morning,Weekday,Street,1
Ahmedabad,14,5190,1219,7,Clear,Night,Weekend,Street,0
Kolkata,69,6054,103,10,Fog,Evening,Weekday,Main Road,1
Mumbai,79,2130,1429,10,Fog,Afternoon,Weekend,Street,1
Mumbai,6,15071,326,1,Clear,Afternoon,Weekend,Street,0
Chennai,33,12936,1894,6,Clear,Night,Weekend,Street,0
Chennai,55,3118,1668,8,Clear,Morning,Weekday,Main Road,0
Lucknow,19,1663,449,6,Rain,Evening,Weekend,Main Road,0
Mumbai,77,16735,717,11,Clear,Night,Weekend,Street,0
Lucknow,29,10763,565,4,Rain,Afternoon,Weekend,Main Road,0
Chennai,61,18907,1572,5,Rain,Evening,Weekday,Main Road,1
Kolkata,70,9053,1384,3,Fog,Evening,Weekend,Highway,1
Jaipur,79,18371,1344,11,Rain,Morning,Weekday,Street,1
Ahmedabad,24,4845,625,6,Fog,Afternoon,Weekend,Highway,0
Hyderabad,23,14496,1522,0,Rain,Afternoon,Weekend,Street,1
Lucknow,10,7301,161,3,Clear,Afternoon,Weekend,Street,0
Kolkata,54,12885,288,2,Fog,Evening,Weekday,Highway,1
Ahmedabad,41,17482,1217,3,Rain,Afternoon,Weekend,Highway,1
Mumbai,49,3288,1447,0,Fog,Night,Weekend,Street,0
Jaipur,17,8796,1093,11,Clear,Afternoon,Weekend,Highway,0
Ahmedabad,56,8263,1649,1,Rain,Evening,Weekend,Highway,1
Pune,45,13777,1362,11,Rain,Afternoon,Weekend,Main Road,1
Chennai,30,9770,1666,10,Clear,Afternoon,Weekend,Street,1
Ahmedabad,44,8385,246,8,Rain,Evening,Weekday,Main Road,1
Hyderabad,74,15862,431,6,Rain,Afternoon,Weekend,Street,1
Kolkata,55,9464,1654,5,Fog,Morning,Weekday,Main Road,1
Jaipur,19,5881,1771,1,Rain,Evening,Weekend,Street,1
Bangalore,29,17018,1752,0,Clear,Afternoon,Weekday,Main Road,1
Ahmedabad,2,16691,1790,1,Rain,Morning,Weekend,Street,1
Delhi,36,10367,1565,6,Fog,Night,Weekday,Main Road,1
Hyderabad,19,1413,213,1,Rain,Evening,Weekend,Highway,0
Hyderabad,7,18934,655,2,Fog,Afternoon,Weekday,Street,1
Delhi,26,15714,1322,7,Rain,Evening,Weekend,Highway,1
Pune,79,8141,1141,6,Fog,Morning,Weekday,Main Road,1
Bangalore,38,14182,904,11,Fog,Evening,Weekend,Street,1
Chennai,3,17225,1094,10,Rain,Night,Weekend,Main Road,1
Kolkata,66,2946,880,10,Clear,Afternoon,Weekend,Main Road,0
Jaipur,71,1191,1585,10,Clear,Night,Weekday,Highway,0
Kolkata,43,17424,646,8,Rain,Morning,Weekday,Street,1
Bangalore,62,15175,1463,11,Rain,Evening,Weekday,Main Road,1
Kolkata,71,11051,585,3,Rain,Afternoon,Weekend,Highway,0
Delhi,24,6892,160,6,Rain,Afternoon,Weekday,Highway,0
Hyderabad,39,4449,998,0,Rain,Morning,Weekend,Highway,0
Kolkata,68,9327,912,10,Clear,Morning,Weekend,Highway,0
Lucknow,44,6909,644,10,Fog,Evening,Weekend,Main Road,1
Ahmedabad,5,13393,1943,1,Fog,Afternoon,Weekend,Main Road,1
Bangalore,55,2941,1071,6,Clear,Morning,Weekend,Main Road,0
Pune,30,5221,509,1,Clear,Afternoon,Weekend,Street,0
Lucknow,29,7543,1151,5,Fog,Evening,Weekend,Street,1
Delhi,26,18942,483,9,Clear,Night,Weekday,Highway,0
Mumbai,26,15012,1453,11,Rain,Morning,Weekday,Main Road,1
Delhi,37,3121,1725,8,Clear,Evening,Weekend,Highway,0
Pune,53,18412,1513,10,Clear,Night,Weekend,Main Road,1
Pune,30,12726,937,4,Clear,Evening,Weekday,Street,1
Lucknow,3,6656,832,9,Clear,Morning,Weekend,Highway,0
Ahmedabad,43,9967,1412,6,Fog,Evening,Weekday,Main Road,1
Bangalore,7,16764,1037,0,Fog,Afternoon,Weekend,Main Road,1
Chennai,49,16873,1497,7,Fog,Morning,Weekend,Main Road,1
Hyderabad,73,12079,218,8,Fog,Afternoon,Weekday,Highway,0
Lucknow,41,19262,758,4,Rain,Evening,Weekday,Street,1
Pune,77,3271,1014,5,Rain,Morning,Weekend,Main Road,0
Mumbai,79,2607,1335,10,Fog,Afternoon,Weekend,Highway,0
Jaipur,54,16679,776,7,Fog,Afternoon,Weekday,Main Road,1
Pune,69,17989,1652,3,Fog,Afternoon,Weekday,Highway,1
Ahmedabad,27,4665,278,1,Clear,Night,Weekday,Street,0
Ahmedabad,8,17308,1234,9,Rain,Afternoon,Weekend,Main Road,1
Pune,32,6852,476,7,Rain,Afternoon,Weekday,Highway,0
Ahmedabad,64,6462,171,1,Clear,Evening,Weekend,Main Road,0
Lucknow,10,19528,198,4,Clear,Evening,Weekday,Highway,0
Pune,13,5270,901,5,Clear,Evening,Weekday,Street,0
Pune,63,16697,754,4,Rain,Evening,Weekday,Street,1
Bangalore,35,18760,1816,5,Clear,Night,Weekday,Highway,1
Hyderabad,61,4462,160,5,Clear,Evening,Weekend,Street,0
Mumbai,54,16474,1730,2,Clear,Evening,Weekend,Main Road,1
Ahmedabad,8,1347,1294,10,Fog,Evening,Weekday,Street,1
Bangalore,29,17384,1977,10,Clear,Afternoon,Weekend,Main Road,1
Chennai,41,1062,113,2,Fog,Night,Weekend,Street,0
Chennai,30,2783,687,8,Rain,Evening,Weekend,Street,0
Kolkata,21,9417,1803,2,Rain,Afternoon,Weekday,Main Road,1
Lucknow,76,7566,1869,2,Rain,Morning,Weekday,Street,1
Lucknow,11,18426,1427,10,Fog,Night,Weekend,Main Road,1
Delhi,2,11872,1547,1,Clear,Evening,Weekday,Main Road,1
Mumbai,50,16318,958,6,Rain,Afternoon,Weekday,Street,1
Pune,41,2234,1821,9,Clear,Morning,Weekday,Street,0
Ahmedabad,66,2984,1558,9,Fog,Morning,Weekday,Main Road,1
Mumbai,3,18978,62,3,Rain,Afternoon,Weekend,Highway,0
Kolkata,51,2952,983,0,Clear,Afternoon,Weekend,Street,0
Delhi,68,19079,1226,5,Clear,Night,Weekday,Street,1
Bangalore,25,18338,288,4,Rain,Afternoon,Weekend,Highway,0
Mumbai,30,4291,1263,10,Clear,Evening,Weekend,Highway,0
Bangalore,11,9548,712,1,Fog,Morning,Weekend,Street,0
Chennai,17,15504,1159,5,Rain,Evening,Weekend,Street,1
Ahmedabad,26,12787,1094,0,Rain,Evening,Weekend,Street,1
Kolkata,23,1968,743,2,Rain,Evening,Weekday,Highway,0
Pune,56,17625,1392,3,Rain,Morning,Weekend,Street,1
Ahmedabad,52,5234,1231,2,Fog,Morning,Weekend,Highway,0
Hyderabad,48,9338,1020,5,Fog,Morning,Weekday,Highway,1
Lucknow,20,8349,1013,10,Clear,Afternoon,Weekday,Main Road,0
Kolkata,2,14368,1554,3,Fog,Evening,Weekday,Highway,1
Mumbai,31,16201,1952,0,Clear,Night,Weekend,Main Road,0
Ahmedabad,27,17070,125,4,Clear,Afternoon,Weekend,Highway,0
Jaipur,2,9734,378,4,Rain,Afternoon,Weekday,Highway,0
Lucknow,78,9883,1489,8,Clear,Night,Weekend,Main Road,0
Lucknow,4,2025,1276,7,Rain,Evening,Weekday,Main Road,1
Jaipur,13,13197,1302,7,Clear,Night,Weekday,Main Road,0
Delhi,35,4359,201,4,Fog,Morning,Weekend,Main Road,0
Delhi,72,6257,1848,7,Rain,Evening,Weekday,Main Road,1
Jaipur,66,3951,121,9,Clear,Afternoon,Weekend,Main Road,0
Hyderabad,6,8389,274,6,Fog,Morning,Weekday,Main Road,0
Chennai,31,15666,522,0,Fog,Morning,Weekday,Highway,0
Jaipur,10,15952,1970,11,Rain,Afternoon,Weekday,Highway,1
Chennai,21,19939,1716,6,Rain,Night,Weekend,Main Road,1
Ahmedabad,74,15227,409,10,Rain,Morning,Weekday,Street,1
Hyderabad,23,18534,589,7,Clear,Morning,Weekday,Main Road,1
Kolkata,3,16624,860,2,Rain,Evening,Weekday,Street,1
Chennai,32,2735,658,8,Fog,Evening,Weekend,Highway,0
Lucknow,20,18422,1119,7,Fog,Afternoon,Weekend,Highway,1
Ahmedabad,74,7369,50,1,Rain,Afternoon,Weekend,Street,0
Lucknow,29,8127,727,5,Rain,Afternoon,Weekend,Highway,0
Hyderabad,52,3912,1318,3,Fog,Night,Weekend,Main Road,0
Chennai,46,16464,1292,2,Clear,Morning,Weekday,Street,1
Bangalore,34,13606,1687,10,Fog,Afternoon,Weekday,Street,1
Hyderabad,61,2242,340,5,Fog,Evening,Weekday,Highway,0
