City,Area_Code,Population,Unemployment_Rate,Police_Stations,Time,Victim_Age,Victim_Gender,Weapon_Used,Past_Crime_Rate,Crime_Occurred
Hyderabad,47,17928,6.94,8,Night,53,Male,None,7,0
Chennai,46,58002,17.87,3,Night,60,Male,Rod,43,1
Jaipur,19,94853,2.62,6,Afternoon,39,Male,None,39,0
Lucknow,13,124614,4.05,9,Evening,52,Male,Gun,44,0
Hyderabad,42,127517,5.59,1,Evening,44,Male,Rod,89,1
Bhopal,21,166089,14.98,3,Morning,46,Male,Gun,26,1
Kolkata,37,89064,16.06,2,Evening,60,Female,Rod,66,1
Hyderabad,27,129694,3.14,8,Night,67,Male,Rod,23,0
Jaipur,29,154385,2.52,6,Afternoon,54,Female,Gun,18,0
Lucknow,20,142631,13.91,10,Night,27,Male,None,54,0
Chennai,25,60893,4.13,11,Night,45,Male,Knife,66,0
Jaipur,6,25167,4.13,11,Evening,68,Male,Rod,91,1
Jaipur,36,48598,2.36,8,Afternoon,19,Female,Rod,94,1
Kolkata,2,148595,2.8,2,Afternoon,45,Female,Knife,47,0
Bangalore,22,59777,6.22,11,Night,20,Male,None,59,0
Lucknow,32,169511,3.04,6,Morning,31,Female,Knife,44,0
Mumbai,16,126378,7.9,7,Evening,42,Male,None,16,0
Jaipur,18,91060,15.32,8,Morning,19,Male,Rod,69,1
Bangalore,5,23285,7.22,9,Night,23,Female,Rod,38,0
Mumbai,36,152045,13.65,5,Evening,63,Male,Gun,87,1
Lucknow,30,132970,3.5,11,Morning,23,Male,None,27,0
Delhi,45,32694,12.55,3,Morning,32,Female,Knife,75,1
Bhopal,19,176846,7.07,2,Morning,61,Male,None,11,0
Bangalore,23,145374,14.0,8,Evening,59,Male,None,69,1
Patna,34,163463,4.18,1,Morning,18,Female,None,22,0
Delhi,13,14611,16.37,10,Afternoon,42,Female,None,12,0
Bhopal,43,19372,5.88,6,Night,67,Male,Knife,93,1
Kolkata,29,165384,7.65,2,Evening,49,Male,Gun,46,1
Hyderabad,36,155152,17.2,3,Afternoon,60,Female,Rod,91,1
Chennai,22,90618,11.26,8,Morning,36,Female,Knife,5,0
Patna,47,122945,7.85,1,Night,58,Male,Knife,83,1
Kolkata,36,118397,17.19,6,Morning,39,Female,Rod,19,0
Lucknow,9,106213,7.27,3,Afternoon,59,Female,Gun,32,0
Kolkata,39,30874,3.52,6,Morning,65,Female,Knife,40,0
Hyderabad,19,142669,17.95,3,Evening,56,Male,Rod,50,1
Lucknow,38,21600,6.29,11,Afternoon,44,Male,Gun,81,1
Patna,6,144819,15.62,11,Evening,54,Male,Gun,25,0
Hyderabad,47,89415,4.65,8,Night,21,Male,None,53,0
Mumbai,15,165887,13.7,5,Evening,29,Male,Knife,43,1
Chennai,20,104348,10.39,4,Evening,65,Female,Gun,42,1
Patna,9,115736,17.69,9,Morning,29,Female,Knife,13,0
Mumbai,32,34714,10.85,5,Morning,52,Female,Rod,24,0
Bhopal,4,159962,2.4,4,Afternoon,67,Male,Knife,88,1
Patna,18,145797,11.66,8,Night,39,Male,Gun,12,0
Bhopal,5,184277,4.33,8,Afternoon,28,Female,Rod,18,0
Lucknow,20,161756,14.78,8,Night,16,Female,Rod,66,1
Mumbai,23,198983,15.71,4,Night,27,Female,None,88,1
Chennai,11,121573,9.71,1,Evening,66,Female,Rod,39,0
Hyderabad,37,23092,14.53,2,Morning,57,Male,Gun,59,1
Jaipur,22,105918,4.32,4,Night,39,Male,None,49,0
Kolkata,4,180842,9.87,10,Morning,52,Female,Gun,25,0
Delhi,29,35457,8.3,2,Night,35,Male,Gun,57,1
Chennai,44,81667,11.78,11,Morning,21,Male,None,58,0
Mumbai,34,100751,2.71,10,Afternoon,27,Male,None,90,0
Jaipur,13,72894,14.03,3,Morning,36,Male,Knife,47,1
Chennai,42,71305,3.27,9,Evening,18,Female,Gun,10,0
Mumbai,9,153684,12.5,9,Night,42,Female,Knife,59,1
Bangalore,42,178161,2.3,11,Evening,61,Male,Rod,48,0
Bangalore,31,62137,15.31,9,Night,68,Female,Rod,72,1
Bhopal,7,10559,4.8,7,Evening,51,Male,Knife,8,0
Chennai,4,76249,10.25,4,Night,32,Female,None,67,1
Bangalore,19,47361,6.18,1,Morning,64,Female,Rod,62,0
Mumbai,42,90720,13.56,3,Night,61,Female,None,58,1
Bhopal,30,25261,7.14,8,Evening,30,Female,Knife,85,1
Mumbai,31,30372,13.59,4,Evening,54,Female,None,42,0
Bhopal,35,65355,6.56,10,Night,19,Female,Gun,64,1
Chennai,21,108560,14.04,10,Night,32,Female,Rod,56,1
Jaipur,31,198992,2.49,2,Afternoon,53,Male,None,33,0
Hyderabad,19,173616,6.53,8,Afternoon,26,Female,None,44,0
Patna,31,10037,9.98,7,Morning,27,Male,Gun,75,1
Jaipur,32,184104,2.72,11,Morning,62,Female,None,12,0
Lucknow,2,51420,4.98,10,Morning,47,Female,Knife,39,0
Mumbai,10,107243,16.95,9,Morning,42,Female,Knife,86,1
Lucknow,2,139380,17.63,2,Morning,59,Male,Knife,20,0
Jaipur,2,44600,13.84,5,Night,58,Male,Rod,22,0
Bhopal,24,189357,6.04,6,Afternoon,42,Male,None,63,0
Patna,17,99520,6.17,2,Night,64,Male,Rod,93,1
Patna,32,15167,12.33,2,Afternoon,55,Male,Rod,38,0
Delhi,16,10432,3.88,10,Afternoon,59,Female,None,8,0
Patna,16,79687,17.17,4,Evening,44,Male,None,73,1
Hyderabad,46,81947,5.6,8,Evening,24,Male,Knife,82,1
Patna,39,106324,17.99,11,Afternoon,58,Male,Rod,69,1
Jaipur,31,60903,9.93,5,Night,18,Female,Rod,65,1
Delhi,43,195221,14.34,9,Afternoon,54,Female,None,90,1
Jaipur,24,197840,2.03,4,Morning,44,Female,Rod,50,0
Jaipur,1,75792,16.22,3,Night,36,Male,Gun,25,1
Kolkata,11,43439,6.32,10,Night,50,Female,None,81,0
Delhi,21,174329,12.69,8,Afternoon,68,Male,Knife,42,0
Jaipur,4,185746,14.9,1,Morning,63,Female,Gun,77,1
Kolkata,7,61248,4.63,9,Afternoon,25,Female,Gun,90,1
Kolkata,26,186443,9.08,4,Morning,38,Female,Knife,85,1
Delhi,47,178369,9.9,11,Night,54,Female,Gun,64,1
Lucknow,12,195345,6.99,9,Afternoon,40,Female,Gun,91,1
Bhopal,31,44743,9.71,8,Morning,39,Male,Gun,40,0
Hyderabad,17,89803,7.08,3,Evening,35,Male,Rod,10,0
Bhopal,33,85117,7.77,3,Night,30,Female,Gun,43,1
Patna,11,32076,12.71,9,Night,36,Male,Gun,33,1
Hyderabad,28,97483,12.12,3,Evening,68,Female,None,31,0
Patna,32,144035,5.72,4,Morning,57,Female,Knife,73,1
Jaipur,1,129217,16.36,9,Night,27,Female,Rod,13,0
Mumbai,47,154938,15.8,4,Morning,33,Female,Rod,28,0
Delhi,28,114504,10.15,11,Evening,38,Female,Knife,67,1
Hyderabad,42,173377,8.93,3,Afternoon,56,Female,Rod,23,0
Hyderabad,7,115649,8.03,7,Night,44,Female,Rod,34,0
Jaipur,2,136244,13.32,6,Night,56,Male,Rod,62,1
Lucknow,42,42813,12.75,1,Morning,51,Male,None,44,0
Kolkata,24,76729,5.14,10,Night,20,Female,None,72,0
Jaipur,4,14512,12.74,8,Afternoon,54,Male,Rod,36,0
Bangalore,44,163738,6.04,1,Evening,41,Female,Knife,69,1
Kolkata,19,157702,2.3,4,Night,54,Male,Knife,38,0
Delhi,26,127907,13.19,6,Evening,26,Male,None,89,1
Kolkata,11,141708,12.32,6,Morning,57,Female,None,35,0
Lucknow,40,144847,8.57,7,Afternoon,26,Female,Gun,63,1
Kolkata,43,74591,10.41,11,Night,33,Male,None,82,1
Delhi,11,21351,17.15,5,Evening,27,Female,Rod,30,0
Lucknow,45,125400,11.52,5,Afternoon,31,Male,None,26,0
Bhopal,3,130533,12.53,4,Evening,42,Female,Gun,38,1
Hyderabad,12,113627,3.02,6,Morning,51,Male,Gun,17,0
Hyderabad,3,196256,4.66,7,Afternoon,32,Male,Knife,59,0
Patna,42,138381,6.82,10,Afternoon,64,Male,Knife,12,0
Bhopal,27,105707,10.63,10,Morning,36,Female,Rod,66,0
Bhopal,49,91678,14.43,1,Morning,52,Male,None,26,0
Kolkata,2,83309,7.14,9,Night,46,Female,Gun,60,1
Hyderabad,49,20778,7.7,8,Morning,60,Female,Gun,88,1
Delhi,16,153573,6.1,7,Morning,50,Female,Knife,25,0
Chennai,2,122713,6.07,9,Evening,42,Female,Knife,53,0
Chennai,30,143180,17.18,3,Afternoon,38,Female,None,10,0
Lucknow,20,46382,12.17,10,Evening,47,Male,Gun,39,1
Hyderabad,38,85787,4.49,4,Morning,32,Female,Knife,31,0
Hyderabad,28,33341,13.56,7,Night,26,Female,None,88,1
Chennai,25,155439,13.55,6,Evening,16,Male,None,44,0
Hyderabad,32,129967,12.66,2,Evening,43,Male,None,18,0
Kolkata,10,141066,4.16,2,Afternoon,33,Female,Knife,78,1
Bangalore,42,153074,8.53,10,Afternoon,64,Female,Knife,56,0
Mumbai,40,95820,3.71,7,Afternoon,56,Female,Knife,83,1
Bhopal,33,69949,15.07,9,Night,35,Male,Rod,44,0
Patna,13,156772,12.48,11,Night,22,Female,Rod,47,0
Lucknow,41,72543,10.12,9,Morning,52,Female,Rod,62,0
Bangalore,42,170390,7.49,7,Morning,31,Male,Knife,7,0
Chennai,47,37610,4.95,11,Afternoon,54,Male,Knife,19,0
Bhopal,37,75226,3.7,8,Evening,60,Male,Rod,49,0
Hyderabad,16,55167,17.51,10,Afternoon,60,Female,Gun,15,0
Patna,45,169011,5.19,3,Morning,62,Female,Gun,43,0
Hyderabad,22,77381,2.96,1,Evening,38,Female,Gun,23,0
Delhi,20,56710,17.39,7,Morning,47,Male,Gun,83,1
Delhi,43,26766,10.78,8,Night,64,Male,Rod,24,0
Patna,27,112416,14.75,2,Afternoon,32,Female,None,90,1
Patna,41,22780,2.7,9,Afternoon,34,Male,None,75,0
Chennai,16,58458,11.07,4,Evening,57,Male,Gun,60,1
Patna,34,66221,8.37,10,Afternoon,49,Male,Knife,82,1
Kolkata,32,11509,14.35,11,Morning,29,Male,Gun,8,0
Hyderabad,26,99493,2.61,9,Morning,18,Female,Gun,13,0
Bangalore,25,175418,8.43,3,Night,54,Female,None,29,0
Jaipur,2,126850,14.79,8,Morning,40,Male,Knife,51,1
Patna,12,187946,10.36,11,Evening,26,Male,None,53,0
Lucknow,40,167220,10.8,2,Morning,64,Male,Knife,31,0
Delhi,9,41533,3.55,3,Night,30,Male,Rod,32,0
Kolkata,12,118144,4.12,1,Night,34,Male,None,92,1
Bhopal,26,132402,12.83,5,Afternoon,58,Female,Rod,66,1
Jaipur,9,88467,12.8,4,Evening,30,Male,Rod,20,0
Bangalore,10,11359,17.67,1,Morning,30,Female,Gun,91,1
Jaipur,32,129119,13.39,10,Night,53,Female,Knife,50,1
Patna,34,30344,9.89,9,Morning,30,Male,None,79,0
Chennai,48,128499,15.72,6,Night,24,Female,Gun,50,1
Delhi,20,79778,3.67,6,Afternoon,20,Male,None,44,0
Delhi,39,30601,9.19,11,Night,34,Male,Rod,87,1
Bhopal,2,160188,6.59,2,Afternoon,39,Male,None,38,0
Chennai,1,198057,3.67,7,Evening,44,Female,None,91,1
Hyderabad,36,111013,14.22,9,Morning,20,Female,Gun,14,0
Mumbai,24,40782,10.17,6,Morning,37,Female,Knife,5,0
Kolkata,27,121095,10.91,11,Afternoon,28,Male,None,70,0
Delhi,2,190891,8.58,8,Evening,65,Female,Rod,90,1
Lucknow,31,107123,9.37,5,Afternoon,67,Female,Rod,21,0
Delhi,14,54458,3.86,2,Night,64,Female,Gun,51,1
Jaipur,2,134225,12.77,4,Afternoon,62,Male,Rod,28,0
Delhi,29,149152,8.92,1,Evening,61,Female,None,54,0
Delhi,15,175029,15.07,1,Night,44,Male,Knife,89,1
Mumbai,12,154980,5.14,6,Morning,31,Female,None,33,0
Mumbai,37,106188,5.28,2,Morning,51,Female,Gun,82,1
Bangalore,28,131292,12.33,6,Morning,32,Female,Rod,76,1
Hyderabad,20,100570,15.54,1,Evening,35,Male,None,90,1
Lucknow,39,133791,9.56,11,Evening,29,Male,None,91,1
Delhi,24,188554,13.63,10,Evening,65,Female,Rod,17,0
Delhi,21,135291,17.99,3,Evening,21,Female,Knife,68,1
Kolkata,10,108375,17.84,9,Evening,37,Male,Knife,32,1
Mumbai,46,48314,13.91,2,Night,55,Male,Knife,9,0
Lucknow,14,118880,13.83,8,Afternoon,24,Female,Rod,78,1
Bhopal,37,110326,5.96,6,Morning,47,Female,None,13,0
Bangalore,18,156903,15.34,6,Evening,39,Male,Gun,18,1
Hyderabad,24,131026,8.48,7,Morning,48,Female,None,14,0
Chennai,14,161197,17.39,5,Evening,28,Male,Rod,37,1
Hyderabad,34,72451,3.3,11,Morning,50,Female,Rod,79,0
Jaipur,12,55708,8.97,4,Afternoon,21,Female,None,44,0
Delhi,22,27682,10.89,6,Morning,64,Female,Rod,10,0
Bangalore,6,112406,8.48,8,Morning,55,Female,None,21,0
Jaipur,36,176866,5.37,4,Evening,45,Male,None,40,0
Lucknow,45,69372,11.49,5,Night,53,Female,Knife,74,1
Chennai,36,49477,14.09,7,Night,31,Female,Rod,65,1
Mumbai,22,194935,12.32,6,Morning,16,Female,Rod,78,1
Bangalore,14,179809,5.75,4,Night,57,Female,Knife,53,0
Bangalore,16,143692,13.71,4,Afternoon,33,Female,Knife,73,1
Delhi,36,176129,6.11,10,Afternoon,37,Female,Knife,87,1
Patna,25,181210,4.8,4,Night,41,Male,Gun,75,1
Bangalore,32,63024,13.05,1,Night,29,Female,Rod,28,0
Kolkata,33,150749,15.48,5,Afternoon,52,Male,None,55,1
Chennai,45,185183,9.7,8,Night,64,Male,None,46,0
Chennai,36,165146,10.5,7,Night,29,Male,None,23,0
Kolkata,20,27824,6.84,5,Evening,41,Male,Rod,66,0
Bhopal,18,141837,9.91,3,Evening,65,Female,Gun,79,1
Kolkata,38,186511,4.11,11,Night,51,Female,Rod,71,0
Kolkata,3,107151,17.29,1,Night,67,Female,Rod,34,1
Chennai,23,58926,14.81,7,Evening,38,Male,Rod,42,0
Hyderabad,32,177932,12.69,11,Evening,17,Female,Rod,10,0
Chennai,45,22975,10.61,3,Night,54,Male,Rod,26,0
Patna,16,84877,14.67,4,Evening,22,Male,Gun,15,1
Delhi,5,87870,9.92,5,Afternoon,54,Female,Knife,76,1
Jaipur,4,91371,6.8,8,Morning,60,Male,None,33,0
Hyderabad,21,167620,4.57,7,Afternoon,66,Male,Rod,12,0
Mumbai,40,110970,12.36,9,Evening,37,Male,Rod,91,1
Jaipur,14,108066,16.87,11,Afternoon,43,Male,Rod,84,1
Delhi,39,179808,4.46,3,Morning,53,Female,None,39,0
Patna,31,71562,4.88,11,Evening,35,Male,Gun,76,1
Patna,14,50409,8.94,10,Afternoon,64,Male,None,76,0
Mumbai,6,19834,14.91,1,Afternoon,33,Male,Gun,49,1
Hyderabad,12,112192,6.7,1,Morning,39,Female,Knife,37,0
Bhopal,16,10840,6.06,10,Evening,48,Female,Rod,9,0
Kolkata,17,41568,11.92,1,Night,60,Male,Gun,66,1
Hyderabad,45,20846,10.57,2,Evening,41,Female,None,41,0
Bhopal,23,146971,2.96,2,Morning,34,Female,Gun,21,0
Patna,14,96038,3.3,7,Morning,63,Female,Gun,26,0
Chennai,7,179845,12.29,9,Morning,57,Female,Knife,82,1
Delhi,46,139789,9.44,8,Morning,28,Male,Rod,36,0
Mumbai,32,117460,17.54,4,Night,25,Male,Rod,18,0
Delhi,15,84723,12.86,2,Evening,29,Female,None,24,0
Lucknow,44,114194,2.16,3,Evening,24,Female,None,26,0
Lucknow,17,121417,9.7,10,Afternoon,68,Female,Knife,34,0
Hyderabad,41,145383,8.63,5,Night,26,Female,Gun,58,1
Patna,47,66888,3.71,9,Night,18,Female,Gun,37,0
Patna,44,51616,16.77,8,Afternoon,55,Female,None,9,0
Kolkata,34,193206,14.88,3,Afternoon,27,Female,Rod,22,0
Kolkata,5,16083,5.68,9,Evening,50,Male,Gun,67,1
Kolkata,45,153670,6.1,10,Evening,54,Male,Knife,50,0
Chennai,27,92476,2.51,3,Evening,61,Female,None,11,0
Jaipur,23,102416,6.75,10,Night,54,Female,Gun,33,0
Bangalore,40,12580,11.35,8,Night,47,Male,Rod,61,1
Jaipur,14,132834,8.73,1,Afternoon,54,Male,Rod,51,0
Delhi,15,122148,17.51,4,Morning,29,Female,Knife,13,0
Jaipur,43,198467,2.9,4,Morning,59,Male,Knife,63,0
Chennai,33,52321,11.46,6,Morning,16,Male,None,75,1
Delhi,31,19386,15.73,2,Morning,42,Female,None,75,1
Jaipur,35,63171,9.69,7,Morning,52,Male,Rod,47,0
Chennai,17,160594,2.05,5,Evening,58,Female,Rod,63,0
Bangalore,28,155707,5.88,10,Afternoon,16,Male,Gun,10,0
Jaipur,19,141743,7.18,6,Morning,60,Female,Gun,57,1
Chennai,46,43545,17.46,11,Morning,44,Male,Gun,68,1
Kolkata,23,195151,16.59,6,Morning,39,Male,Knife,8,0
Patna,32,36855,17.19,11,Evening,32,Female,Knife,5,0
Kolkata,40,45790,15.21,6,Morning,50,Male,Gun,74,1
Patna,13,61012,7.63,10,Afternoon,46,Male,Rod,35,0
Mumbai,20,127827,16.49,8,Evening,57,Female,None,69,1
Mumbai,35,24260,17.71,10,Evening,47,Male,Knife,73,1
Mumbai,5,11074,7.6,4,Night,34,Male,Knife,23,0
Bangalore,9,183748,6.17,10,Night,46,Female,Gun,73,1
Kolkata,29,150547,10.75,8,Evening,54,Female,None,73,1
Patna,6,156192,4.99,9,Morning,35,Female,Knife,53,0
Chennai,25,164219,2.52,4,Morning,43,Female,None,35,0
Delhi,31,11986,17.13,1,Morning,18,Female,Knife,64,1
Chennai,22,173502,16.81,3,Morning,47,Female,None,75,1
Delhi,2,65479,4.6,1,Night,37,Female,None,83,1
Lucknow,45,140833,8.52,7,Afternoon,59,Female,Knife,59,0
Chennai,5,12176,15.3,1,Evening,69,Male,None,81,1
Jaipur,27,94258,12.58,11,Morning,57,Male,Rod,80,1
Jaipur,25,125188,8.32,4,Night,68,Female,Knife,87,1
Hyderabad,8,94153,13.91,1,Afternoon,59,Male,Knife,81,1
Kolkata,1,168187,16.35,2,Evening,30,Female,Rod,42,1
Delhi,20,87442,16.82,11,Evening,53,Male,None,37,0
Delhi,44,50002,8.06,1,Evening,34,Male,Rod,10,0
Kolkata,23,67124,4.78,5,Morning,46,Female,Knife,17,0
Bangalore,32,147682,16.61,7,Evening,41,Male,Rod,81,1
Hyderabad,11,59752,3.48,3,Morning,20,Male,None,81,0
Bangalore,39,88947,13.55,8,Afternoon,35,Male,Rod,24,0
Bangalore,47,128972,4.25,5,Night,17,Female,Knife,41,0
Bangalore,24,84716,8.23,5,Night,36,Male,None,49,0
Kolkata,11,189065,8.58,5,Night,66,Male,Knife,77,1
Bangalore,29,20073,4.54,8,Evening,66,Female,Knife,85,1
Jaipur,26,47251,16.76,2,Night,51,Male,Gun,63,1
Mumbai,16,106496,2.04,2,Afternoon,43,Male,Knife,56,0
Lucknow,35,48897,16.3,8,Morning,35,Male,Knife,22,0
Delhi,20,191978,16.14,9,Night,52,Male,None,29,0
Delhi,46,61616,7.07,11,Morning,54,Female,None,83,0
Lucknow,3,14482,13.27,10,Morning,51,Female,None,91,1
Kolkata,1,117990,6.04,10,Night,26,Female,Rod,5,0
Chennai,47,180646,14.14,2,Night,18,Male,Rod,45,1
Kolkata,1,53284,10.98,4,Night,52,Female,None,22,0
Delhi,17,82932,6.8,8,Evening,35,Male,Rod,5,0
Delhi,2,17338,8.4,2,Night,47,Male,Gun,43,1
Lucknow,29,183790,13.04,4,Evening,62,Female,Rod,78,1
Bangalore,20,153572,16.5,10,Afternoon,40,Female,Gun,35,1
Kolkata,6,152617,4.09,1,Morning,36,Female,None,75,0
Patna,8,71480,11.14,2,Afternoon,65,Male,None,42,0
Lucknow,29,146313,6.06,7,Night,31,Male,Rod,12,0
Jaipur,48,163893,14.82,1,Morning,63,Male,None,38,0
Delhi,33,14695,3.12,1,Night,57,Male,None,77,1
Lucknow,3,24318,13.02,2,Night,16,Female,Knife,93,1
Kolkata,35,60934,4.8,4,Morning,38,Female,None,31,0
Delhi,5,163403,11.54,7,Afternoon,58,Male,Knife,45,0
Chennai,27,131282,15.37,4,Night,64,Male,None,11,0
Lucknow,44,193744,14.08,5,Morning,39,Female,Gun,36,1
Hyderabad,12,101891,14.05,4,Afternoon,62,Female,Gun,77,1
Delhi,20,78754,10.29,4,Evening,40,Male,None,85,1
Kolkata,45,95677,16.25,9,Afternoon,22,Female,Gun,20,0
Mumbai,20,112320,11.41,6,Afternoon,53,Male,Gun,6,0
Patna,9,143909,16.68,3,Morning,62,Male,Gun,47,1
Bhopal,39,135261,10.74,6,Afternoon,62,Male,Rod,35,0
Bangalore,4,115338,10.1,7,Evening,54,Male,Gun,84,1
Bhopal,19,50077,5.56,7,Evening,50,Female,Knife,51,0
Kolkata,38,89915,10.72,8,Night,29,Female,Rod,37,0
Jaipur,27,145311,4.25,4,Evening,24,Male,Knife,89,1
Jaipur,45,39669,15.92,1,Night,18,Male,Knife,21,1
Mumbai,43,58624,12.81,6,Evening,53,Male,Knife,58,1
Bangalore,13,85147,17.9,8,Afternoon,35,Male,Rod,58,1
Hyderabad,13,145222,3.47,5,Night,56,Male,None,55,0
Mumbai,22,152181,5.85,3,Evening,48,Female,Gun,56,1
Bhopal,28,167088,16.03,4,Afternoon,56,Male,Gun,11,0
Mumbai,47,153008,8.32,8,Afternoon,59,Female,None,58,0
Bhopal,45,152108,9.46,6,Night,47,Male,None,15,0
Delhi,22,180308,15.77,5,Morning,51,Male,Knife,66,1
Jaipur,43,155093,10.35,9,Afternoon,41,Male,Rod,34,0
Delhi,19,46943,5.1,10,Afternoon,63,Male,Knife,86,1
Patna,8,123694,16.27,3,Morning,20,Female,Gun,61,1
Bangalore,8,191088,2.5,7,Night,64,Female,None,50,0
Hyderabad,42,164316,16.33,9,Evening,45,Female,Gun,84,1
Bhopal,26,133351,2.81,11,Evening,32,Male,None,74,0
Hyderabad,48,48985,12.65,11,Afternoon,21,Female,Rod,70,1
Bhopal,26,142574,3.15,4,Morning,30,Male,Knife,59,0
Kolkata,23,63836,13.3,10,Afternoon,16,Male,Gun,62,1
Mumbai,43,109714,2.54,10,Night,28,Female,Rod,14,0
Patna,13,13770,15.48,3,Afternoon,63,Male,Gun,8,0
Jaipur,28,52865,9.46,1,Evening,49,Male,None,78,1
Bhopal,9,63811,3.5,9,Morning,45,Female,Gun,77,1
Hyderabad,20,14001,13.31,1,Night,34,Female,Rod,66,1
Patna,19,70848,9.83,2,Afternoon,17,Male,Rod,47,0
Chennai,48,62635,5.06,9,Evening,68,Female,Knife,46,0
Chennai,39,30946,2.25,5,Afternoon,59,Female,Gun,28,0
Delhi,12,105852,8.69,4,Evening,27,Female,None,9,0
Jaipur,15,101103,3.37,9,Morning,55,Male,Gun,72,1
Kolkata,31,53744,3.51,9,Night,59,Male,Knife,81,1
Hyderabad,14,127729,6.28,2,Afternoon,39,Female,None,49,0
Mumbai,11,180231,12.09,3,Night,26,Male,None,63,1
Mumbai,26,33671,10.48,3,Morning,17,Male,Knife,69,1
Hyderabad,42,157522,3.1,5,Evening,16,Female,None,67,0
Bangalore,27,155980,17.49,3,Morning,43,Female,Rod,79,1
Kolkata,11,198347,16.19,10,Morning,19,Female,Rod,94,1
Patna,38,185430,6.15,6,Night,56,Male,None,71,0
Bhopal,34,190119,3.96,2,Morning,45,Male,Gun,53,1
Bangalore,43,176590,17.08,6,Afternoon,22,Male,None,81,1
Bhopal,19,67813,9.38,6,Evening,37,Male,Gun,36,1
Bhopal,6,106748,6.98,2,Morning,41,Female,Knife,54,0
Bangalore,46,147878,9.85,6,Afternoon,44,Female,Rod,91,1
Delhi,38,114733,14.36,6,Evening,40,Female,Rod,62,1
Chennai,49,181963,4.69,6,Night,25,Female,Knife,56,0
Bhopal,42,136865,14.28,5,Evening,35,Female,Knife,27,0
Bangalore,28,93551,13.99,7,Night,29,Male,Rod,34,0
Bangalore,1,139335,10.63,5,Evening,48,Female,Knife,74,1
Lucknow,35,49220,15.85,11,Morning,20,Male,None,75,1
Delhi,40,27158,4.11,1,Night,60,Male,None,34,0
Jaipur,8,90992,11.53,9,Night,21,Female,Gun,41,1
Lucknow,47,168660,9.19,3,Night,37,Male,Gun,52,1
Lucknow,7,72576,8.76,2,Morning,32,Male,Gun,36,1
Hyderabad,11,98027,6.04,10,Morning,30,Female,None,74,0
Chennai,39,165260,7.96,6,Evening,54,Male,Rod,39,0
Bangalore,4,68830,3.73,8,Evening,55,Female,Gun,80,1
Chennai,25,145091,6.03,2,Morning,43,Female,None,72,0
Kolkata,12,22419,6.35,4,Morning,68,Male,Rod,36,0
Hyderabad,26,43697,13.53,2,Night,17,Male,Knife,63,1
Jaipur,38,94932,2.78,9,Evening,33,Female,None,39,0
Chennai,46,129712,12.42,10,Evening,42,Male,Knife,20,0
Mumbai,12,105428,5.54,2,Night,36,Female,Gun,83,1
Bhopal,43,149045,3.31,10,Night,38,Female,Rod,56,0
Kolkata,37,96649,6.81,2,Night,22,Female,None,70,1
Delhi,46,132649,5.59,5,Afternoon,67,Female,Gun,10,0
Jaipur,24,21136,10.83,5,Afternoon,63,Female,Gun,18,0
Kolkata,16,94739,7.72,7,Morning,34,Female,Rod,33,0
Bhopal,13,72502,17.46,1,Evening,24,Male,Knife,30,1
Hyderabad,25,172357,17.42,2,Night,27,Female,Gun,22,1
Bhopal,4,33039,9.1,11,Night,61,Male,Rod,8,0
Lucknow,11,76720,14.72,11,Evening,45,Male,Rod,61,1
Bhopal,32,133168,2.21,6,Afternoon,22,Male,None,57,0
Lucknow,49,98263,10.76,2,Evening,17,Female,Gun,29,1
Hyderabad,7,69155,13.89,4,Morning,32,Female,Knife,51,1
Patna,46,26911,5.47,10,Afternoon,26,Male,Knife,56,0
Lucknow,11,10916,2.98,6,Evening,65,Female,Gun,38,0
Delhi,28,69052,4.49,7,Evening,27,Male,Knife,20,0
Bhopal,41,27790,9.07,10,Morning,18,Female,Rod,91,1
Bhopal,23,146278,10.1,5,Evening,36,Female,Rod,40,0
Delhi,45,131937,8.09,8,Afternoon,29,Female,Gun,32,0
Mumbai,23,95053,9.04,6,Night,30,Male,Knife,69,1
Bangalore,28,59950,9.52,5,Night,66,Male,Rod,76,1
Patna,43,126211,14.31,4,Night,57,Male,Gun,57,1
Jaipur,47,66361,3.68,6,Afternoon,56,Female,Rod,46,0
Lucknow,26,71451,14.3,6,Evening,25,Female,Gun,83,1
Delhi,25,47696,13.02,6,Evening,67,Male,None,23,0
Hyderabad,29,112395,13.87,1,Evening,51,Male,None,48,1
Lucknow,19,134121,13.75,6,Evening,66,Male,Gun,34,1
Bangalore,33,56728,9.53,1,Night,25,Female,None,78,1
Hyderabad,36,65401,5.38,5,Afternoon,32,Male,None,48,0
Kolkata,14,35103,10.59,7,Morning,59,Female,Knife,31,0
Bhopal,14,175335,17.33,1,Afternoon,40,Female,None,88,1
Kolkata,35,60044,11.42,1,Evening,42,Male,Knife,93,1
Lucknow,30,67730,2.18,6,Evening,48,Female,None,77,0
Bangalore,28,35825,2.96,7,Afternoon,26,Female,None,38,0
Patna,17,47271,17.89,6,Afternoon,28,Female,Rod,89,1
Lucknow,3,87256,3.15,5,Night,16,Female,Gun,28,0
Delhi,16,187804,2.74,6,Evening,46,Male,None,60,0
Chennai,46,76433,7.65,3,Afternoon,48,Female,Gun,11,0
Lucknow,30,111999,17.51,9,Evening,36,Male,Gun,72,1
Bhopal,29,33572,7.1,5,Afternoon,31,Female,Rod,55,0
Bhopal,45,48546,8.56,2,Evening,54,Male,Gun,12,0
Lucknow,15,156222,12.15,10,Afternoon,38,Female,Gun,60,1
Hyderabad,46,64165,2.39,10,Evening,25,Male,None,81,0
Chennai,25,73690,16.36,7,Morning,63,Female,Rod,62,1
Delhi,38,194736,10.31,3,Night,48,Male,Gun,89,1
Lucknow,42,46948,9.47,1,Morning,37,Male,None,73,1
Hyderabad,47,178102,15.77,3,Night,56,Male,Rod,12,0
Bhopal,38,37007,17.25,9,Night,21,Female,None,70,1
Bhopal,23,110819,8.77,5,Afternoon,62,Female,Rod,28,0
Bangalore,25,101207,4.76,7,Morning,51,Male,Rod,46,0
Lucknow,42,86772,15.05,3,Night,62,Female,Knife,58,1
Chennai,7,32024,8.45,4,Evening,25,Male,Knife,20,0
Mumbai,22,180456,16.97,1,Afternoon,31,Male,Knife,8,0
Chennai,17,92912,17.2,3,Afternoon,28,Female,Gun,63,1
Bhopal,18,159229,3.84,7,Evening,66,Female,None,50,0
Bhopal,49,95481,17.3,4,Evening,35,Female,Rod,17,0
Kolkata,41,98553,7.89,2,Night,19,Female,None,41,0
Bhopal,10,142828,12.34,5,Evening,35,Female,Gun,58,1
Delhi,10,112488,2.56,5,Afternoon,37,Female,Knife,53,0
Jaipur,7,106741,16.22,2,Evening,44,Male,Knife,79,1
Lucknow,48,199123,12.27,11,Morning,31,Male,None,62,0
Chennai,38,88210,12.3,6,Afternoon,58,Male,None,23,0
Jaipur,27,184166,16.43,10,Evening,62,Female,Rod,22,0
Hyderabad,33,145607,10.13,4,Afternoon,58,Male,None,64,0
Mumbai,1,197107,8.57,1,Night,38,Female,Rod,21,0
Delhi,44,57367,15.86,3,Morning,45,Female,Rod,15,0
Chennai,34,158190,13.88,9,Night,45,Female,Knife,19,0
Jaipur,4,69884,17.18,10,Morning,58,Male,None,76,1
Mumbai,17,154352,17.04,7,Evening,18,Male,Knife,21,0
Kolkata,4,155818,8.12,6,Afternoon,39,Female,Rod,94,1
Delhi,43,112572,9.15,1,Evening,64,Male,Knife,9,0
Delhi,26,63251,6.1,9,Night,52,Female,Knife,65,0
Kolkata,4,94821,12.57,9,Afternoon,28,Female,Rod,8,0
Lucknow,1,93583,7.83,1,Evening,57,Male,Gun,60,1
Kolkata,7,20207,14.58,6,Evening,47,Female,Gun,92,1
Delhi,30,37757,3.94,7,Afternoon,52,Female,None,79,0
Delhi,9,157298,3.86,2,Afternoon,27,Female,Knife,52,0
Jaipur,35,168278,5.27,10,Night,23,Female,None,52,0
Bhopal,8,161328,3.35,8,Morning,39,Male,Knife,39,0
Mumbai,24,43822,11.92,8,Morning,59,Male,None,37,0
Kolkata,19,51340,4.36,6,Afternoon,31,Female,None,25,0
Mumbai,36,193306,4.56,9,Morning,47,Female,Rod,9,0
Kolkata,43,53351,2.23,3,Night,49,Female,Gun,68,1
Hyderabad,27,116311,14.51,2,Morning,50,Male,Gun,73,1
Delhi,32,189743,15.0,2,Afternoon,47,Male,Gun,25,1
Bhopal,14,85320,4.59,6,Night,65,Male,Rod,93,1
Jaipur,18,112565,13.83,7,Afternoon,32,Male,Gun,78,1
Bhopal,28,176229,8.94,6,Night,17,Male,Rod,87,1
Bhopal,29,29937,5.83,11,Night,41,Female,Knife,36,0
Bhopal,16,195362,11.94,3,Afternoon,69,Male,Rod,22,0
Mumbai,35,187779,4.86,5,Evening,59,Male,None,62,0
Kolkata,47,21219,14.11,8,Afternoon,32,Female,None,83,1
Patna,31,19399,2.76,6,Night,53,Male,Knife,28,0
Hyderabad,4,136733,17.35,2,Afternoon,64,Female,Knife,9,0
Chennai,37,168729,3.15,7,Afternoon,17,Female,None,57,0
Bhopal,17,30047,11.27,8,Night,23,Male,Gun,77,1
Lucknow,39,95693,16.44,4,Morning,61,Male,Gun,59,1
Mumbai,48,110931,2.19,1,Night,21,Male,Gun,9,0
Jaipur,46,185963,9.98,2,Afternoon,24,Male,Knife,73,1
Chennai,26,147852,7.6,4,Night,16,Female,None,45,0
Patna,48,37050,11.29,7,Night,20,Female,Rod,11,0
Lucknow,39,83551,5.61,2,Morning,54,Male,Knife,94,1
Patna,41,78666,3.04,6,Evening,24,Female,None,5,0
Chennai,4,92016,12.01,2,Afternoon,29,Female,Gun,56,1
Bhopal,30,123135,8.67,7,Afternoon,42,Female,Gun,30,0
Lucknow,30,63010,11.96,2,Morning,24,Male,Gun,67,1
Patna,22,48165,5.37,3,Night,51,Female,None,16,0
Jaipur,11,21528,7.42,9,Evening,44,Female,Gun,74,1
Kolkata,2,130840,10.99,4,Afternoon,35,Female,None,88,1
Delhi,44,190680,11.49,5,Evening,30,Male,Knife,23,0
Kolkata,12,146986,7.96,9,Evening,51,Female,Rod,84,1
Chennai,30,47136,6.48,7,Night,18,Female,Gun,8,0
Mumbai,36,152251,6.38,8,Night,68,Female,Knife,86,1
Delhi,18,96008,4.8,11,Night,38,Female,Knife,9,0
Hyderabad,26,22076,7.21,3,Afternoon,69,Female,None,58,0
Jaipur,7,133911,5.19,11,Evening,61,Female,Knife,74,0
Hyderabad,1,165855,12.14,11,Evening,24,Female,None,61,0
Lucknow,26,126625,11.11,4,Afternoon,45,Male,None,82,1
Delhi,23,187788,8.12,7,Morning,34,Male,Knife,56,0
Hyderabad,26,60298,7.21,4,Night,53,Male,None,22,0
Hyderabad,45,64304,5.8,2,Afternoon,18,Male,None,68,0
Patna,6,89360,10.57,10,Night,65,Male,None,14,0
Kolkata,6,79835,16.7,6,Evening,63,Male,Knife,27,0
Patna,44,122424,12.97,9,Afternoon,18,Female,Rod,86,1
Delhi,8,149190,13.91,2,Morning,49,Male,None,72,1
Delhi,24,66911,15.35,1,Night,17,Male,Gun,56,1
Chennai,22,113088,7.63,8,Evening,42,Male,Knife,51,0
Patna,19,25185,3.01,1,Evening,38,Male,Knife,74,1
Bangalore,37,182864,11.96,1,Morning,57,Female,None,30,0
Kolkata,18,60613,5.02,3,Morning,47,Female,Knife,74,1
Delhi,31,174999,11.1,5,Night,62,Female,Gun,47,1
Chennai,37,10386,13.83,9,Evening,50,Female,Rod,73,1
Patna,30,40020,14.54,11,Morning,55,Male,Knife,67,1
Kolkata,42,52678,6.83,10,Afternoon,33,Female,Knife,82,1
Patna,33,71394,10.2,2,Morning,42,Male,Knife,70,1
Hyderabad,10,125377,11.94,1,Afternoon,26,Female,None,67,1
Chennai,37,131716,15.11,1,Evening,54,Male,Gun,17,1
Kolkata,12,197486,14.18,8,Night,34,Male,Rod,55,1
Bhopal,30,195888,17.81,10,Evening,40,Female,Gun,9,0
Lucknow,27,65918,2.13,10,Evening,22,Female,Gun,51,0
Lucknow,39,125640,9.0,10,Evening,46,Female,Knife,40,0
Kolkata,9,170527,6.1,2,Evening,17,Female,Rod,40,0
Patna,21,114446,3.92,9,Night,53,Female,Gun,54,0
Chennai,12,179807,16.58,9,Morning,20,Female,Rod,60,1
Lucknow,29,104702,17.97,2,Night,29,Female,None,23,0
Chennai,33,115509,4.89,3,Night,33,Male,Knife,24,0
Lucknow,43,103608,2.61,2,Night,51,Female,None,26,0
Hyderabad,15,124310,6.4,6,Night,19,Male,Rod,35,0
Patna,2,153181,15.36,7,Morning,39,Male,Knife,66,1
Hyderabad,39,55802,6.7,6,Evening,28,Female,None,48,0
Lucknow,44,44622,2.91,3,Morning,36,Male,Knife,72,0
Bhopal,18,119935,2.84,3,Morning,48,Female,None,71,0
Bhopal,3,127919,8.84,2,Evening,35,Male,Gun,93,1
Hyderabad,7,143669,16.91,2,Morning,20,Female,Knife,53,1
Bhopal,43,181669,6.57,11,Night,39,Female,Rod,63,0
Lucknow,18,182026,8.83,5,Night,50,Female,Knife,8,0
Kolkata,44,79519,3.63,11,Evening,45,Female,Rod,43,0
Hyderabad,38,197187,9.9,11,Evening,43,Female,None,11,0
Mumbai,37,184223,13.14,8,Evening,68,Male,None,75,1
Patna,33,158112,6.34,6,Night,66,Female,Rod,53,0
Bhopal,44,54772,6.75,9,Evening,60,Female,None,93,1
Bhopal,31,132431,15.47,11,Morning,22,Male,Knife,19,0
Delhi,11,106090,2.17,5,Morning,57,Female,None,11,0
Bangalore,4,168988,12.18,10,Afternoon,50,Male,Rod,51,0
Hyderabad,18,54871,8.3,4,Afternoon,45,Female,Rod,72,1
Jaipur,4,36372,6.77,9,Evening,49,Male,Gun,49,0
Bhopal,49,49080,12.52,10,Afternoon,54,Female,Rod,23,0
Patna,34,116242,15.35,11,Night,24,Female,None,51,0
Mumbai,29,52722,10.93,5,Night,68,Male,Rod,57,1
Bhopal,24,39048,2.5,1,Morning,27,Male,None,31,0
Mumbai,22,95205,9.38,5,Morning,69,Male,None,9,0
Lucknow,2,150849,9.4,5,Afternoon,44,Male,Gun,64,1
Lucknow,44,64711,10.7,5,Afternoon,25,Male,None,81,1
Bangalore,6,177403,12.74,2,Night,42,Female,Rod,66,1
Kolkata,42,30968,2.31,6,Morning,34,Female,Rod,63,0
Jaipur,25,195041,10.03,5,Afternoon,28,Male,Rod,65,1
Delhi,21,21292,11.41,2,Night,57,Male,None,60,1
Bangalore,16,181866,7.49,10,Morning,52,Male,Rod,82,0
Chennai,31,89459,12.69,8,Night,47,Female,Knife,51,1
Delhi,14,60192,5.65,6,Night,30,Female,Knife,52,0
Hyderabad,39,168775,7.08,11,Morning,36,Male,Rod,14,0
Patna,28,94193,17.4,10,Night,18,Female,None,36,0
Chennai,32,79165,7.57,11,Afternoon,23,Male,Rod,69,0
Chennai,28,77650,7.54,3,Night,21,Female,Knife,28,0
Bangalore,49,197588,11.53,9,Afternoon,44,Male,None,33,0
Kolkata,9,139858,17.54,11,Evening,34,Male,Rod,11,0
Bangalore,45,111398,17.73,11,Evening,32,Female,None,21,0
Hyderabad,22,107885,11.27,4,Evening,25,Female,Rod,29,0
Bhopal,32,163329,2.02,3,Night,48,Male,Gun,40,0
Bhopal,5,110588,16.41,7,Evening,28,Male,None,65,1
Kolkata,23,113356,11.12,8,Evening,42,Female,Knife,75,1
Hyderabad,5,93509,7.86,7,Night,57,Male,Knife,39,0
Kolkata,42,61672,15.27,1,Morning,27,Male,Knife,88,1
Mumbai,32,32113,8.4,1,Night,17,Male,Knife,82,1
Bhopal,10,10694,2.54,5,Afternoon,25,Male,Rod,54,0
Chennai,39,25588,15.14,8,Night,36,Male,Rod,60,1
Jaipur,15,74373,10.73,10,Morning,38,Male,None,69,0
Patna,7,95603,7.41,11,Evening,16,Female,Gun,45,0
Hyderabad,29,16704,6.01,3,Night,48,Female,Gun,29,0
Delhi,47,50136,11.5,8,Evening,67,Male,None,38,0
Kolkata,3,77507,5.33,3,Afternoon,41,Male,Knife,12,0
Patna,19,57361,7.18,4,Morning,30,Female,Gun,60,1
Delhi,10,68847,12.18,10,Evening,37,Male,Gun,88,1
Patna,28,116359,16.1,7,Evening,40,Female,None,34,0
Jaipur,29,152513,10.53,3,Evening,16,Female,Knife,72,1
Delhi,15,128906,14.15,4,Evening,41,Male,Rod,25,0
Bangalore,35,24677,14.21,8,Night,36,Male,Rod,14,0
Lucknow,6,37818,12.63,4,Morning,56,Male,Gun,91,1
Bangalore,12,11868,5.93,9,Morning,39,Female,Rod,37,0
Bhopal,47,93591,15.87,4,Evening,54,Female,None,79,1
Lucknow,38,133962,8.98,4,Morning,31,Male,Gun,87,1
Bangalore,13,77264,2.71,5,Evening,47,Male,Gun,79,1
Lucknow,29,83168,5.91,1,Afternoon,31,Male,Knife,8,0
Lucknow,19,153115,14.25,7,Afternoon,28,Female,Rod,27,0
Chennai,3,81939,3.11,9,Afternoon,57,Male,Knife,73,0
Kolkata,8,25732,4.36,9,Morning,47,Female,Gun,57,0
Kolkata,8,65244,13.11,1,Evening,65,Male,Rod,9,0
Chennai,20,159598,16.28,6,Night,56,Male,Knife,22,0
Patna,47,19340,12.14,3,Night,59,Female,Rod,21,0
Mumbai,4,32394,5.56,4,Afternoon,39,Female,Gun,62,1
Patna,21,108557,2.85,8,Afternoon,28,Female,Gun,71,1
Delhi,3,145174,11.84,4,Morning,26,Female,Gun,76,1
Delhi,45,29159,2.76,8,Night,30,Female,None,60,0
Lucknow,8,132366,11.8,4,Morning,25,Female,Knife,44,0
Bangalore,23,16212,5.61,9,Afternoon,57,Male,Knife,91,1
Bangalore,16,47405,16.47,6,Evening,56,Female,Gun,91,1
Kolkata,13,140632,9.6,1,Evening,18,Male,Knife,6,0
Hyderabad,3,87061,5.58,10,Evening,31,Male,Gun,25,0
Patna,48,104296,15.65,2,Afternoon,59,Male,Knife,56,1
Bhopal,9,65186,6.06,7,Morning,32,Female,Rod,28,0
Jaipur,14,185311,6.91,10,Evening,40,Female,Knife,57,0
Bangalore,13,133145,15.35,7,Night,45,Male,Gun,42,1
Jaipur,7,20532,6.94,3,Night,62,Male,Knife,24,0
Lucknow,15,76540,8.56,1,Afternoon,50,Male,Rod,54,0
Jaipur,7,113021,7.56,8,Night,52,Female,Rod,43,0
Bhopal,38,13271,3.86,10,Night,28,Male,Rod,64,0
Chennai,34,186554,2.62,11,Afternoon,39,Female,Gun,43,0
Bhopal,41,10209,13.59,11,Morning,53,Male,None,75,1
Jaipur,22,146611,12.32,10,Evening,41,Female,Gun,37,1
Bhopal,24,29977,6.52,7,Afternoon,24,Female,Rod,33,0
Mumbai,49,119920,6.73,10,Night,34,Male,Knife,78,1
Lucknow,37,138156,17.12,8,Evening,43,Female,Rod,14,0
Patna,44,109588,17.8,1,Evening,22,Male,None,80,1
Chennai,1,78684,9.57,3,Evening,60,Male,None,71,1
Bangalore,10,133862,14.84,2,Afternoon,37,Male,Rod,7,0
Delhi,43,15607,13.79,1,Evening,45,Male,Gun,81,1
Patna,16,104786,6.76,5,Morning,52,Male,None,35,0
Delhi,46,136406,2.94,3,Night,31,Female,Rod,31,0
Lucknow,8,193011,4.28,10,Afternoon,51,Male,Gun,74,1
Chennai,49,159666,15.41,8,Afternoon,20,Female,Knife,31,0
Kolkata,25,199454,13.7,6,Evening,44,Male,Gun,13,0
Bangalore,12,17399,12.63,10,Night,67,Male,None,10,0
Mumbai,25,136812,4.09,9,Evening,66,Female,Gun,10,0
Kolkata,17,166189,12.24,9,Evening,38,Male,Gun,30,0
Lucknow,26,108662,14.35,11,Afternoon,21,Male,Knife,47,0
Patna,46,43617,15.77,6,Morning,51,Female,Rod,23,0
Mumbai,48,148570,2.21,2,Night,48,Female,Gun,20,0
Bhopal,14,112826,12.95,9,Night,64,Male,Knife,27,0
Jaipur,41,139851,2.31,2,Night,56,Male,None,79,0
Mumbai,36,121077,13.31,3,Night,31,Male,Rod,84,1
Lucknow,23,60624,12.17,6,Morning,49,Male,None,33,0
Hyderabad,43,19628,4.37,2,Afternoon,58,Male,Rod,42,0
Jaipur,6,141401,14.26,5,Morning,41,Male,Gun,63,1
Delhi,47,48619,3.09,2,Evening,52,Male,Gun,52,1
Bangalore,5,17032,15.22,4,Afternoon,28,Male,Rod,24,0
Delhi,43,189166,6.19,11,Morning,67,Male,None,25,0
Mumbai,25,48034,13.02,11,Night,32,Female,None,32,0
Delhi,18,112658,16.78,3,Night,47,Female,None,54,1
Lucknow,13,131123,7.44,5,Afternoon,47,Male,Gun,37,0
Bhopal,43,96158,10.05,6,Morning,43,Female,Rod,44,0
Patna,14,65264,9.41,7,Afternoon,44,Female,Rod,94,1
Bangalore,28,104120,4.52,10,Night,40,Male,None,58,0
Delhi,18,57850,11.44,8,Morning,62,Female,Gun,14,0
Delhi,28,14722,13.89,9,Night,37,Female,Rod,38,0
Mumbai,27,27772,16.67,4,Afternoon,42,Female,Rod,77,1
Patna,32,96105,15.61,4,Afternoon,59,Female,None,40,0
Kolkata,47,182751,10.16,7,Afternoon,53,Female,None,79,1
Delhi,9,14576,13.5,10,Afternoon,35,Male,Rod,78,1
Lucknow,40,167779,14.81,10,Afternoon,60,Male,Gun,11,0
Hyderabad,32,109404,9.9,11,Evening,65,Female,Knife,20,0
Bangalore,20,182704,3.85,9,Afternoon,39,Female,Rod,55,0
Delhi,28,51476,9.01,11,Afternoon,62,Female,Rod,94,1
Lucknow,33,171357,15.48,2,Night,62,Male,Gun,65,1
Lucknow,4,34154,11.55,11,Afternoon,23,Female,Rod,35,0
Bangalore,46,161126,13.59,6,Morning,66,Male,Knife,36,0
Kolkata,34,27165,4.96,10,Afternoon,29,Female,Gun,49,0
Lucknow,48,24439,17.43,10,Evening,54,Female,Knife,80,1
Hyderabad,3,128211,8.47,8,Afternoon,29,Male,Knife,31,0
Lucknow,26,54518,12.46,5,Night,20,Male,Rod,26,0
Lucknow,8,36962,2.3,5,Morning,62,Male,Knife,19,0
Lucknow,6,195006,4.04,8,Morning,36,Female,Rod,12,0
Bhopal,16,47763,14.51,1,Afternoon,30,Female,Rod,72,1
Bhopal,24,126189,17.49,6,Afternoon,51,Male,Gun,12,0
Kolkata,48,120290,7.12,10,Afternoon,48,Female,Gun,91,1
Delhi,39,120814,2.59,9,Afternoon,32,Male,Gun,20,0
Lucknow,30,29464,7.77,6,Night,35,Male,Rod,52,0
Patna,45,183108,2.28,7,Night,16,Female,Knife,38,0
Delhi,13,133980,5.08,4,Morning,31,Female,Knife,90,1
Kolkata,5,174342,14.04,10,Afternoon,60,Female,Gun,91,1
Chennai,25,52299,16.99,1,Night,33,Female,Gun,61,1
Delhi,20,41541,3.4,9,Night,25,Female,Rod,9,0
Delhi,18,83545,10.93,6,Morning,38,Female,None,48,0
Jaipur,47,139188,6.06,3,Morning,33,Female,None,75,0
Mumbai,18,39765,4.22,4,Evening,64,Male,Rod,41,0
Jaipur,2,33769,5.5,10,Night,24,Male,None,94,1
Hyderabad,10,30156,11.24,6,Morning,61,Female,None,32,0
Bhopal,45,191553,3.04,6,Night,68,Male,None,72,0
Bhopal,47,154507,8.95,9,Night,45,Male,Gun,42,1
Mumbai,12,187408,4.16,4,Afternoon,28,Male,Knife,50,0
Bangalore,47,177207,6.36,5,Afternoon,67,Male,Knife,77,1
Bangalore,13,83631,5.05,5,Afternoon,67,Female,Gun,30,0
Kolkata,47,47909,16.13,3,Afternoon,46,Male,Gun,79,1
Mumbai,11,79487,13.33,2,Night,61,Male,Gun,88,1
Delhi,19,162540,15.9,8,Evening,58,Female,None,57,1
Bangalore,35,57655,8.14,10,Evening,28,Male,Rod,67,0
Lucknow,39,175413,7.01,9,Evening,47,Male,Rod,67,0
Patna,26,61786,8.09,10,Night,32,Female,None,42,0
Delhi,46,78304,2.3,11,Evening,18,Male,None,19,0
Hyderabad,14,113606,13.6,9,Night,16,Female,Gun,13,0
Lucknow,45,187586,7.6,5,Morning,68,Female,Gun,79,1
Lucknow,44,130938,7.01,11,Evening,20,Female,Knife,26,0
Mumbai,24,175051,11.57,9,Night,47,Male,Gun,74,1
Kolkata,41,90981,8.98,4,Morning,40,Male,None,60,0
Hyderabad,1,65107,17.69,2,Afternoon,60,Female,Knife,41,1
Bangalore,43,142232,7.7,3,Morning,20,Female,Gun,61,1
Mumbai,22,97897,11.82,1,Morning,52,Female,Knife,64,1
Bangalore,23,82577,6.99,5,Evening,38,Male,Knife,89,1
Mumbai,19,151918,17.85,1,Afternoon,27,Male,Gun,16,1
Mumbai,18,114180,9.12,11,Afternoon,49,Female,Rod,11,0
Mumbai,12,29924,12.15,1,Evening,38,Male,None,70,1
Kolkata,28,121193,4.03,11,Morning,31,Male,None,45,0
Mumbai,28,154954,13.73,11,Night,64,Female,Knife,28,0
Chennai,33,11095,6.31,7,Evening,20,Male,Rod,94,1
Patna,19,114205,9.18,2,Morning,59,Male,Rod,29,0
Bangalore,28,182055,16.13,8,Night,62,Female,Gun,66,1
Delhi,49,24123,17.53,6,Evening,43,Male,Gun,88,1
Jaipur,37,55278,8.79,4,Evening,21,Male,None,48,0
Hyderabad,26,107911,15.36,9,Afternoon,28,Male,Gun,6,0
Bhopal,35,61999,2.85,10,Afternoon,58,Female,Gun,46,0
Kolkata,34,41153,15.56,8,Afternoon,45,Male,Knife,37,0
Delhi,35,28344,12.07,10,Night,41,Male,Rod,21,0
Lucknow,40,47656,9.82,3,Evening,32,Male,Rod,67,1
Chennai,16,11212,16.24,3,Afternoon,24,Male,Gun,26,1
Bhopal,38,130385,15.53,4,Afternoon,31,Male,Gun,5,0
Jaipur,13,150073,6.75,9,Evening,64,Female,Gun,74,1
Delhi,23,88784,14.66,9,Night,67,Male,None,58,1
Bhopal,22,108723,3.59,5,Afternoon,33,Female,None,18,0
Delhi,16,91144,15.16,9,Morning,28,Male,Knife,57,1
Chennai,28,177499,12.81,6,Night,44,Female,None,10,0
Jaipur,48,41368,3.41,8,Afternoon,58,Female,Rod,94,1
Lucknow,35,71160,12.93,11,Morning,60,Male,None,68,0
Mumbai,45,166926,11.29,8,Afternoon,39,Female,Rod,92,1
Bangalore,46,20715,11.51,10,Night,60,Male,None,37,0
Lucknow,8,68784,6.65,7,Evening,59,Female,None,76,0
Mumbai,44,139193,6.26,4,Evening,61,Male,Knife,48,0
Kolkata,22,109644,14.2,4,Night,28,Male,Gun,38,1
Patna,21,36797,6.11,6,Afternoon,40,Male,Gun,38,0
Hyderabad,26,57573,9.14,9,Night,56,Male,Gun,28,0
Hyderabad,40,86120,13.12,7,Morning,61,Female,Knife,6,0
Bangalore,21,24780,3.27,5,Afternoon,16,Male,Rod,12,0
Jaipur,25,47905,11.51,5,Night,24,Male,None,29,0
Chennai,41,162645,11.43,8,Evening,19,Male,Knife,36,0
Jaipur,1,126049,12.95,6,Night,43,Female,Rod,60,1
Chennai,6,139651,7.92,1,Afternoon,27,Male,Knife,11,0
Jaipur,23,43359,9.18,1,Night,39,Female,Knife,52,1
Patna,23,76062,7.28,9,Evening,61,Female,Rod,92,1
Kolkata,43,83391,14.93,8,Morning,24,Male,Gun,58,1
Kolkata,43,53463,4.09,6,Night,50,Female,None,67,0
Mumbai,23,109596,17.41,1,Night,53,Male,Gun,77,1
Bhopal,32,105018,12.16,2,Morning,50,Female,Knife,84,1
Kolkata,30,26571,16.19,10,Night,48,Male,Rod,6,0
Kolkata,13,160214,8.82,3,Evening,69,Male,Knife,39,0
Lucknow,43,35104,7.32,10,Morning,68,Male,Gun,26,0
Lucknow,18,18625,16.41,3,Evening,50,Female,Gun,87,1
Mumbai,23,49199,3.58,2,Evening,61,Female,Gun,68,1
Bhopal,15,130725,3.87,2,Evening,35,Female,None,63,0
Bangalore,33,156998,6.79,6,Afternoon,17,Female,Gun,53,1
Lucknow,21,41218,17.36,7,Morning,59,Male,None,56,1
Bangalore,39,185544,12.13,4,Afternoon,41,Male,None,25,0
Delhi,23,101916,10.87,1,Afternoon,57,Female,Gun,16,0
Lucknow,27,133182,13.29,6,Night,28,Female,Rod,15,0
Patna,45,30566,8.68,7,Morning,45,Female,Knife,58,0
Bhopal,44,197197,14.13,4,Night,67,Female,Knife,87,1
Mumbai,18,43205,8.29,6,Afternoon,47,Male,None,74,0
Delhi,24,119084,15.22,9,Night,51,Male,None,18,0
Bhopal,47,39717,6.28,4,Evening,34,Male,None,37,0
Patna,40,191056,6.44,10,Afternoon,37,Female,Knife,81,1
Bhopal,42,117292,10.36,4,Evening,16,Female,None,30,0
Patna,7,166207,8.89,10,Morning,26,Female,Rod,18,0
Patna,48,169236,12.37,5,Night,41,Female,Rod,92,1
Bangalore,20,48562,7.83,3,Afternoon,63,Male,None,52,0
Jaipur,27,30169,5.69,10,Morning,34,Male,Knife,69,0
Delhi,6,31604,9.52,2,Evening,34,Female,Gun,50,1
Bhopal,27,99670,10.98,9,Night,27,Male,Knife,59,1
Chennai,9,124605,4.28,1,Night,18,Male,Gun,78,1
Delhi,45,98738,10.91,5,Afternoon,33,Male,Gun,78,1
Jaipur,31,141756,7.11,5,Night,64,Male,None,72,1
Delhi,21,138140,8.28,8,Night,20,Female,Rod,82,1
Kolkata,26,112537,6.47,6,Evening,63,Male,None,16,0
Chennai,40,121301,16.9,6,Evening,39,Male,Gun,58,1
Jaipur,48,18007,12.93,6,Evening,29,Male,None,68,1
Bangalore,45,124915,6.2,4,Morning,66,Male,Gun,51,1
Bhopal,13,127419,12.32,1,Morning,53,Female,None,41,0
Hyderabad,49,51787,15.58,3,Night,18,Male,Rod,78,1
Jaipur,23,59582,8.43,10,Morning,21,Male,Rod,45,0
Mumbai,20,93629,15.28,11,Afternoon,27,Female,Knife,31,0
Bhopal,37,15782,4.47,6,Evening,67,Female,Gun,46,0
Jaipur,28,76770,15.16,5,Morning,26,Female,Gun,80,1
Kolkata,17,67645,10.64,10,Night,54,Female,None,90,1
Hyderabad,28,113509,5.57,1,Evening,41,Female,Knife,72,1
Kolkata,41,173068,8.51,5,Morning,16,Female,Rod,33,0
Hyderabad,2,39204,17.81,2,Evening,31,Male,None,40,1
Mumbai,25,27152,14.54,1,Morning,63,Male,Knife,61,1
Bhopal,41,196258,11.2,4,Night,64,Female,Rod,82,1
Bangalore,6,100555,3.84,6,Morning,62,Male,None,16,0
Kolkata,11,29689,8.68,7,Morning,68,Male,Rod,49,0
Kolkata,38,191762,6.21,9,Morning,24,Male,Gun,24,0
Patna,6,93251,3.14,5,Evening,20,Male,Knife,49,0
Hyderabad,45,198392,10.68,8,Morning,67,Male,Rod,27,0
Lucknow,11,197163,16.23,8,Morning,23,Female,Knife,66,1
Bhopal,14,116565,12.81,11,Morning,36,Male,None,90,1
Hyderabad,2,163014,5.99,9,Evening,48,Male,Knife,38,0
Patna,40,48712,11.18,3,Night,54,Female,None,25,0
Delhi,3,59632,17.09,3,Night,58,Male,Knife,55,1
Hyderabad,35,179103,13.57,9,Night,35,Male,None,13,0
Bangalore,33,30478,13.03,7,Morning,68,Male,None,78,1
Bhopal,24,32551,17.49,4,Evening,60,Male,None,14,0
Patna,19,58068,14.78,1,Night,37,Male,Rod,56,1
Delhi,18,103608,4.19,7,Night,28,Male,Gun,49,0
Chennai,49,45561,7.56,10,Night,54,Female,Knife,56,0
Patna,24,143964,17.44,6,Afternoon,26,Male,Gun,34,1
Chennai,45,34395,9.84,3,Evening,33,Female,Gun,68,1
Bhopal,35,28756,3.79,5,Afternoon,45,Female,Gun,6,0
Kolkata,1,175723,9.34,3,Morning,48,Male,Gun,53,1
Patna,36,76333,13.15,8,Night,59,Male,Knife,49,1
Mumbai,25,190378,17.96,5,Morning,18,Male,Knife,21,0
Chennai,45,162418,7.18,10,Evening,16,Female,Gun,32,0
Bangalore,49,123561,10.23,10,Morning,51,Female,Knife,49,0
Mumbai,43,38024,16.07,6,Morning,21,Female,Knife,21,0
Jaipur,34,181890,7.68,2,Night,52,Male,None,63,1
Jaipur,25,15947,3.75,8,Evening,44,Female,Knife,18,0
Delhi,16,137192,17.18,9,Morning,26,Male,Rod,14,0
Kolkata,34,104238,9.82,3,Afternoon,67,Male,Gun,82,1
Bhopal,29,77428,10.04,6,Night,28,Female,Knife,85,1
Patna,19,170826,11.94,6,Afternoon,26,Female,Gun,90,1
Lucknow,23,73355,2.06,2,Night,53,Male,Knife,22,0
Bangalore,19,199313,16.9,10,Morning,66,Female,Gun,39,1
Chennai,25,139958,7.78,8,Night,40,Female,Rod,52,0
Bhopal,16,154490,8.35,5,Morning,30,Male,Knife,62,1
Mumbai,9,196256,4.79,11,Afternoon,68,Female,Knife,22,0
Jaipur,1,145905,8.05,11,Morning,28,Female,Rod,56,0
Bangalore,42,182905,14.86,8,Night,57,Male,Knife,34,0
Lucknow,19,141637,14.8,8,Night,48,Male,Gun,41,1
Patna,33,181252,16.97,3,Night,28,Female,Rod,44,1
Delhi,34,28402,8.45,5,Afternoon,53,Female,None,10,0
Lucknow,16,183917,13.34,7,Evening,68,Female,Gun,83,1
Bangalore,44,85851,10.12,5,Afternoon,39,Male,Knife,39,0
Lucknow,40,22834,14.86,6,Morning,35,Female,Gun,30,1
Bangalore,18,77850,13.4,2,Morning,59,Male,Rod,34,0
Bangalore,34,47180,7.89,8,Afternoon,32,Male,Knife,79,1
Hyderabad,25,144955,7.39,5,Afternoon,65,Male,Knife,28,0
Chennai,45,119688,6.04,6,Morning,39,Male,Rod,59,0
Jaipur,6,116520,11.22,1,Morning,41,Female,None,82,1
Hyderabad,21,21695,17.42,10,Morning,55,Female,Knife,91,1
Patna,6,137135,5.2,2,Evening,47,Female,Knife,13,0
Hyderabad,32,164195,3.52,11,Evening,44,Female,Knife,66,0
Kolkata,41,68481,3.91,4,Afternoon,29,Female,None,22,0
Kolkata,48,83438,14.53,11,Afternoon,52,Male,Gun,55,1
Jaipur,43,121491,7.6,9,Evening,37,Male,None,23,0
Lucknow,39,158645,5.59,6,Night,49,Female,Gun,73,1
Chennai,31,131844,7.65,8,Evening,42,Female,Knife,86,1
Jaipur,42,104910,12.33,2,Afternoon,43,Female,Gun,37,1
Bangalore,10,66494,10.75,10,Evening,37,Female,Gun,42,1
Mumbai,30,153360,13.9,5,Night,58,Male,Gun,17,1
Chennai,18,56978,7.43,1,Afternoon,18,Female,Gun,53,1
Chennai,24,127845,9.23,4,Morning,37,Male,Knife,77,1
Bangalore,9,140621,3.63,10,Afternoon,63,Male,Rod,94,1
Bangalore,31,64672,3.17,1,Evening,36,Female,None,57,0
Delhi,15,71821,9.4,11,Evening,31,Male,Gun,5,0
Jaipur,4,93661,6.83,11,Night,24,Female,Knife,16,0
Bangalore,40,79224,11.8,9,Evening,28,Male,Knife,28,0
Kolkata,9,99405,2.69,2,Night,25,Male,Knife,5,0
Patna,45,64796,3.95,7,Afternoon,64,Male,Knife,72,0
Mumbai,9,185778,15.84,3,Evening,36,Male,Gun,11,1
Jaipur,26,138554,11.06,2,Afternoon,64,Male,None,73,1
Bhopal,4,133777,13.39,4,Morning,57,Female,Knife,43,1
Kolkata,17,14023,15.47,7,Morning,55,Male,None,36,0
Lucknow,16,177807,9.42,7,Night,22,Female,None,53,0
Bangalore,15,82959,14.18,9,Evening,61,Female,None,35,0
Bhopal,35,49218,10.39,3,Afternoon,37,Male,Rod,83,1
Bangalore,5,153285,5.56,7,Afternoon,33,Female,Knife,7,0
Chennai,5,38460,7.4,6,Evening,36,Male,Knife,51,0
Kolkata,20,134579,9.85,10,Afternoon,66,Female,Knife,19,0
Chennai,15,74680,7.07,7,Evening,65,Female,None,55,0
Delhi,18,41017,7.37,7,Evening,29,Male,Knife,86,1
Chennai,47,102038,7.4,10,Morning,25,Female,Knife,89,1
Delhi,2,172062,3.97,5,Evening,48,Female,None,78,0
Delhi,29,29515,3.35,9,Afternoon,24,Female,Knife,25,0
Bhopal,13,171063,2.74,7,Evening,33,Male,Gun,94,1
Bangalore,4,148706,3.78,7,Morning,28,Female,Rod,45,0
Lucknow,42,170449,7.5,3,Morning,32,Female,Gun,7,0
Chennai,45,43001,11.5,1,Night,38,Male,Gun,5,0
Kolkata,10,11391,5.01,5,Afternoon,40,Female,Gun,25,0
Delhi,31,119388,16.21,8,Evening,69,Male,None,79,1
Bangalore,41,52215,14.93,5,Afternoon,31,Female,Knife,84,1
Mumbai,8,89720,10.33,10,Afternoon,39,Female,Gun,25,0
Jaipur,3,37114,13.59,3,Evening,46,Female,Gun,79,1
Bhopal,48,152954,7.86,9,Morning,26,Male,Knife,53,0
Lucknow,46,123142,2.59,2,Afternoon,38,Female,None,69,0
Hyderabad,9,158345,16.47,3,Night,56,Male,Gun,45,1
Bhopal,30,116206,4.04,4,Afternoon,54,Male,Knife,71,1
Mumbai,11,55647,17.17,10,Morning,37,Female,Knife,46,1
Jaipur,35,52679,11.15,1,Night,48,Female,Rod,73,1
Mumbai,37,10427,6.89,11,Night,56,Male,Gun,61,1
Chennai,42,139669,9.93,4,Night,57,Female,Gun,47,1
Delhi,13,76267,10.03,4,Night,63,Female,Rod,16,0
Lucknow,36,10799,2.37,9,Evening,68,Female,Knife,82,0
Patna,13,65659,7.69,8,Evening,33,Female,Knife,68,1
Delhi,12,17025,13.84,2,Evening,29,Male,Gun,55,1
Patna,37,24481,10.16,7,Night,43,Female,Gun,77,1
Jaipur,10,35411,5.91,6,Morning,26,Male,Rod,64,0
Bangalore,9,115928,7.36,7,Afternoon,39,Male,Gun,75,1
Hyderabad,7,133014,15.81,11,Night,51,Male,Gun,84,1
Kolkata,2,156033,10.41,4,Morning,34,Male,None,32,0
Delhi,23,162839,10.45,5,Afternoon,28,Male,Rod,75,1
Lucknow,39,61690,17.38,6,Night,48,Male,Knife,18,0
Mumbai,40,62870,7.13,9,Afternoon,68,Male,Gun,36,0
Lucknow,39,177207,9.67,2,Evening,34,Female,Knife,12,0
Jaipur,21,96928,14.99,11,Evening,62,Female,Gun,31,1
Patna,23,80765,14.14,9,Evening,67,Male,None,54,0
Mumbai,29,33772,6.25,10,Morning,47,Female,Rod,63,0
Kolkata,14,140417,4.42,1,Evening,30,Female,Rod,61,0
Kolkata,26,28799,13.21,4,Morning,26,Female,Knife,7,0
Delhi,5,122051,6.12,5,Evening,38,Female,None,31,0
Jaipur,31,139941,16.76,9,Evening,20,Male,Knife,38,1
Bangalore,25,33555,4.07,6,Evening,37,Female,None,30,0
Jaipur,31,102152,7.09,4,Morning,57,Male,Gun,44,0
Patna,20,137219,2.88,2,Afternoon,33,Female,Gun,90,1
Lucknow,44,160405,13.25,5,Morning,22,Female,None,36,0
Kolkata,17,145333,16.26,8,Night,48,Male,Gun,45,1
Lucknow,45,129833,12.17,8,Night,18,Male,Rod,6,0
Lucknow,2,79002,17.0,6,Morning,43,Male,None,76,1
Lucknow,25,56553,4.06,11,Morning,16,Female,None,11,0
Kolkata,13,13088,3.4,1,Afternoon,64,Female,Knife,23,0
Bhopal,39,55783,15.41,8,Morning,62,Female,None,37,0
Chennai,28,11115,15.69,4,Evening,52,Male,Knife,6,0
Patna,42,82908,15.3,2,Afternoon,37,Male,None,71,1
Bhopal,6,79109,14.78,1,Morning,63,Male,Rod,82,1
Patna,3,12978,7.8,7,Morning,59,Male,Rod,19,0
Mumbai,35,118943,5.48,2,Night,34,Male,Rod,25,0
Jaipur,18,19422,16.86,4,Afternoon,29,Female,Knife,82,1
Jaipur,11,184698,6.91,4,Night,18,Male,Knife,63,1
Hyderabad,20,99233,8.37,10,Morning,34,Male,Gun,86,1
Jaipur,5,66174,13.19,1,Afternoon,48,Female,Knife,43,1
Kolkata,19,47743,6.69,2,Evening,36,Male,Knife,24,0
Bangalore,22,198271,15.11,1,Morning,16,Male,Rod,5,0
Delhi,19,140288,3.12,6,Morning,41,Male,None,77,0
Hyderabad,47,139000,14.66,3,Night,25,Male,Knife,13,0
Delhi,16,132778,11.63,1,Evening,50,Female,Gun,55,1
Patna,24,39430,11.17,8,Morning,28,Male,None,42,0
Delhi,41,38834,9.33,4,Night,21,Female,Knife,19,0
Delhi,4,34435,6.43,10,Night,58,Male,None,88,1
Hyderabad,15,97212,9.43,7,Morning,21,Female,None,45,0
Mumbai,25,65797,9.2,10,Afternoon,50,Female,None,51,0
Lucknow,44,184626,11.34,2,Morning,31,Male,None,30,0
Jaipur,35,64555,6.51,6,Evening,56,Female,None,58,0
Jaipur,14,95350,3.24,6,Morning,23,Female,Knife,74,0
Kolkata,49,24716,4.32,7,Afternoon,18,Female,None,43,0
Hyderabad,19,70261,13.19,1,Night,20,Male,None,21,0
Kolkata,38,168600,2.36,1,Evening,36,Female,Gun,74,1
Bangalore,36,11995,15.7,2,Evening,46,Female,Gun,13,1
Bangalore,7,32414,13.11,11,Evening,29,Female,None,50,0
Kolkata,30,154916,14.29,2,Evening,52,Male,Knife,10,0
Hyderabad,19,177731,15.38,5,Afternoon,34,Male,Gun,72,1
Kolkata,49,25522,3.96,1,Afternoon,52,Female,Gun,20,0
Jaipur,25,139632,15.16,11,Afternoon,68,Female,None,91,1
Bhopal,16,84034,10.07,2,Afternoon,35,Male,Knife,91,1
Chennai,47,52322,16.17,6,Night,67,Female,Rod,33,0
Delhi,40,77638,16.19,3,Morning,17,Male,Knife,45,1
Chennai,8,111334,2.39,4,Afternoon,22,Female,Gun,72,1
Hyderabad,18,149596,8.13,1,Morning,48,Female,Gun,66,1
Chennai,28,40846,10.42,5,Evening,68,Male,Gun,44,1
Bangalore,16,83643,12.85,4,Night,65,Male,Gun,66,1
Patna,19,124930,6.58,8,Night,57,Female,Gun,28,0
Delhi,42,188775,6.03,3,Morning,21,Male,None,10,0
Lucknow,17,34399,8.1,10,Morning,22,Female,None,44,0
Hyderabad,45,133182,10.02,1,Morning,59,Female,None,74,1
Delhi,13,58591,17.22,10,Night,33,Male,Gun,62,1
Chennai,7,161786,14.19,5,Afternoon,58,Female,None,18,0
Bangalore,27,45877,8.87,1,Night,69,Female,Gun,82,1
Mumbai,10,94106,2.87,11,Afternoon,44,Male,Knife,49,0
Bhopal,34,88018,4.7,5,Evening,34,Female,Rod,10,0
Lucknow,36,109854,9.29,9,Afternoon,40,Female,Knife,27,0
Bhopal,25,174486,15.02,5,Morning,19,Female,Rod,66,1
Delhi,6,130832,8.09,2,Afternoon,66,Female,None,88,1
Bangalore,24,96576,10.62,2,Afternoon,28,Male,Rod,21,0
Bangalore,18,186540,16.27,10,Night,47,Female,Knife,88,1
Chennai,23,102508,16.62,9,Morning,42,Female,Knife,74,1
Jaipur,6,56835,5.45,5,Evening,66,Female,Rod,32,0
Chennai,29,52464,2.7,11,Afternoon,49,Female,Knife,17,0
Jaipur,25,122454,6.89,8,Evening,43,Male,None,33,0
Jaipur,17,163995,13.13,10,Morning,24,Male,Knife,49,0
Lucknow,46,126062,17.22,4,Afternoon,23,Male,Rod,24,0
Chennai,24,77445,3.23,2,Night,36,Female,None,62,0
Mumbai,11,120454,2.46,4,Evening,61,Female,Rod,85,1
Kolkata,26,131906,16.15,11,Night,45,Male,Gun,58,1
Kolkata,34,108384,13.97,4,Evening,44,Male,Gun,68,1
Chennai,28,187218,17.88,11,Morning,24,Female,None,56,0
Chennai,3,70032,8.35,9,Afternoon,28,Male,None,47,0
Bhopal,11,123521,8.66,10,Evening,33,Female,Knife,91,1
Lucknow,38,126378,4.76,11,Night,53,Female,Rod,22,0
Chennai,14,27140,3.85,6,Evening,37,Female,Gun,88,1
Bhopal,26,12670,11.26,10,Evening,46,Female,Knife,58,1
Jaipur,48,46519,7.83,6,Evening,50,Female,Gun,64,1
Bangalore,21,54512,3.29,5,Evening,57,Female,Knife,75,1
Bangalore,39,198883,16.19,6,Evening,57,Female,Knife,5,0
Jaipur,30,113565,5.17,1,Evening,25,Female,Gun,41,1
Hyderabad,8,155763,13.98,5,Night,24,Male,Knife,53,1
Bhopal,20,115156,6.52,6,Evening,46,Male,Gun,39,0
Bhopal,48,175334,15.01,8,Evening,59,Male,None,71,1
Jaipur,32,195964,3.89,4,Evening,55,Male,Rod,39,0
Mumbai,22,35595,14.1,5,Afternoon,39,Female,Knife,13,0
Patna,7,198279,3.57,4,Morning,56,Male,Gun,41,0
Delhi,9,174512,9.15,7,Morning,64,Male,Gun,64,1
Jaipur,45,18630,13.74,10,Morning,23,Female,Rod,60,0
Chennai,1,172322,4.77,6,Night,65,Male,Rod,93,1
Chennai,29,117461,6.57,4,Night,35,Male,Rod,16,0
Lucknow,8,84191,15.84,6,Night,32,Male,Knife,75,1
Jaipur,4,110591,16.16,4,Evening,43,Male,Gun,75,1
Lucknow,35,73753,2.72,8,Morning,21,Female,Knife,8,0
Jaipur,3,70520,4.69,11,Evening,57,Male,Knife,65,0
Bhopal,45,14008,3.88,3,Afternoon,48,Male,None,49,0
Delhi,40,185536,4.88,8,Morning,43,Male,Rod,54,0
Bhopal,7,117408,17.52,2,Afternoon,68,Male,None,54,1
Patna,27,10496,10.83,6,Afternoon,16,Female,None,78,1
Bangalore,1,109767,9.49,8,Evening,56,Female,Knife,52,0
Kolkata,27,33212,17.75,1,Morning,67,Male,Knife,27,1
Jaipur,16,30637,10.91,6,Afternoon,50,Female,Gun,94,1
Patna,38,55227,12.58,9,Morning,39,Female,None,91,1
Bangalore,7,129753,7.32,10,Afternoon,21,Female,Rod,12,0
Hyderabad,44,130118,8.11,10,Afternoon,22,Female,None,87,1
Delhi,23,19884,11.51,2,Evening,24,Male,Gun,33,1
Lucknow,41,126481,3.12,11,Morning,52,Female,None,47,0
Lucknow,11,78259,6.09,1,Evening,31,Male,None,57,0
Bhopal,42,59810,5.15,2,Evening,49,Male,None,10,0
Chennai,33,139926,2.25,5,Evening,50,Male,Gun,28,0
Bangalore,36,14761,10.59,6,Evening,50,Male,None,78,1
Hyderabad,37,26375,10.98,1,Evening,35,Male,Knife,18,0
Patna,41,166290,8.14,7,Afternoon,38,Male,None,56,0
Delhi,17,171637,6.3,11,Morning,57,Male,Knife,74,0
Bangalore,35,112654,12.43,4,Morning,69,Male,None,8,0
Hyderabad,48,42975,4.15,9,Evening,50,Male,Knife,62,0
Kolkata,5,168145,10.3,6,Morning,62,Male,None,83,1
Jaipur,48,142955,14.29,9,Afternoon,61,Female,Rod,41,0
Lucknow,32,190701,4.63,1,Evening,38,Female,Knife,52,0
Patna,3,84489,14.05,4,Night,19,Female,Rod,43,1
Lucknow,47,18381,14.17,2,Night,25,Male,Knife,70,1
Patna,35,164310,2.96,6,Afternoon,58,Male,None,17,0
Bhopal,14,154867,2.3,4,Afternoon,26,Male,Gun,70,1
Chennai,48,72999,17.58,9,Night,55,Male,None,64,1
Patna,31,59907,5.09,3,Evening,24,Male,Gun,45,1
Lucknow,31,150710,15.15,1,Afternoon,55,Female,Rod,36,1
Bhopal,17,80467,10.99,11,Night,27,Female,Gun,56,1
Patna,24,52623,6.23,11,Evening,32,Male,Gun,9,0
Kolkata,23,179564,4.08,1,Afternoon,47,Male,Gun,71,1
Chennai,18,167483,9.95,9,Morning,38,Female,Gun,70,1
Patna,14,120724,8.52,9,Morning,30,Female,Rod,82,1
Bhopal,15,161606,13.18,5,Morning,66,Female,Gun,56,1
Bangalore,15,170253,16.47,2,Evening,43,Male,None,53,1
Mumbai,6,113069,14.88,9,Afternoon,67,Male,Knife,33,0
Hyderabad,27,29996,6.39,8,Night,53,Male,Knife,42,0
Mumbai,15,115682,16.06,11,Afternoon,20,Male,None,74,1
Mumbai,36,93609,15.33,10,Morning,55,Female,Rod,12,0
Delhi,8,170477,16.87,10,Morning,33,Female,None,63,1
Kolkata,15,111490,9.34,6,Evening,68,Male,None,59,0
Bangalore,3,81325,14.3,7,Night,36,Female,Gun,6,0
Jaipur,47,38930,11.47,6,Evening,30,Male,Gun,30,1
Patna,13,124426,6.97,5,Night,18,Female,Rod,67,1
Hyderabad,41,27529,17.91,4,Afternoon,61,Male,Rod,21,0
Chennai,34,63546,2.61,7,Evening,41,Female,Knife,63,0
Bangalore,24,17942,4.6,4,Evening,30,Female,Rod,92,1
Lucknow,40,17548,16.28,10,Evening,60,Female,None,20,0
Jaipur,32,125248,2.97,10,Morning,68,Male,Knife,62,0
Delhi,32,159368,16.19,10,Morning,35,Female,Knife,68,1
Delhi,30,192088,13.44,9,Night,36,Male,Gun,54,1
Bangalore,49,107780,2.59,5,Afternoon,41,Male,Gun,89,1
Bhopal,13,10296,8.87,8,Evening,56,Female,Knife,30,0
Mumbai,1,77945,14.07,6,Morning,38,Male,Gun,21,0
Lucknow,34,69980,11.33,4,Evening,64,Male,Gun,50,1
Delhi,15,66782,16.97,3,Night,66,Male,Gun,72,1
Hyderabad,44,175301,15.88,11,Night,40,Male,Knife,54,1
Delhi,14,106382,7.32,6,Afternoon,19,Female,Knife,47,0
Chennai,29,63444,3.35,1,Night,67,Male,Knife,52,0
Patna,34,45036,17.11,2,Evening,25,Female,None,72,1
Delhi,18,49322,10.28,7,Afternoon,37,Male,Knife,23,0
Chennai,7,168239,3.19,4,Afternoon,18,Male,Gun,29,0
Bangalore,29,61667,15.07,5,Morning,34,Male,Knife,76,1
Bangalore,31,104527,15.9,11,Evening,46,Male,None,22,0
Jaipur,25,93337,12.23,10,Night,24,Male,Gun,55,1
Delhi,38,61468,9.16,1,Morning,44,Male,Rod,22,0
Hyderabad,14,82894,12.59,2,Evening,52,Male,Knife,62,1
Delhi,8,194156,13.31,4,Evening,61,Male,Knife,68,1
Hyderabad,27,73138,16.29,8,Afternoon,22,Male,Rod,75,1
Kolkata,2,32588,17.29,10,Afternoon,68,Female,Gun,61,1
Jaipur,17,72901,10.23,4,Evening,53,Female,Knife,21,0
Kolkata,37,158743,14.78,3,Morning,39,Male,None,63,1
Delhi,14,93038,17.43,3,Afternoon,23,Male,Gun,71,1
Jaipur,25,172717,4.42,5,Afternoon,49,Male,Knife,90,1
Kolkata,30,148709,2.29,3,Evening,41,Female,Gun,19,0
Mumbai,29,141732,15.9,8,Evening,43,Female,Knife,30,0
Delhi,20,117211,5.12,5,Afternoon,43,Female,Rod,52,0
Kolkata,21,16922,2.68,7,Morning,61,Male,Knife,18,0
Mumbai,22,103697,4.56,11,Afternoon,69,Male,Gun,85,1
Mumbai,35,185793,8.15,8,Evening,22,Female,Knife,13,0
Bangalore,37,198328,5.51,5,Afternoon,18,Male,Knife,11,0
Delhi,16,127217,6.88,8,Evening,67,Male,Gun,59,1
Mumbai,49,79506,17.6,3,Afternoon,37,Female,Knife,16,0
Bangalore,43,134338,13.27,7,Evening,53,Male,Knife,21,0
Kolkata,17,37843,13.4,8,Evening,68,Female,Gun,77,1
Chennai,16,150118,3.51,7,Morning,61,Female,Rod,12,0
Delhi,2,113064,13.71,2,Evening,59,Male,None,46,1
Jaipur,4,136417,13.83,8,Afternoon,33,Female,None,80,1
Hyderabad,21,126585,12.56,6,Evening,27,Male,None,41,0
Hyderabad,39,40346,5.65,10,Night,46,Female,None,24,0
Kolkata,34,133152,8.77,3,Afternoon,54,Male,None,5,0
Bhopal,30,121769,15.54,4,Morning,20,Male,None,13,0
Bhopal,6,112391,12.72,7,Afternoon,59,Male,Gun,28,0
Kolkata,17,194598,13.72,3,Morning,56,Male,Gun,38,1
Mumbai,39,83143,11.4,1,Night,44,Female,Gun,40,1
Delhi,25,46787,9.19,6,Morning,58,Female,Knife,8,0
Hyderabad,5,43583,14.14,3,Evening,51,Male,Rod,33,0
Hyderabad,5,153635,3.09,11,Night,29,Male,Rod,91,0
Mumbai,20,187132,12.77,10,Night,59,Male,None,20,0
Hyderabad,16,131943,17.96,6,Morning,33,Female,None,12,0
Jaipur,41,174762,14.48,10,Afternoon,22,Female,Gun,43,1
Delhi,37,121233,6.65,3,Morning,38,Male,Rod,62,0
Patna,40,24925,6.45,6,Morning,48,Female,Knife,16,0
Hyderabad,9,93184,12.68,11,Night,60,Male,Knife,48,0
Kolkata,5,161180,16.33,4,Evening,31,Female,Gun,8,1
Jaipur,42,86515,11.25,4,Afternoon,52,Male,None,29,0
Hyderabad,2,146427,10.44,10,Morning,66,Male,Rod,74,0
Jaipur,9,56069,4.57,10,Evening,40,Male,Knife,71,0
Bangalore,43,110854,13.45,11,Evening,24,Female,None,43,0
Patna,36,64471,13.24,2,Afternoon,43,Male,Rod,28,0
Lucknow,22,42705,17.47,4,Evening,24,Female,Knife,89,1
Kolkata,22,184981,6.8,11,Morning,27,Female,None,10,0
Kolkata,22,138501,14.1,4,Night,33,Male,Knife,76,1
Delhi,34,126361,8.95,11,Evening,42,Male,None,37,0
Jaipur,29,194811,10.94,7,Night,41,Male,None,52,0
Mumbai,38,97273,15.06,5,Afternoon,41,Female,None,71,1
Kolkata,46,33241,5.55,8,Afternoon,25,Female,Rod,6,0
Jaipur,33,168486,7.49,7,Evening,32,Female,Gun,42,0
Jaipur,18,60818,14.37,10,Night,66,Female,None,44,0
Chennai,7,161967,11.13,9,Morning,47,Female,None,60,0
Chennai,1,102307,3.48,8,Night,39,Female,Knife,92,1
Lucknow,33,196396,8.88,9,Evening,58,Female,Knife,25,0
Bangalore,1,76920,11.39,1,Night,63,Male,Rod,86,1
Lucknow,24,194627,16.55,10,Night,23,Male,Gun,39,1
Hyderabad,4,128642,5.02,3,Afternoon,45,Male,Knife,79,1
Mumbai,4,75453,14.9,5,Evening,41,Female,Rod,79,1
Hyderabad,18,32689,4.09,9,Night,39,Male,Rod,71,0
Bhopal,27,149324,5.88,8,Evening,42,Female,Rod,64,0
Hyderabad,43,40844,5.89,10,Morning,30,Female,None,27,0
Delhi,32,105687,16.04,7,Evening,43,Female,Gun,69,1
Hyderabad,33,33365,5.18,2,Morning,26,Female,Gun,67,1
Lucknow,28,147098,14.59,11,Evening,54,Male,Gun,27,0
Kolkata,42,108303,9.39,6,Evening,17,Female,None,90,1
Kolkata,41,38523,17.99,4,Night,66,Male,None,46,1
Chennai,36,151554,15.43,5,Night,24,Female,Knife,68,1
Mumbai,6,122105,13.84,5,Morning,65,Male,Knife,70,1
Mumbai,16,58888,15.93,4,Morning,60,Female,Knife,85,1
Delhi,34,123884,12.14,4,Afternoon,38,Female,Rod,45,0
Lucknow,23,116968,15.5,4,Night,48,Male,Gun,24,1
Chennai,42,60110,6.18,11,Morning,34,Male,None,13,0
Bhopal,24,141565,3.56,2,Night,28,Male,Knife,61,1
Mumbai,49,197266,11.85,1,Evening,29,Female,Rod,79,1
Kolkata,13,92001,8.96,2,Afternoon,47,Female,None,21,0
Hyderabad,18,49767,8.82,7,Night,64,Female,Rod,82,1
Hyderabad,13,39550,10.43,1,Night,37,Male,Rod,86,1
Chennai,49,154905,7.78,6,Night,35,Male,Rod,22,0
Lucknow,37,144042,12.02,4,Night,48,Male,Gun,67,1
Lucknow,43,108315,2.49,2,Morning,20,Female,None,76,0
Bangalore,39,105494,17.52,3,Morning,35,Female,None,76,1
Patna,42,137424,16.8,7,Afternoon,29,Male,Rod,30,0
Mumbai,17,123855,16.96,6,Evening,42,Female,Gun,76,1
Lucknow,15,92681,7.84,6,Evening,41,Female,Rod,88,1
Kolkata,18,111489,10.51,8,Afternoon,47,Female,Knife,76,1
Chennai,23,190249,17.27,8,Evening,45,Male,None,82,1
Bhopal,30,140546,16.44,6,Morning,42,Male,None,17,0
Bangalore,34,38900,14.64,1,Night,41,Male,Gun,21,1
Jaipur,4,24126,8.52,10,Evening,33,Female,None,30,0
Delhi,3,121198,11.03,7,Night,60,Male,None,10,0
Bhopal,7,89303,14.69,8,Night,38,Male,None,85,1
Jaipur,18,189066,6.37,5,Morning,59,Female,Gun,8,0
Hyderabad,42,77061,12.02,11,Night,62,Female,Rod,93,1
Delhi,7,26978,15.25,4,Evening,39,Female,None,11,0
Mumbai,40,66344,13.32,7,Morning,19,Female,Rod,21,0
Kolkata,6,56648,9.67,11,Afternoon,56,Male,Gun,90,1
Delhi,22,11055,11.35,6,Morning,18,Female,Rod,54,0
Patna,1,85582,17.82,6,Evening,69,Female,Knife,10,0
Jaipur,4,91214,11.63,3,Morning,58,Female,None,34,0
Mumbai,46,185948,14.57,11,Evening,45,Female,Gun,78,1
Patna,49,117954,13.63,10,Evening,62,Female,Gun,60,1
Hyderabad,43,48725,13.22,4,Morning,31,Female,Rod,43,0
Patna,29,146327,13.46,5,Evening,22,Male,None,18,0
Bangalore,21,63380,9.27,9,Afternoon,54,Male,Gun,58,1
Bangalore,26,63333,9.59,8,Evening,37,Male,Knife,26,0
Chennai,14,52459,9.49,3,Afternoon,56,Male,Rod,61,1
Bhopal,9,126518,2.53,6,Afternoon,46,Female,Knife,45,0
Bhopal,47,46163,5.86,10,Evening,64,Female,Knife,94,1
Mumbai,12,175043,4.47,1,Night,28,Female,Rod,14,0
Hyderabad,42,94730,16.18,3,Afternoon,56,Male,Knife,6,0
Lucknow,6,29476,6.4,10,Afternoon,56,Female,Rod,71,0
Bangalore,20,78580,4.22,7,Morning,67,Female,Rod,52,0
Mumbai,24,115576,3.92,7,Afternoon,44,Female,Gun,46,0
Lucknow,27,96593,13.2,2,Afternoon,43,Female,Gun,15,0
Bhopal,38,119071,2.1,3,Afternoon,59,Male,Knife,78,1
Chennai,8,124832,9.54,7,Afternoon,68,Female,Knife,16,0
Patna,1,148579,3.9,6,Night,34,Female,Knife,18,0
Bangalore,49,153190,15.59,7,Afternoon,38,Female,Knife,34,0
Mumbai,49,191601,17.34,10,Evening,62,Male,Knife,64,1
Delhi,24,78682,17.34,9,Night,65,Female,Gun,81,1
Lucknow,47,195248,9.07,8,Afternoon,23,Female,Knife,34,0
Patna,7,101713,12.31,6,Evening,40,Female,Knife,42,0
Bangalore,19,114060,11.6,4,Evening,53,Female,None,79,1
Bhopal,22,145486,7.6,10,Night,53,Female,Rod,69,0
Hyderabad,35,93030,9.11,9,Night,50,Female,Rod,51,0
Lucknow,30,130360,3.03,7,Evening,41,Female,Gun,43,0
Bhopal,29,95973,14.73,5,Night,18,Male,Rod,53,1
Bangalore,22,145009,5.85,2,Night,17,Male,Knife,77,1
Lucknow,11,46731,9.37,9,Morning,20,Female,Rod,62,0
Patna,20,179737,9.69,7,Night,35,Female,Gun,94,1
Bangalore,29,158572,10.97,9,Morning,27,Male,Rod,93,1
Jaipur,41,124360,15.09,11,Night,53,Male,Rod,21,0
Mumbai,42,11750,13.07,9,Night,31,Male,None,10,0
Patna,34,75018,12.61,10,Evening,52,Male,None,19,0
Lucknow,1,145099,10.43,5,Morning,53,Female,Knife,71,1
Hyderabad,31,146817,3.54,7,Night,51,Female,Rod,32,0
Bhopal,30,96984,8.43,5,Afternoon,61,Female,Knife,77,1
Delhi,48,117983,17.32,3,Night,44,Female,Rod,48,1
Bhopal,18,38451,17.93,10,Evening,50,Female,Knife,22,0
Lucknow,17,103743,13.69,8,Evening,64,Male,Knife,36,0
Bhopal,38,81474,5.64,8,Evening,52,Male,Rod,87,1
Mumbai,14,22150,3.63,9,Morning,69,Male,None,73,0
Bangalore,23,23406,8.64,11,Morning,36,Male,Gun,48,0
Delhi,25,160853,15.71,6,Morning,36,Male,Knife,74,1
Kolkata,15,198489,13.55,2,Afternoon,43,Female,Gun,67,1
Lucknow,46,126047,16.14,3,Morning,21,Male,Rod,80,1
Chennai,22,133971,11.85,11,Evening,35,Male,Knife,62,1
Kolkata,3,113157,4.09,10,Morning,51,Female,Rod,51,0
Bhopal,19,28325,3.84,11,Morning,28,Female,Knife,21,0
Lucknow,44,104415,2.77,6,Night,55,Female,None,43,0
Jaipur,34,150508,11.07,1,Morning,26,Female,Knife,63,1
Chennai,35,27669,5.89,2,Night,39,Female,Knife,11,0
Delhi,1,137385,13.75,8,Morning,34,Male,Knife,67,1
Hyderabad,21,82010,12.98,11,Night,38,Female,Rod,61,1
Jaipur,29,142915,7.09,8,Evening,46,Female,None,79,0
Kolkata,6,60812,4.83,6,Morning,52,Male,Rod,38,0
Bangalore,37,26059,3.64,3,Evening,52,Male,Gun,57,1
Mumbai,1,96269,13.8,2,Morning,18,Female,None,70,1
Hyderabad,1,181840,9.21,6,Afternoon,49,Female,Knife,82,1
Jaipur,27,35395,7.18,1,Afternoon,44,Male,Knife,86,1
Bangalore,21,30202,15.71,10,Evening,18,Female,Knife,52,1
Bangalore,16,154345,11.5,6,Evening,30,Female,Gun,64,1
Lucknow,44,189961,10.29,9,Afternoon,22,Female,Gun,47,1
Jaipur,40,113235,13.89,7,Afternoon,18,Female,Knife,77,1
Delhi,26,55510,15.05,9,Night,62,Female,Knife,8,0
Bhopal,16,97945,12.98,2,Morning,58,Male,Gun,82,1
Chennai,28,80649,9.04,11,Afternoon,31,Male,Rod,79,1
Chennai,1,116723,8.07,5,Evening,60,Female,None,56,0
Kolkata,36,12881,14.35,9,Evening,49,Female,None,36,0
Kolkata,10,55913,10.29,7,Afternoon,35,Male,Gun,94,1
Chennai,43,121860,13.27,9,Evening,59,Male,Gun,55,1
Delhi,17,94785,16.25,11,Morning,68,Male,Rod,14,0
Mumbai,23,72457,16.65,6,Night,54,Female,Knife,16,0
Patna,7,176415,6.44,7,Morning,48,Male,Gun,86,1
Bhopal,44,149728,5.01,10,Night,29,Female,Rod,43,0
Mumbai,7,15741,6.18,5,Night,57,Female,Gun,84,1
Lucknow,44,157733,14.02,6,Afternoon,50,Female,Knife,72,1
Patna,15,107091,7.92,1,Evening,26,Female,Gun,14,0
Patna,34,38690,4.77,1,Night,69,Female,Knife,86,1
Jaipur,46,42833,3.57,2,Afternoon,35,Male,Rod,77,1
Delhi,45,112566,7.24,11,Evening,45,Male,None,90,1
Delhi,4,81240,4.18,4,Evening,68,Male,Rod,14,0
Patna,14,116898,4.5,11,Night,43,Male,None,27,0
Jaipur,14,87711,12.94,9,Evening,30,Female,Rod,81,1
Bhopal,16,198213,2.32,7,Morning,53,Male,None,92,0
Patna,7,49023,3.88,6,Evening,65,Male,Rod,17,0
Hyderabad,32,50209,15.51,1,Morning,28,Male,Knife,52,1
Kolkata,19,103590,15.52,5,Evening,62,Male,None,93,1
Kolkata,2,96612,7.27,11,Night,50,Male,None,48,0
Mumbai,10,90522,3.41,4,Night,62,Male,Knife,84,1
Lucknow,17,121654,13.28,5,Afternoon,39,Female,Knife,68,1
Kolkata,37,155512,7.76,11,Morning,16,Female,None,44,0
Bangalore,12,129107,2.73,9,Morning,57,Male,None,10,0
Mumbai,6,149032,4.53,3,Night,39,Female,None,76,1
Kolkata,22,32462,4.2,4,Night,42,Female,Gun,86,1
Lucknow,32,27821,11.43,8,Night,33,Female,Rod,47,0
Delhi,41,198844,16.37,3,Morning,41,Female,Knife,36,1
Delhi,20,168330,14.69,3,Afternoon,44,Female,Knife,53,1
Bhopal,1,102889,10.74,9,Morning,23,Male,Rod,78,1
Patna,47,98952,8.75,5,Night,59,Female,Knife,91,1
Hyderabad,6,163187,11.9,10,Afternoon,41,Female,Knife,23,0
Delhi,19,128066,9.1,1,Evening,20,Male,None,88,1
Jaipur,18,187505,5.94,7,Evening,48,Female,Knife,56,0
Kolkata,6,89364,12.87,7,Night,55,Female,Gun,56,1
Jaipur,45,80077,15.97,6,Afternoon,20,Male,Gun,38,1
Lucknow,33,50644,7.97,6,Night,64,Female,None,63,0
Delhi,23,72643,15.46,3,Morning,62,Male,None,85,1
Hyderabad,23,23311,8.9,3,Morning,51,Female,Knife,9,0
Lucknow,26,139466,8.42,10,Afternoon,28,Female,None,70,0
Bangalore,13,40531,2.45,11,Night,32,Male,None,45,0
Bangalore,7,24588,13.12,9,Night,28,Female,Rod,38,0
Jaipur,15,59416,14.92,1,Evening,40,Male,None,58,1
Patna,44,153452,12.62,7,Afternoon,17,Female,Gun,24,0
Mumbai,27,183717,4.42,11,Night,39,Female,Knife,58,0
Patna,26,158890,3.65,10,Morning,51,Female,None,70,0
Bhopal,33,171929,11.17,7,Night,40,Female,Rod,22,0
Patna,15,31711,8.42,8,Night,49,Male,Knife,48,0
Bhopal,36,146169,8.87,6,Morning,27,Female,Knife,52,0
Bhopal,45,126348,17.48,8,Morning,34,Female,Knife,39,1
Hyderabad,27,169465,13.58,1,Night,65,Male,Rod,83,1
Delhi,5,32076,8.59,1,Morning,57,Male,Gun,43,1
Hyderabad,2,94274,2.31,9,Evening,45,Male,Rod,7,0
Bhopal,33,67609,2.55,4,Evening,52,Female,Rod,23,0
Lucknow,16,170389,12.96,3,Evening,58,Male,Knife,91,1
Bangalore,23,68480,15.4,6,Morning,16,Male,Rod,87,1
Bhopal,38,17044,13.32,10,Morning,18,Male,Knife,22,0
Hyderabad,16,65486,8.49,9,Morning,64,Male,None,87,1
Lucknow,14,65162,2.5,10,Afternoon,41,Female,None,9,0
Hyderabad,29,39882,17.48,11,Morning,30,Female,Rod,59,1
Patna,26,64078,17.78,4,Evening,61,Female,Gun,17,1
Kolkata,35,68734,10.79,9,Evening,62,Male,Knife,38,0
Jaipur,15,118730,3.13,5,Evening,63,Male,Rod,92,1
Mumbai,3,184898,10.66,7,Afternoon,43,Male,Rod,22,0
Hyderabad,23,97985,16.28,3,Night,19,Female,Gun,72,1
Mumbai,29,54028,12.88,3,Evening,34,Male,Knife,76,1
Chennai,34,192403,13.52,3,Afternoon,39,Male,Rod,47,1
Hyderabad,33,108938,3.36,8,Night,55,Female,Gun,69,1
Kolkata,41,128319,3.7,6,Afternoon,21,Female,Knife,45,0
Mumbai,41,42543,4.04,9,Afternoon,31,Female,None,42,0
Bhopal,23,134279,16.47,9,Night,47,Female,Gun,42,1
Hyderabad,7,39362,10.41,8,Morning,45,Female,Rod,17,0
Delhi,3,168387,14.67,1,Morning,50,Male,None,26,0
Jaipur,32,168818,3.84,6,Evening,23,Male,Knife,33,0
Kolkata,31,151129,16.84,4,Night,20,Male,Gun,13,1
Mumbai,18,52915,15.14,4,Evening,52,Female,None,72,1
Kolkata,43,162133,5.6,3,Afternoon,27,Female,None,21,0
Lucknow,7,61370,15.99,9,Morning,40,Female,Rod,41,0
Jaipur,41,175229,6.22,2,Evening,48,Female,None,68,0
Bhopal,1,121375,5.29,1,Evening,54,Male,Rod,71,1
Hyderabad,14,152394,6.23,10,Morning,39,Male,Knife,8,0
Hyderabad,32,79812,16.56,3,Afternoon,26,Male,Rod,44,1
Hyderabad,6,44017,16.65,4,Evening,57,Male,Gun,20,1
Jaipur,39,66792,7.26,4,Evening,50,Male,None,15,0
Delhi,10,168814,13.29,6,Night,55,Male,Knife,30,0
Chennai,7,139198,12.81,1,Night,16,Male,Rod,76,1
Bangalore,26,27629,14.91,1,Morning,23,Male,Rod,69,1
Patna,34,138614,6.74,2,Morning,38,Female,Rod,6,0
Mumbai,30,149317,10.16,4,Afternoon,35,Male,Knife,49,1
Delhi,36,106950,12.68,7,Afternoon,47,Male,Knife,47,0
Bhopal,21,184942,2.42,6,Evening,26,Female,Gun,7,0
Mumbai,17,74829,8.03,11,Night,22,Female,Knife,38,0
Hyderabad,33,20588,13.13,9,Afternoon,45,Male,Rod,84,1
Kolkata,10,141514,6.04,7,Evening,63,Male,Knife,69,1
Bhopal,47,115280,17.32,5,Evening,54,Female,Rod,68,1
Mumbai,42,50721,2.48,6,Morning,28,Female,Gun,11,0
Hyderabad,12,178217,17.33,10,Night,57,Female,Gun,39,1
Mumbai,16,20599,5.47,9,Evening,64,Male,Rod,26,0
Kolkata,41,82594,2.78,1,Morning,18,Female,Knife,52,0
Hyderabad,32,144011,6.68,11,Evening,22,Male,Knife,36,0
Chennai,15,32149,14.58,9,Night,58,Female,None,30,0
Delhi,27,137616,14.04,6,Evening,28,Male,Gun,10,0
Lucknow,28,151280,5.34,4,Evening,52,Female,Gun,50,1
Patna,17,119034,5.15,5,Afternoon,40,Male,Rod,59,0
Jaipur,46,190564,12.28,1,Afternoon,38,Female,None,79,1
Patna,2,30951,9.33,7,Morning,66,Female,Knife,59,0
Bhopal,36,189992,14.68,8,Evening,62,Male,Rod,89,1
Patna,7,56766,2.39,11,Morning,48,Male,Knife,61,0
Hyderabad,13,67014,11.77,5,Night,20,Male,Knife,90,1
Chennai,15,169423,13.69,2,Morning,47,Female,Knife,67,1
Lucknow,25,190458,17.89,8,Evening,45,Female,None,5,0
Delhi,23,97122,12.86,10,Afternoon,46,Female,Gun,25,0
Delhi,22,19308,5.71,7,Afternoon,28,Female,Gun,24,0
Kolkata,26,69252,3.73,10,Morning,57,Female,Knife,77,0
Jaipur,33,93211,12.25,9,Afternoon,20,Male,None,33,0
Mumbai,11,169136,10.37,4,Evening,38,Male,Knife,47,1
Chennai,10,194951,16.39,11,Evening,16,Female,Knife,49,1
Mumbai,25,136534,13.63,9,Night,25,Female,Rod,69,1
Lucknow,37,18720,10.16,4,Afternoon,65,Male,None,7,0
Patna,48,136204,8.46,3,Afternoon,42,Female,None,24,0
Delhi,43,184012,8.47,11,Night,69,Male,Gun,85,1
Lucknow,38,89993,5.62,3,Morning,23,Male,Gun,41,0
Patna,41,57113,2.28,10,Night,67,Male,Knife,42,0
Delhi,45,58926,11.2,2,Afternoon,18,Male,Rod,78,1
Patna,24,179275,5.4,10,Morning,34,Male,Rod,49,0
Jaipur,40,146464,5.33,3,Evening,66,Female,Rod,46,0
Chennai,46,35905,4.01,8,Evening,17,Male,Knife,50,0
Bhopal,33,60385,5.03,11,Night,64,Female,Gun,64,1
Lucknow,17,40653,2.51,8,Evening,46,Male,None,17,0
Lucknow,24,101865,12.79,2,Afternoon,63,Female,Knife,35,1
Bangalore,37,135813,8.42,11,Night,68,Male,Rod,72,0
Hyderabad,2,155871,10.98,2,Afternoon,25,Female,Rod,66,1
Jaipur,32,25052,12.19,2,Afternoon,68,Female,Knife,53,1
Jaipur,24,147116,17.56,10,Morning,31,Male,Rod,22,0
Mumbai,9,160943,3.09,7,Morning,52,Male,None,79,0
Patna,4,161306,8.69,6,Morning,35,Male,Knife,57,0
Hyderabad,17,31381,5.93,11,Evening,18,Female,None,22,0
Chennai,17,158346,9.63,1,Morning,50,Male,Gun,55,1
Chennai,48,93108,16.73,2,Afternoon,49,Male,Rod,45,1
Jaipur,30,59892,13.58,1,Night,36,Female,Rod,71,1
Chennai,40,191593,12.59,11,Night,51,Male,Gun,69,1
Bangalore,11,101501,9.06,7,Afternoon,47,Male,Gun,87,1
Lucknow,21,93391,12.74,6,Evening,69,Female,Gun,10,0
Kolkata,21,27920,2.52,2,Night,33,Male,Rod,78,1
Bhopal,18,26702,11.38,2,Afternoon,49,Female,Gun,41,1
Mumbai,29,11894,10.86,2,Afternoon,53,Male,Knife,16,0
Patna,24,40985,7.55,8,Afternoon,18,Female,Gun,85,1
Bhopal,10,169359,5.22,7,Night,68,Female,Knife,6,0
Patna,45,135702,14.92,1,Night,18,Male,Knife,57,1
Delhi,17,83527,2.86,4,Morning,42,Female,None,29,0
Bhopal,18,156511,3.11,11,Morning,17,Male,Knife,32,0
Kolkata,42,138676,9.05,4,Afternoon,18,Female,Knife,49,0
Jaipur,48,52235,6.04,7,Afternoon,32,Female,Gun,41,0
Bangalore,20,168731,13.93,2,Afternoon,61,Male,Rod,21,0
Lucknow,37,34976,12.15,4,Afternoon,54,Male,Gun,73,1
Lucknow,45,92643,14.36,1,Night,69,Male,None,60,1
Bangalore,18,117631,7.19,11,Morning,68,Female,None,62,0
Hyderabad,17,66697,13.85,11,Evening,53,Male,Rod,87,1
Delhi,9,80382,15.8,4,Afternoon,55,Female,Knife,8,0
Patna,14,26651,7.52,11,Morning,34,Female,None,59,0
Kolkata,49,190116,7.44,1,Afternoon,34,Male,Rod,53,0
Chennai,29,24633,16.4,2,Night,59,Female,Gun,42,1
Bhopal,31,89164,2.8,2,Evening,20,Male,Gun,49,1
Delhi,4,10569,7.6,10,Morning,20,Female,Gun,34,0
Bhopal,18,77509,3.9,3,Morning,29,Male,Knife,41,0
Kolkata,20,133425,2.46,8,Evening,42,Female,Knife,60,0
Mumbai,47,111126,3.81,11,Night,64,Female,Rod,31,0
Mumbai,43,137522,8.9,6,Evening,63,Male,None,36,0
Delhi,44,43038,12.99,6,Morning,51,Female,Gun,15,0
Jaipur,9,190160,6.63,9,Evening,55,Female,Knife,62,0
Kolkata,13,48138,15.59,8,Night,50,Female,Knife,81,1
Kolkata,15,169829,9.0,2,Night,36,Female,None,39,0
Bangalore,27,197223,17.49,6,Afternoon,20,Female,Gun,21,1
Jaipur,15,120740,17.27,1,Evening,39,Male,Gun,34,1
Patna,28,121174,14.37,9,Evening,54,Male,None,22,0
Patna,37,59272,16.92,4,Morning,65,Female,Rod,34,0
Chennai,19,147980,13.31,4,Night,39,Male,Rod,94,1
Lucknow,26,151916,16.33,9,Evening,55,Male,None,20,0
Mumbai,26,61455,5.78,3,Morning,58,Female,None,79,0
Patna,25,78447,7.53,5,Afternoon,61,Male,Rod,58,0
Jaipur,26,87108,14.05,1,Evening,65,Female,None,8,0
Kolkata,26,184138,8.79,6,Evening,28,Male,Gun,19,0
Patna,46,181076,15.4,3,Morning,53,Female,Rod,80,1
Kolkata,28,48333,16.04,1,Morning,60,Female,Rod,31,0
Patna,49,131219,6.8,10,Night,16,Female,Rod,8,0
Mumbai,18,93029,15.18,6,Night,58,Female,Gun,39,1
Bhopal,32,49697,4.47,10,Night,54,Male,None,89,0
Patna,3,27634,7.35,2,Evening,25,Male,Knife,67,1
Jaipur,2,135520,10.29,8,Morning,17,Female,Knife,70,1
Patna,33,34561,5.62,11,Night,31,Male,Gun,43,0
Lucknow,42,159105,11.27,2,Evening,52,Female,Gun,32,1
Mumbai,19,65063,11.26,4,Night,31,Female,None,38,0
Jaipur,17,35921,5.31,3,Afternoon,38,Male,Knife,37,0
Bangalore,44,29340,14.73,9,Evening,41,Female,Rod,54,1
Jaipur,33,72781,12.11,2,Night,31,Female,Gun,64,1
Lucknow,12,24901,7.08,3,Night,42,Male,Knife,76,1
Bhopal,49,20638,5.71,7,Afternoon,62,Female,Rod,76,0
Mumbai,3,179668,16.06,4,Afternoon,56,Female,Rod,46,1
Bangalore,43,54324,15.37,6,Night,45,Male,None,90,1
Lucknow,49,98356,5.68,3,Night,48,Male,Gun,32,0
Lucknow,26,42642,2.57,1,Morning,47,Female,Rod,79,1
Delhi,35,35378,14.87,11,Night,24,Male,Gun,31,1
Mumbai,8,60867,11.85,6,Night,26,Male,Knife,5,0
Jaipur,36,83686,3.61,4,Morning,52,Male,Knife,12,0
Kolkata,7,52875,11.4,2,Morning,21,Male,Gun,50,1
Bhopal,46,128171,9.23,7,Night,45,Male,Rod,28,0
Kolkata,46,110061,14.39,10,Morning,55,Male,Rod,44,0
Jaipur,36,74377,5.35,5,Evening,30,Female,Knife,55,0
Jaipur,16,64691,9.25,6,Afternoon,63,Female,Rod,28,0
Mumbai,24,59063,4.5,6,Evening,45,Male,Rod,26,0
Jaipur,1,101782,17.32,9,Afternoon,33,Male,Knife,78,1
Delhi,49,88343,14.46,2,Afternoon,27,Male,None,72,1
Bangalore,25,93071,13.79,6,Night,19,Female,Knife,12,0
Jaipur,10,146564,13.04,9,Afternoon,69,Female,Gun,62,1
Kolkata,16,131399,8.77,4,Evening,31,Female,None,19,0
Jaipur,16,41357,16.77,11,Night,38,Female,Gun,12,0
Delhi,8,42314,3.17,6,Morning,26,Male,None,46,0
Patna,29,189769,14.85,7,Evening,69,Male,None,43,0
Patna,39,80283,5.44,1,Night,39,Male,Knife,39,0
Lucknow,28,69567,7.18,5,Afternoon,37,Male,Knife,45,0
Bhopal,6,57006,10.31,4,Evening,54,Male,Gun,52,1
Chennai,16,151758,14.52,10,Afternoon,30,Female,Knife,82,1
Bangalore,20,178521,15.42,2,Night,64,Male,None,75,1
Hyderabad,16,71606,11.34,2,Night,30,Female,Knife,48,1
Lucknow,7,28891,8.45,2,Morning,25,Male,Gun,39,1
Bhopal,41,193187,17.14,7,Morning,43,Male,None,31,0
Patna,14,111732,5.94,11,Evening,51,Female,Gun,69,1
Kolkata,43,177795,14.85,11,Morning,69,Female,Rod,74,1
Hyderabad,26,39877,11.79,4,Afternoon,32,Male,Knife,70,1
Bhopal,26,24026,8.03,6,Afternoon,51,Female,None,75,0
Bhopal,14,30422,2.02,7,Morning,37,Female,Gun,76,1
Lucknow,7,150316,9.15,9,Morning,38,Female,Knife,67,0
Hyderabad,33,43481,6.43,11,Morning,44,Male,Knife,84,1
Mumbai,26,99180,3.67,2,Evening,37,Male,Gun,33,0
Chennai,45,119384,3.2,10,Evening,26,Male,None,35,0
Mumbai,20,68031,7.56,9,Afternoon,51,Female,Gun,68,1
Hyderabad,3,149593,11.84,11,Evening,59,Female,Knife,90,1
Mumbai,4,142818,15.4,5,Evening,44,Male,Gun,57,1
Delhi,26,93127,4.94,6,Night,57,Male,Rod,78,1
Patna,11,102254,8.79,6,Afternoon,47,Female,Knife,72,1
Delhi,2,78232,8.27,11,Afternoon,29,Male,None,29,0
Jaipur,14,153084,10.21,3,Morning,33,Male,Rod,17,0
Mumbai,44,90224,14.95,11,Night,53,Female,Gun,85,1
Jaipur,30,164529,10.86,11,Morning,52,Female,None,44,0
Kolkata,49,39960,15.55,10,Evening,49,Male,Rod,76,1
Bangalore,12,97695,10.3,7,Afternoon,60,Female,Gun,91,1
Kolkata,26,140066,11.66,7,Evening,38,Female,Rod,11,0
Hyderabad,44,148982,9.0,8,Evening,47,Male,Knife,36,0
Bhopal,33,12693,15.17,5,Night,61,Female,None,28,0
Patna,13,125313,16.78,2,Night,18,Female,Rod,5,0
Mumbai,14,156930,12.23,3,Afternoon,58,Male,Knife,51,1
Lucknow,24,38810,15.13,9,Afternoon,37,Female,Gun,55,1
Bangalore,34,30092,2.94,6,Night,38,Female,Knife,40,0
Chennai,44,189772,16.5,8,Night,19,Male,Gun,31,1
Chennai,26,68105,5.02,8,Night,28,Female,None,74,0
Chennai,21,171577,6.1,5,Night,47,Male,Knife,46,0
Mumbai,28,38555,2.85,1,Afternoon,44,Male,Knife,80,1
Chennai,48,81934,17.45,6,Afternoon,55,Female,Gun,94,1
Delhi,36,82788,15.63,7,Evening,55,Male,Rod,93,1
Bangalore,40,87257,16.61,9,Evening,60,Male,Gun,72,1
Delhi,2,27939,15.56,2,Evening,25,Female,Rod,74,1
Bhopal,42,152897,9.67,2,Afternoon,28,Male,Gun,17,0
Bangalore,9,165223,16.79,10,Morning,60,Male,None,29,0
Delhi,23,138068,17.51,1,Evening,32,Female,Rod,26,1
Bangalore,15,10036,10.04,5,Morning,53,Male,Knife,25,0
Bhopal,13,103948,4.81,2,Morning,17,Male,Rod,19,0
Jaipur,23,93707,12.54,3,Morning,32,Female,Gun,71,1
Mumbai,17,49051,17.61,2,Night,59,Female,Gun,41,1
Mumbai,48,90738,15.95,11,Afternoon,41,Male,Rod,49,0
Chennai,2,83596,15.79,4,Afternoon,53,Male,Knife,30,1
Kolkata,20,70071,16.94,11,Evening,52,Male,None,85,1
Chennai,20,140613,16.3,3,Evening,20,Female,Knife,59,1
Hyderabad,46,83601,14.42,9,Afternoon,40,Male,Rod,54,0
Delhi,3,39873,13.49,10,Night,24,Female,Gun,39,1
Bangalore,12,177720,6.24,2,Afternoon,43,Male,Knife,45,0
Kolkata,40,81468,11.94,7,Morning,37,Male,Gun,76,1
Bhopal,2,36470,10.34,11,Afternoon,44,Female,Gun,15,0
Hyderabad,36,18328,15.79,3,Night,50,Male,Knife,92,1
Bhopal,14,147405,9.87,10,Afternoon,35,Female,Rod,12,0
Mumbai,16,131173,4.04,8,Afternoon,20,Female,Knife,58,0
Mumbai,19,56638,2.08,4,Afternoon,54,Male,None,5,0
Chennai,34,21268,12.85,4,Morning,59,Male,Gun,24,0
Delhi,44,123920,10.8,9,Evening,47,Female,Gun,38,0
Kolkata,46,120379,7.3,11,Night,54,Female,Rod,61,0
Patna,6,158117,4.7,3,Morning,25,Female,Gun,17,0
Hyderabad,13,181813,9.47,7,Afternoon,55,Male,Gun,58,1
Hyderabad,36,183842,3.6,1,Afternoon,32,Male,Gun,57,1
Chennai,22,17887,7.38,7,Evening,52,Male,Knife,56,0
Mumbai,18,34918,8.07,10,Evening,30,Male,Gun,10,0
Chennai,12,45497,9.45,11,Evening,24,Female,Knife,40,0
Bangalore,30,103562,9.47,2,Morning,47,Female,Rod,29,0
Kolkata,40,21929,6.11,6,Night,38,Female,None,62,0
Delhi,7,112201,15.6,9,Evening,26,Male,Gun,59,1
Jaipur,32,126566,7.69,6,Afternoon,28,Male,None,7,0
Lucknow,48,38546,5.67,3,Night,33,Male,Knife,32,0
Lucknow,19,178410,4.81,1,Afternoon,64,Female,Rod,72,1
Chennai,6,175355,7.16,4,Afternoon,24,Female,Rod,85,1
Bangalore,20,92494,3.08,4,Night,57,Female,Knife,42,0
Kolkata,27,56566,2.53,8,Morning,20,Female,None,38,0
Patna,43,95464,11.68,10,Night,58,Male,Gun,88,1
Lucknow,37,138279,11.91,10,Evening,37,Male,Knife,17,0
Kolkata,48,91991,10.47,7,Night,47,Male,Knife,9,0
Delhi,7,102680,14.2,10,Evening,62,Female,Knife,64,1
Bhopal,5,38013,2.63,7,Evening,17,Female,Knife,92,1
Bangalore,11,62132,16.98,7,Night,36,Female,Knife,21,0
Mumbai,15,169156,3.52,2,Night,43,Female,Rod,61,0
Kolkata,3,117855,12.78,9,Evening,67,Male,Knife,35,0
Delhi,5,162215,4.13,6,Afternoon,39,Male,Rod,69,0
Patna,23,101627,16.08,2,Night,39,Female,None,70,1
Jaipur,37,132772,10.17,1,Morning,29,Male,Gun,37,1
Mumbai,9,155251,3.32,11,Evening,52,Female,Rod,8,0
Jaipur,15,199798,11.87,1,Afternoon,42,Female,Gun,86,1
Patna,3,151294,2.15,1,Night,39,Female,Gun,59,1
Delhi,29,74068,14.42,4,Night,21,Female,Gun,28,1
Lucknow,6,165021,12.41,4,Afternoon,41,Female,Rod,36,0
Jaipur,17,26116,5.4,9,Morning,69,Male,Rod,77,0
Mumbai,26,192124,8.0,1,Evening,30,Male,Rod,51,0
Chennai,21,61369,2.12,3,Night,44,Male,None,20,0
Hyderabad,8,189889,13.1,3,Morning,51,Male,Rod,25,0
Kolkata,21,113100,7.16,8,Evening,25,Male,None,71,0
Lucknow,11,39655,11.15,2,Morning,43,Male,Rod,35,0
Jaipur,38,198874,17.31,6,Evening,66,Female,Rod,18,0
Bhopal,8,57632,6.79,11,Evening,24,Female,Gun,10,0
Kolkata,42,155265,17.84,4,Morning,36,Male,Knife,73,1
Chennai,24,171848,12.12,10,Evening,25,Female,Gun,33,0
Patna,35,184297,5.87,6,Night,19,Female,Rod,59,0
Hyderabad,14,189884,8.99,5,Night,69,Female,Knife,41,0
Delhi,14,28895,13.85,9,Morning,19,Male,Knife,63,1
Chennai,10,162281,9.14,9,Morning,21,Male,None,40,0
Chennai,12,33086,3.1,1,Evening,41,Male,Knife,89,1
Patna,38,95637,4.7,3,Evening,55,Female,None,80,1
Bangalore,44,168279,14.66,1,Morning,31,Male,Gun,63,1
Patna,46,117334,12.37,6,Afternoon,23,Male,None,91,1
Bangalore,34,161969,11.12,3,Morning,43,Male,Rod,82,1
Bangalore,41,73083,4.68,1,Afternoon,31,Female,Knife,68,1
Lucknow,10,105028,15.4,6,Afternoon,53,Male,Rod,47,1
Lucknow,17,76957,17.37,5,Morning,64,Male,Knife,46,1
Mumbai,17,107551,2.65,8,Morning,16,Male,Knife,78,0
Jaipur,3,88506,3.25,2,Morning,34,Female,Gun,64,1
Jaipur,31,148355,16.16,8,Afternoon,65,Male,None,66,1
Delhi,1,104024,15.05,5,Night,32,Male,Gun,68,1
Jaipur,12,91481,11.89,8,Night,64,Female,None,62,0
Lucknow,39,10255,17.12,10,Morning,43,Male,Gun,6,0
Mumbai,4,25487,12.34,4,Morning,59,Male,Gun,82,1
Mumbai,42,29346,5.46,4,Evening,27,Male,Knife,75,1
Bangalore,13,45050,13.66,10,Evening,21,Male,Gun,85,1
Patna,34,18744,12.33,4,Evening,22,Female,Gun,88,1
Delhi,42,165828,17.77,11,Morning,23,Female,None,12,0
Bangalore,21,71596,5.42,6,Night,18,Female,Gun,60,1
Patna,22,166218,11.57,4,Night,64,Male,Knife,88,1
Jaipur,4,129640,14.48,9,Morning,36,Male,Gun,40,1
Bangalore,18,65032,7.42,9,Morning,23,Male,Rod,73,0
Kolkata,5,52687,8.07,3,Afternoon,43,Male,Rod,17,0
Jaipur,19,187175,16.21,7,Afternoon,45,Female,None,43,0
Patna,2,163048,8.47,5,Night,47,Male,None,85,1
Delhi,12,72863,12.0,9,Evening,26,Female,Rod,10,0
Patna,17,141663,16.23,2,Night,35,Male,Gun,23,1
Bangalore,10,16277,5.36,3,Afternoon,65,Male,Gun,29,0
Bangalore,34,71860,17.71,10,Night,31,Female,None,7,0
Chennai,6,143332,13.23,5,Afternoon,40,Male,Knife,57,1
Delhi,8,34741,9.94,5,Afternoon,60,Male,Gun,32,0
Bhopal,11,129720,8.89,10,Evening,24,Male,Rod,30,0
Jaipur,12,47211,17.27,7,Evening,66,Male,Knife,51,1
Mumbai,9,182614,5.29,8,Afternoon,54,Female,Knife,12,0
Delhi,2,16869,6.99,8,Morning,64,Male,Gun,61,1
Mumbai,8,97616,6.92,1,Evening,55,Female,Knife,59,1
Delhi,11,104515,6.62,1,Afternoon,55,Female,None,83,1
Delhi,36,160494,9.5,3,Morning,18,Male,Knife,5,0
Patna,10,176685,17.83,1,Morning,31,Male,None,44,1
Delhi,21,198088,16.22,1,Night,27,Female,Gun,27,1
Chennai,20,70110,7.25,10,Night,30,Female,Knife,58,0
Bhopal,48,44033,8.77,8,Evening,68,Male,Rod,46,0
Bangalore,8,55213,12.71,1,Morning,19,Male,Rod,84,1
Hyderabad,36,22938,2.27,9,Evening,38,Female,None,54,0
Mumbai,29,140842,15.12,2,Afternoon,42,Male,None,8,0
Bangalore,42,12274,16.08,9,Evening,54,Male,Gun,12,0
Hyderabad,12,94390,15.72,7,Morning,58,Female,Knife,40,0
Bhopal,14,172887,8.0,9,Night,52,Male,None,14,0
Bhopal,48,160033,9.39,3,Evening,28,Female,None,34,0
Mumbai,21,30044,2.2,1,Night,58,Male,Gun,20,0
Mumbai,22,109372,8.39,1,Evening,52,Female,Knife,34,0
Bhopal,21,163047,9.37,11,Afternoon,55,Female,Knife,68,0
Hyderabad,44,24706,16.51,10,Morning,36,Female,None,78,1
Delhi,30,147046,16.3,6,Evening,44,Female,Knife,15,0
Jaipur,39,86464,17.46,7,Afternoon,44,Female,Knife,38,1
Kolkata,20,31213,16.16,9,Afternoon,64,Male,Knife,84,1
Bangalore,24,11950,2.13,6,Afternoon,26,Male,Rod,59,0
Patna,23,20411,12.26,5,Night,66,Female,Knife,87,1
Bangalore,7,138603,3.09,2,Night,65,Female,Rod,8,0
Patna,9,187228,6.36,2,Afternoon,43,Female,Knife,53,0
Hyderabad,1,72744,11.25,8,Afternoon,25,Female,Knife,48,0
Patna,26,158843,13.21,1,Evening,20,Female,Knife,35,1
Mumbai,38,45053,12.47,8,Evening,40,Male,None,52,0
Jaipur,38,193148,2.78,11,Morning,48,Female,None,30,0
Jaipur,44,148117,3.66,10,Evening,32,Male,Rod,74,0
Mumbai,22,67623,4.06,11,Morning,64,Female,Knife,16,0
Chennai,44,39714,3.46,7,Morning,48,Female,Rod,49,0
Hyderabad,10,175458,4.85,7,Morning,40,Male,Knife,12,0
Chennai,6,119283,13.02,5,Night,48,Female,Gun,13,0
Chennai,17,18562,15.29,3,Evening,69,Female,Rod,5,0
Bangalore,38,65048,8.54,7,Afternoon,24,Male,None,9,0
Bhopal,24,103295,13.08,7,Morning,42,Male,Gun,75,1
Bangalore,10,22026,5.2,7,Afternoon,40,Female,None,86,0
Bhopal,8,116147,17.57,11,Morning,19,Male,Gun,58,1
Kolkata,21,41589,7.6,2,Evening,24,Female,Gun,28,0
Patna,6,118199,15.53,3,Morning,61,Male,Gun,30,1
Bhopal,21,107274,17.13,3,Evening,30,Female,Rod,14,0
Mumbai,39,36844,15.84,4,Afternoon,31,Male,Rod,65,1
Bangalore,24,164519,3.07,9,Evening,31,Female,None,44,0
Hyderabad,33,100415,12.4,10,Afternoon,28,Male,Rod,48,0
Patna,18,64708,3.92,1,Evening,29,Male,None,16,0
Kolkata,28,80825,2.09,7,Morning,37,Female,Knife,26,0
Bhopal,32,61574,2.83,7,Morning,36,Female,None,31,0
Kolkata,12,95548,16.66,11,Evening,24,Female,None,71,1
Hyderabad,48,159884,16.54,4,Afternoon,56,Male,Rod,86,1
Chennai,42,196381,5.61,11,Afternoon,68,Female,None,73,0
Jaipur,27,74230,10.75,1,Afternoon,19,Female,Rod,18,0
Hyderabad,10,182700,17.28,3,Evening,25,Male,None,29,0
Lucknow,46,50581,9.95,5,Evening,50,Male,Knife,56,1
Hyderabad,42,187700,8.3,2,Evening,68,Female,Rod,89,1
Kolkata,32,35105,9.73,7,Evening,24,Female,Rod,63,1
Mumbai,42,89830,14.64,10,Afternoon,66,Male,Knife,42,0
Bangalore,26,79157,9.64,10,Afternoon,63,Male,Rod,24,0
Mumbai,25,173514,14.53,7,Night,31,Female,None,82,1
Kolkata,11,97235,8.91,10,Evening,64,Male,Gun,24,0
Bangalore,23,12347,6.03,5,Night,33,Male,Rod,60,0
Lucknow,34,57650,7.22,10,Evening,25,Female,Gun,34,0
Jaipur,40,158182,3.25,6,Night,36,Female,None,45,0
Patna,23,145995,9.96,1,Afternoon,66,Female,Knife,88,1
Kolkata,29,192873,4.37,4,Afternoon,69,Male,Rod,75,0
Bhopal,31,134926,14.98,4,Night,30,Female,Gun,67,1
Kolkata,7,91147,8.73,11,Morning,30,Male,Knife,73,0
Kolkata,40,58135,14.24,8,Evening,26,Male,Knife,33,0
Bangalore,33,29199,17.27,2,Night,55,Male,Rod,83,1
Delhi,21,150138,15.59,1,Night,69,Male,Gun,93,1
Hyderabad,2,111583,17.22,7,Morning,63,Female,Rod,81,1
Delhi,18,193208,11.09,6,Afternoon,57,Male,None,48,0
Lucknow,47,102290,4.65,5,Night,56,Female,Knife,92,1
Bhopal,33,177647,16.97,8,Afternoon,62,Male,Gun,83,1
Jaipur,37,130787,15.9,11,Evening,69,Male,Rod,92,1
Chennai,34,187805,15.83,2,Morning,52,Female,Knife,94,1
Lucknow,20,124427,13.09,2,Afternoon,35,Female,Rod,87,1
Chennai,35,158063,12.0,9,Night,49,Female,Gun,61,1
Chennai,18,163625,2.24,1,Morning,37,Female,None,28,0
Jaipur,46,97493,13.97,6,Morning,63,Female,None,23,0
Mumbai,24,141706,3.46,3,Morning,33,Female,None,21,0
Delhi,8,22771,6.16,5,Morning,31,Male,Rod,73,0
Kolkata,30,135607,10.82,8,Morning,20,Female,Knife,65,1
Patna,44,159370,9.23,7,Evening,16,Male,None,8,0
Chennai,10,89876,2.25,4,Evening,34,Male,None,26,0
Bhopal,23,177071,15.18,8,Morning,25,Female,None,78,1
Lucknow,49,69648,16.06,11,Night,36,Male,None,89,1
Mumbai,11,85783,12.91,11,Night,28,Male,Gun,93,1
Chennai,2,54440,10.66,10,Evening,39,Female,Gun,10,0
Mumbai,26,41655,17.37,11,Afternoon,38,Female,Knife,34,0
Mumbai,36,53039,3.92,2,Morning,38,Male,Gun,79,1
Chennai,33,65255,13.81,7,Night,26,Female,Gun,15,0
Bangalore,47,82219,4.05,5,Evening,62,Female,Gun,52,1
Hyderabad,13,196061,8.11,11,Evening,17,Male,Rod,50,0
Bhopal,40,21244,11.37,6,Afternoon,21,Female,Gun,31,0
Kolkata,25,104594,13.79,3,Afternoon,68,Female,Rod,23,0
Kolkata,4,68595,2.06,11,Night,26,Female,Rod,90,0
Bhopal,42,180623,6.17,10,Afternoon,30,Male,Gun,63,1
Bangalore,19,113898,10.61,7,Afternoon,24,Male,Rod,72,1
Kolkata,18,38371,10.53,7,Morning,27,Female,None,58,0
Mumbai,37,169950,12.2,2,Evening,51,Female,Knife,87,1
Jaipur,30,177229,6.86,1,Evening,43,Female,Gun,21,0
Lucknow,19,15914,10.65,10,Afternoon,38,Male,Gun,54,1
Delhi,23,37180,5.04,2,Evening,42,Male,Knife,44,0
Kolkata,16,144760,4.99,8,Evening,39,Female,Gun,91,1
Bhopal,1,90219,11.23,11,Night,29,Female,Gun,15,0
Jaipur,12,88616,12.97,10,Evening,69,Male,Knife,18,0
Chennai,24,150988,3.93,3,Afternoon,50,Female,Rod,17,0
Hyderabad,34,197435,3.96,11,Night,42,Female,None,92,0
Bhopal,8,105213,11.04,4,Evening,36,Male,Rod,84,1
Mumbai,18,168432,6.32,8,Evening,64,Female,None,32,0
Hyderabad,48,47805,8.28,3,Night,28,Female,Knife,48,1
Lucknow,5,154525,8.41,6,Night,23,Male,Rod,67,1
Lucknow,26,136599,4.86,2,Evening,59,Female,Rod,65,0
Bangalore,30,163775,2.02,3,Morning,59,Male,None,21,0
Patna,13,84176,15.65,1,Morning,59,Male,None,54,1
Bangalore,19,104799,13.44,9,Evening,49,Male,None,30,0
Jaipur,29,108385,13.05,4,Evening,57,Female,None,11,0
Hyderabad,3,98919,10.74,6,Night,38,Female,Gun,83,1
Patna,26,148482,13.22,7,Night,24,Female,Knife,20,0
Chennai,40,91462,16.97,2,Evening,16,Female,None,89,1
Mumbai,12,189340,12.65,8,Evening,51,Male,Rod,21,0
Hyderabad,2,175320,6.24,9,Evening,61,Male,Rod,94,1
Bangalore,11,41159,11.13,10,Evening,31,Male,Rod,39,0
Delhi,44,52039,9.08,11,Morning,40,Female,None,88,0
Patna,28,57800,10.9,2,Night,33,Male,Knife,88,1
Patna,18,50761,10.28,5,Afternoon,49,Male,Gun,27,0
Mumbai,13,104626,15.74,2,Evening,53,Female,None,73,1
Kolkata,37,128368,12.43,11,Evening,18,Female,None,13,0
Lucknow,22,184735,5.02,5,Evening,35,Male,Gun,91,1
Lucknow,12,90903,3.01,7,Afternoon,34,Female,Knife,22,0
Delhi,2,181484,8.79,6,Night,28,Female,None,79,1
Jaipur,37,128998,2.25,4,Night,32,Female,Rod,52,0
Jaipur,7,176439,7.09,2,Evening,29,Male,Rod,76,1
Chennai,26,146885,7.89,7,Evening,45,Male,None,70,0
Hyderabad,26,69894,8.01,10,Night,37,Male,Knife,27,0
Bhopal,24,61444,17.67,9,Afternoon,58,Male,Rod,89,1
Kolkata,12,175341,6.86,1,Evening,63,Male,Rod,14,0
Bangalore,16,71748,6.24,3,Afternoon,58,Male,Gun,42,0
Bhopal,23,51190,4.07,7,Afternoon,44,Male,Knife,63,0
Bhopal,40,50318,10.18,9,Night,65,Male,None,72,1
Patna,9,178090,4.46,5,Evening,17,Female,Gun,89,1
Delhi,32,134078,11.86,7,Morning,68,Female,Gun,47,1
Lucknow,15,49759,4.48,10,Night,23,Male,Gun,16,0
Chennai,37,26498,11.23,7,Night,29,Female,Knife,57,1
Jaipur,13,35989,15.22,4,Morning,49,Female,Knife,18,0
Delhi,5,166640,2.68,5,Evening,28,Male,Knife,56,0
Patna,11,127035,8.72,2,Afternoon,25,Male,None,88,1
Bangalore,10,76577,9.38,8,Afternoon,23,Male,Knife,76,1
Chennai,13,115231,14.66,1,Afternoon,22,Female,Gun,65,1
Patna,41,171171,9.49,2,Evening,28,Female,Rod,45,0
Lucknow,46,99900,11.08,3,Night,41,Male,None,25,0
Lucknow,15,181711,14.66,7,Night,47,Male,None,52,1
Lucknow,42,114679,10.96,6,Night,34,Female,None,60,0
Delhi,7,33482,7.73,7,Night,30,Male,Gun,39,0
Delhi,40,79212,3.37,11,Night,69,Male,Knife,48,0
Jaipur,28,196333,13.68,5,Morning,17,Female,Gun,43,1
Jaipur,32,40048,15.94,4,Afternoon,69,Female,Rod,19,0
Bangalore,35,144137,17.52,7,Afternoon,52,Male,Knife,16,0
Chennai,15,143108,16.83,3,Evening,34,Female,Rod,12,0
Mumbai,48,45814,14.76,10,Morning,48,Female,None,71,1
Mumbai,36,157996,12.3,7,Night,54,Male,None,5,0
Patna,21,139493,14.5,2,Night,65,Male,Gun,84,1
Lucknow,6,70204,8.91,8,Night,48,Male,Knife,46,0
Chennai,1,42844,11.52,6,Morning,16,Male,None,35,0
Bhopal,4,91943,7.58,3,Evening,54,Male,Gun,78,1
Delhi,11,31518,7.23,3,Morning,43,Male,Rod,34,0
Hyderabad,44,158131,14.11,5,Evening,32,Male,Gun,47,1
Kolkata,26,33052,9.26,3,Afternoon,21,Female,Knife,30,0
Bangalore,37,79803,5.39,6,Evening,67,Male,Knife,16,0
Lucknow,23,81524,5.23,2,Afternoon,59,Female,Knife,63,1
Lucknow,29,99572,15.75,8,Evening,35,Male,None,73,1
Lucknow,21,149752,12.84,11,Afternoon,62,Male,Gun,77,1
Delhi,48,77021,10.74,11,Afternoon,28,Male,Rod,15,0
Delhi,45,30043,8.42,9,Night,27,Male,Knife,51,0
Kolkata,45,12419,8.89,7,Evening,45,Male,Gun,27,0
Bhopal,49,197964,2.92,3,Night,36,Male,None,85,1
Chennai,27,131831,9.28,11,Afternoon,17,Female,Rod,47,0
Lucknow,39,111799,14.73,10,Night,68,Male,Rod,81,1
Mumbai,40,158212,8.21,4,Morning,33,Male,Rod,85,1
Jaipur,13,184556,8.14,10,Night,43,Male,None,91,1
Mumbai,23,186282,2.25,2,Evening,19,Female,Knife,43,0
Patna,16,67600,9.33,9,Night,57,Female,None,77,1
Mumbai,30,126467,2.41,5,Morning,58,Male,Rod,86,0
Patna,4,88497,11.13,2,Night,68,Male,Gun,59,1
Hyderabad,40,118611,10.11,10,Afternoon,21,Male,Rod,22,0
Jaipur,16,147559,15.44,6,Afternoon,53,Male,Gun,46,1
Mumbai,31,70692,11.31,7,Afternoon,24,Male,None,30,0
Hyderabad,42,72112,7.17,2,Evening,35,Female,None,22,0
Bangalore,25,172182,10.26,1,Night,60,Male,None,89,1
Chennai,44,26360,13.2,7,Afternoon,45,Female,Gun,45,1
Hyderabad,12,190482,3.5,1,Night,52,Female,None,46,0
Chennai,26,93038,11.94,3,Morning,53,Male,Knife,37,0
Mumbai,37,13017,16.67,4,Morning,19,Female,Rod,47,1
Bhopal,48,96261,6.79,2,Evening,53,Male,Knife,18,0
Hyderabad,33,192021,12.03,7,Night,65,Female,Gun,59,1
Jaipur,28,199340,15.14,5,Morning,28,Male,None,62,1
Mumbai,9,76320,10.19,1,Evening,50,Male,Rod,14,0
Lucknow,12,41127,13.49,8,Evening,45,Male,None,32,0
Delhi,5,144268,6.98,10,Afternoon,57,Male,None,18,0
Hyderabad,28,85088,6.9,7,Morning,19,Female,Rod,87,1
Jaipur,35,182372,12.68,4,Night,40,Female,Rod,30,0
Bangalore,5,190786,13.29,2,Morning,46,Female,Knife,78,1
Lucknow,34,41921,16.99,7,Morning,62,Male,Knife,21,0
Bangalore,46,14746,5.6,11,Night,27,Male,Knife,38,0
Mumbai,34,78535,9.49,2,Night,30,Female,Knife,18,0
Delhi,13,75350,6.01,6,Afternoon,68,Male,Knife,30,0
Hyderabad,39,191417,3.28,1,Evening,41,Male,Gun,38,0
Hyderabad,42,190292,8.45,7,Night,25,Female,Gun,87,1
Bhopal,45,91131,7.99,7,Night,27,Male,None,28,0
Bhopal,48,32063,6.33,4,Morning,37,Female,None,74,0
Mumbai,14,127116,6.75,4,Night,55,Male,Knife,24,0
Mumbai,11,98913,7.77,10,Night,68,Male,None,43,0
Delhi,42,88946,17.82,5,Morning,36,Female,Gun,49,1
Bhopal,38,187043,14.53,2,Morning,50,Female,Gun,38,1
Jaipur,4,144670,3.14,9,Morning,22,Female,None,26,0
Jaipur,33,20564,15.96,10,Afternoon,33,Female,Knife,75,1
Delhi,7,59725,12.13,4,Evening,42,Female,Gun,37,1
Jaipur,41,96134,16.25,11,Night,50,Male,Rod,10,0
Patna,8,115940,7.47,9,Morning,62,Female,Rod,20,0
Chennai,37,72085,9.43,3,Morning,17,Male,None,76,1
Delhi,10,27862,16.34,9,Evening,47,Male,Knife,27,0
Delhi,43,20265,6.36,1,Afternoon,30,Female,None,22,0
Kolkata,15,150777,16.65,7,Night,60,Female,Knife,18,0
Lucknow,38,196351,15.26,4,Afternoon,39,Male,Knife,54,1
Lucknow,15,72471,17.69,7,Afternoon,35,Female,Rod,65,1
Patna,5,101080,7.19,10,Afternoon,25,Female,Gun,40,0
Bhopal,29,65828,5.77,6,Morning,39,Male,Gun,19,0
Mumbai,19,126884,7.29,4,Evening,39,Male,None,9,0
Mumbai,10,118007,17.27,4,Evening,39,Female,None,57,1
Bangalore,12,56104,7.33,8,Evening,55,Male,Knife,52,0
Patna,4,50934,11.04,7,Afternoon,63,Male,Gun,83,1
Delhi,31,124420,8.46,4,Night,63,Male,Knife,15,0
Patna,18,16050,8.34,11,Afternoon,49,Male,Rod,6,0
Patna,16,185024,5.09,6,Evening,56,Male,Rod,91,1
Patna,40,18484,10.59,6,Morning,55,Male,Knife,28,0
Lucknow,36,72648,15.59,1,Afternoon,26,Male,Knife,86,1
Patna,25,69945,2.79,2,Morning,41,Male,Knife,72,1
Chennai,23,194750,16.23,4,Evening,16,Male,Knife,83,1
Mumbai,12,41323,12.65,6,Afternoon,45,Male,Knife,16,0
Bangalore,34,96332,11.87,6,Morning,68,Female,Rod,63,1
Chennai,36,104605,12.01,1,Afternoon,58,Female,Rod,71,1
Bangalore,37,176433,6.74,8,Evening,33,Female,Rod,36,0
Kolkata,3,20315,8.64,2,Night,41,Male,None,40,0
Bangalore,9,57968,14.79,5,Evening,68,Male,Rod,25,0
Mumbai,18,167591,6.9,4,Night,62,Male,Gun,74,1
Mumbai,43,19107,9.52,5,Night,24,Male,Gun,70,1
Patna,35,65781,2.31,5,Evening,24,Male,Knife,13,0
Hyderabad,34,13869,13.74,10,Morning,16,Female,Rod,80,1
Kolkata,41,90983,8.68,8,Afternoon,22,Male,Knife,48,0
Delhi,14,168442,10.41,10,Afternoon,59,Female,Knife,63,1
Jaipur,4,17971,3.84,7,Afternoon,57,Female,Gun,28,0
Bangalore,29,106805,17.87,9,Night,66,Female,Gun,67,1
Hyderabad,41,35651,6.84,11,Night,31,Male,Knife,82,1
Patna,45,66974,12.16,1,Evening,53,Female,Gun,45,1
Lucknow,15,33446,11.3,6,Morning,26,Male,Knife,80,1
Delhi,28,179180,14.56,6,Evening,66,Male,Knife,78,1
Bhopal,42,13823,6.7,2,Evening,40,Female,Knife,6,0
Hyderabad,16,154526,14.09,11,Morning,44,Female,None,32,0
Lucknow,12,145004,8.12,8,Night,34,Female,Gun,20,0
Kolkata,5,151292,8.58,6,Evening,33,Male,Gun,63,1
Patna,34,77965,12.76,11,Evening,62,Male,Rod,5,0
Delhi,42,169280,14.55,10,Night,44,Female,Gun,90,1
Delhi,1,20510,12.67,9,Afternoon,31,Male,Rod,5,0
Delhi,39,185117,16.4,10,Morning,61,Male,Knife,35,0
Kolkata,32,151609,6.56,5,Morning,55,Male,None,26,0
Bangalore,26,115935,16.41,7,Afternoon,23,Female,Knife,80,1
Bhopal,17,79134,4.09,6,Morning,49,Female,Knife,63,0
Kolkata,48,82254,12.55,11,Afternoon,21,Female,Knife,91,1
Jaipur,27,154854,10.76,5,Evening,60,Male,Rod,32,0
Bhopal,24,124780,9.91,6,Morning,60,Female,None,80,1
Mumbai,35,135544,6.97,4,Morning,68,Male,Knife,31,0
Patna,46,75587,10.06,3,Evening,45,Male,Rod,91,1
Kolkata,42,92238,4.59,1,Night,59,Male,Knife,5,0
Lucknow,39,85720,7.91,1,Night,49,Male,None,6,0
Bhopal,26,88004,3.58,6,Evening,36,Female,Knife,70,0
Jaipur,49,32072,11.15,9,Morning,67,Female,Knife,53,0
Mumbai,38,91015,3.53,8,Morning,27,Male,Gun,93,1
Bangalore,23,82746,4.57,2,Morning,64,Female,Rod,23,0
Lucknow,22,186774,3.37,9,Afternoon,21,Female,None,32,0
Bhopal,4,112260,8.1,8,Night,54,Female,Rod,74,1
Patna,49,147129,15.47,9,Morning,21,Female,Gun,43,1
Lucknow,9,138259,16.51,4,Night,68,Female,Knife,23,1
Mumbai,4,40916,3.15,9,Night,19,Female,None,68,0
Lucknow,7,37268,12.15,2,Morning,68,Female,None,62,1
Chennai,23,185050,12.95,1,Evening,24,Female,Rod,21,0
Hyderabad,2,33259,10.54,9,Evening,20,Female,Knife,74,1
Bangalore,49,194655,12.67,10,Night,25,Female,Gun,83,1
Mumbai,24,89400,5.74,8,Afternoon,62,Female,Knife,90,1
Lucknow,40,44293,9.83,7,Night,23,Male,Rod,45,0
Hyderabad,31,121581,8.25,8,Night,38,Male,None,9,0
Hyderabad,47,17043,3.44,1,Evening,19,Female,None,27,0
Lucknow,31,191502,12.01,9,Morning,52,Female,Knife,73,1
Patna,47,117009,9.92,10,Morning,22,Female,Knife,14,0
Chennai,40,48893,6.4,11,Afternoon,21,Female,Knife,72,0
Kolkata,48,181714,9.58,9,Evening,60,Male,Knife,16,0
Chennai,43,171940,14.4,11,Evening,66,Male,Gun,14,0
Lucknow,34,36309,14.83,9,Night,57,Female,Gun,64,1
Bangalore,24,33284,12.39,6,Evening,30,Male,Gun,34,1
Kolkata,49,136801,9.48,4,Night,50,Female,Gun,28,1
Mumbai,26,123259,11.21,2,Afternoon,65,Male,Rod,73,1
Chennai,16,110804,8.16,11,Evening,47,Female,None,17,0
Lucknow,47,79000,4.02,4,Evening,29,Male,None,13,0
Chennai,13,94179,8.17,7,Night,50,Male,Rod,22,0
Kolkata,15,75049,10.49,1,Evening,26,Male,Rod,39,0
Jaipur,27,39265,11.58,9,Morning,25,Female,Gun,92,1
Bhopal,4,33880,16.97,3,Afternoon,32,Male,Knife,8,0
Chennai,16,94579,14.44,4,Morning,28,Female,None,45,0
Mumbai,30,141327,4.43,5,Night,49,Male,Rod,30,0
Mumbai,44,142574,4.79,3,Night,60,Male,Knife,48,0
Delhi,30,75424,3.61,4,Night,66,Female,Gun,46,0
Chennai,36,80966,13.81,5,Afternoon,20,Female,Rod,14,0
Bhopal,3,182438,13.3,1,Evening,63,Female,None,77,1
Patna,22,168497,17.78,9,Morning,25,Male,None,5,0
Hyderabad,49,193400,10.35,10,Evening,47,Female,None,58,0
Bhopal,22,77396,15.22,10,Night,27,Female,Rod,20,0
Hyderabad,49,81694,11.22,4,Evening,67,Female,None,50,0
Hyderabad,12,146878,15.99,9,Afternoon,28,Male,Gun,17,0
Jaipur,21,27106,13.54,4,Night,36,Female,None,68,1
Delhi,4,66731,12.29,1,Evening,63,Female,Gun,82,1
Bhopal,31,85010,11.04,5,Morning,69,Male,None,91,1
Bhopal,44,42599,13.57,9,Night,68,Female,Gun,59,1
Jaipur,31,81326,8.71,3,Night,48,Male,Rod,67,1
Chennai,23,85706,3.55,5,Afternoon,69,Female,Gun,22,0
Chennai,20,19004,2.64,3,Afternoon,56,Female,Rod,65,0
Chennai,15,125018,9.66,3,Morning,63,Female,Knife,24,0
Bangalore,23,192436,11.59,1,Evening,66,Female,Gun,69,1
Hyderabad,28,35792,3.26,2,Evening,62,Male,Rod,68,0
Bangalore,16,64645,6.59,2,Night,65,Male,Knife,80,1
Delhi,37,17232,7.15,9,Night,69,Male,None,68,0
Jaipur,21,64766,11.0,7,Evening,47,Male,Knife,17,0
Bhopal,15,130601,6.46,8,Evening,27,Male,Gun,72,1
Hyderabad,17,91588,3.53,2,Evening,61,Male,Knife,93,1
Bangalore,37,189614,4.64,9,Night,50,Female,None,74,0
Bangalore,13,15913,4.78,3,Afternoon,51,Female,Knife,61,0
Lucknow,19,122406,15.48,10,Afternoon,53,Female,Gun,49,1
Bangalore,30,123693,6.55,2,Morning,63,Male,Gun,90,1
Patna,45,103449,13.44,1,Evening,43,Female,Rod,42,1
Bhopal,18,20567,11.09,9,Evening,28,Male,None,58,0
Patna,14,48379,17.63,8,Evening,27,Male,None,40,0
Bhopal,36,10319,6.37,11,Morning,37,Female,Knife,71,0
Jaipur,36,100005,4.53,4,Evening,59,Female,None,83,1
Bhopal,20,120990,2.83,7,Afternoon,17,Male,Gun,15,0
Patna,19,14791,5.86,3,Evening,44,Male,Knife,31,0
Bhopal,45,141401,12.95,3,Morning,28,Male,Rod,91,1
Jaipur,44,71032,3.36,4,Night,50,Female,Knife,21,0
Jaipur,7,185150,5.92,2,Night,28,Male,Knife,91,1
Delhi,44,98662,15.68,10,Afternoon,49,Male,Rod,89,1
Bhopal,4,31300,11.33,4,Afternoon,34,Female,Knife,37,0
Lucknow,34,85700,3.11,10,Afternoon,24,Male,None,9,0
Chennai,2,192017,2.76,3,Night,67,Female,Knife,85,1
Mumbai,5,65609,2.98,8,Evening,46,Male,Knife,66,0
Jaipur,10,100045,17.07,11,Morning,48,Female,Knife,69,1
Kolkata,32,71901,15.6,2,Morning,42,Male,Gun,75,1
Chennai,42,15703,15.52,11,Evening,60,Female,Gun,71,1
Hyderabad,41,73115,16.79,9,Night,17,Male,None,94,1
Bhopal,13,37676,10.08,3,Night,30,Male,Rod,84,1
Patna,39,131332,5.96,4,Morning,34,Female,Gun,84,1
Mumbai,5,186512,8.42,10,Afternoon,46,Female,Gun,48,0
Kolkata,10,177995,13.5,10,Afternoon,31,Male,None,18,0
Chennai,10,39802,16.02,3,Morning,58,Male,None,94,1
Bhopal,38,100331,8.96,3,Morning,30,Male,Rod,61,0
Delhi,27,134786,10.57,8,Evening,21,Male,Knife,52,0
Hyderabad,21,75169,16.91,8,Evening,29,Male,Knife,21,0
Mumbai,8,78147,3.72,6,Evening,42,Male,Rod,48,0
Lucknow,1,32075,15.8,4,Evening,53,Male,Rod,8,0
Delhi,28,92015,4.55,1,Evening,34,Female,Rod,85,1
Kolkata,49,19304,9.74,4,Evening,52,Male,None,34,0
Mumbai,39,139851,5.49,8,Afternoon,58,Female,Knife,89,1
Delhi,14,130729,11.65,6,Morning,19,Male,Rod,85,1
Hyderabad,21,69622,10.94,2,Night,41,Male,Rod,79,1
Lucknow,30,64215,8.08,3,Evening,24,Female,Knife,59,1
Delhi,21,83973,15.81,7,Afternoon,56,Male,Knife,34,0
Bangalore,49,118654,12.56,11,Morning,64,Female,None,22,0
Lucknow,9,153593,13.54,11,Morning,55,Male,Gun,88,1
Kolkata,17,34028,4.41,4,Morning,30,Male,Gun,77,1
Hyderabad,5,49328,16.13,4,Evening,56,Male,None,48,1
Bhopal,31,37301,4.67,5,Evening,52,Male,None,66,0
Patna,40,48015,5.56,8,Night,19,Female,Knife,35,0
Patna,38,46845,4.05,7,Evening,41,Female,None,20,0
Patna,43,96818,9.05,9,Morning,67,Female,None,81,0
Mumbai,19,86394,16.2,5,Morning,33,Male,Rod,27,0
Kolkata,36,185231,6.04,1,Afternoon,56,Female,None,18,0
Hyderabad,33,53714,7.98,4,Afternoon,68,Male,None,6,0
Lucknow,13,90722,15.54,6,Night,50,Female,Rod,16,0
Mumbai,14,35230,11.89,6,Afternoon,69,Male,Knife,62,1
Kolkata,33,102554,14.03,9,Night,56,Female,Knife,60,1
Bhopal,29,59262,5.42,10,Afternoon,56,Female,None,28,0
Bangalore,43,51722,13.46,5,Morning,44,Female,None,41,0
Hyderabad,49,187431,5.64,5,Evening,68,Female,Gun,33,0
Patna,36,72796,17.8,6,Evening,39,Male,Rod,46,1
Delhi,44,181231,10.96,11,Night,19,Female,Gun,22,0
Hyderabad,10,97052,13.13,6,Evening,36,Female,None,7,0
Jaipur,31,110808,3.89,3,Evening,54,Female,Gun,81,1
Kolkata,6,146311,6.01,6,Afternoon,22,Female,Gun,17,0
Chennai,1,101951,4.24,8,Morning,38,Male,Knife,33,0
Bhopal,7,60886,8.24,6,Evening,55,Male,Rod,70,1
Bangalore,27,113424,6.55,11,Morning,36,Male,Knife,63,0
Bhopal,21,168267,13.73,5,Afternoon,16,Female,Knife,52,1
Hyderabad,28,114697,3.74,3,Afternoon,56,Female,Gun,8,0
Chennai,16,106299,14.03,1,Evening,40,Male,Rod,55,1
Jaipur,46,175746,2.73,5,Evening,46,Male,None,9,0
Lucknow,23,159177,5.23,6,Afternoon,59,Male,Rod,43,0
Delhi,20,170811,14.67,6,Afternoon,53,Male,Knife,45,1
Chennai,38,173041,13.88,6,Night,60,Male,Gun,9,0
Kolkata,25,24497,9.62,3,Night,20,Female,None,12,0
Patna,28,142888,2.8,4,Morning,68,Female,Knife,60,0
Jaipur,5,128915,11.76,3,Afternoon,46,Male,Gun,29,1
Delhi,21,102019,8.51,2,Morning,66,Female,Knife,56,1
Bangalore,18,119017,7.06,8,Afternoon,16,Female,Gun,56,1
Patna,47,79385,12.25,7,Morning,69,Male,Rod,11,0
Hyderabad,6,115153,8.99,11,Night,45,Male,Knife,65,1
Chennai,29,43826,3.48,8,Afternoon,33,Male,Rod,89,1
Delhi,19,120034,16.66,6,Afternoon,23,Male,Rod,51,1
Mumbai,33,94242,14.46,11,Morning,41,Female,Gun,86,1
Lucknow,1,133066,2.9,7,Morning,55,Female,None,70,0
Lucknow,45,60100,10.4,1,Evening,30,Female,Rod,63,1
Jaipur,3,135170,3.33,10,Evening,34,Female,Knife,9,0
Bangalore,42,145431,15.4,5,Night,25,Male,Knife,48,1
Jaipur,21,106205,11.81,4,Afternoon,39,Female,Gun,46,1
Mumbai,35,22809,4.76,10,Afternoon,31,Male,Rod,65,0
Kolkata,41,74450,2.33,3,Morning,58,Female,None,67,0
Bangalore,40,48428,2.51,2,Night,46,Female,None,54,0
Bhopal,3,82790,10.12,9,Afternoon,59,Male,Knife,42,0
Kolkata,25,121126,13.75,8,Night,31,Male,Gun,58,1
Bangalore,45,100321,3.93,10,Evening,31,Male,Rod,48,0
Bangalore,38,12093,5.54,2,Morning,43,Female,Knife,28,0
Mumbai,45,54498,7.24,6,Afternoon,35,Male,Gun,67,1
Hyderabad,20,126251,5.49,3,Morning,50,Female,None,43,0
Mumbai,44,50985,8.26,3,Evening,24,Female,Knife,16,0
Bangalore,45,42009,10.95,5,Night,55,Male,Gun,67,1
Delhi,34,138515,12.96,7,Night,25,Female,None,13,0
Kolkata,21,27718,17.42,7,Evening,60,Male,Gun,83,1
Mumbai,48,26705,16.89,11,Evening,33,Male,Knife,91,1
Hyderabad,23,97618,11.12,10,Afternoon,60,Female,Rod,26,0
Chennai,6,72598,13.75,1,Afternoon,60,Female,Gun,40,1
Jaipur,13,87878,17.21,11,Afternoon,30,Female,Rod,78,1
Bangalore,49,22239,3.34,7,Afternoon,60,Male,Knife,32,0
Bhopal,23,56622,2.09,7,Afternoon,45,Male,None,60,0
Chennai,9,56665,2.48,6,Night,63,Male,Gun,33,0
Lucknow,17,42274,11.01,6,Afternoon,47,Female,None,9,0
Patna,2,152491,14.21,2,Evening,55,Male,Rod,8,0
Hyderabad,19,118368,7.87,3,Evening,42,Female,Rod,55,0
Bhopal,19,156075,10.72,3,Afternoon,42,Male,None,19,0
Patna,7,171938,10.26,3,Evening,34,Male,Knife,64,1
Hyderabad,42,163060,3.52,2,Morning,25,Female,Rod,30,0
Delhi,42,196966,7.15,9,Night,59,Female,Knife,27,0
Jaipur,20,118563,2.31,6,Night,61,Female,None,33,0
Chennai,9,146746,3.77,2,Afternoon,21,Male,Knife,90,1
Kolkata,17,103103,14.99,3,Morning,68,Female,Rod,61,1
Hyderabad,27,76446,15.27,10,Afternoon,39,Female,None,66,1
Kolkata,47,39072,14.83,6,Afternoon,24,Female,Knife,63,1
Jaipur,2,43717,13.63,4,Evening,42,Female,Knife,52,1
Bangalore,36,167723,14.69,7,Night,22,Male,Gun,86,1
Lucknow,19,127202,12.74,6,Morning,21,Male,Rod,39,0
Chennai,17,185363,12.72,6,Evening,69,Female,Gun,50,1
Jaipur,5,132389,12.68,3,Night,48,Female,Knife,37,1
Jaipur,39,119525,10.22,11,Night,36,Male,Rod,75,1
Delhi,18,14646,7.81,8,Afternoon,61,Female,None,14,0
Patna,7,49713,13.68,9,Morning,53,Female,None,92,1
Lucknow,17,77936,6.78,6,Afternoon,59,Female,None,93,1
Chennai,39,185403,10.69,2,Evening,32,Male,Knife,52,1
Bangalore,36,32185,8.93,1,Afternoon,46,Male,Knife,48,1
Bangalore,40,94263,6.43,3,Afternoon,52,Male,None,74,0
Mumbai,45,62107,17.6,3,Night,26,Female,Gun,67,1
Jaipur,4,27563,6.14,8,Night,43,Female,Gun,53,1
Hyderabad,38,80729,6.95,5,Evening,20,Female,Rod,76,1
Delhi,25,25701,4.59,1,Night,27,Male,Rod,89,1
Lucknow,5,189289,15.17,11,Night,18,Male,None,45,0
Bangalore,30,185682,11.39,4,Night,56,Female,Knife,87,1
Chennai,12,191203,11.81,7,Afternoon,53,Female,Knife,43,0
Mumbai,4,138331,15.13,5,Morning,69,Female,Rod,27,0
Chennai,24,170482,7.49,10,Evening,17,Female,None,17,0
Delhi,29,109280,5.1,6,Afternoon,41,Female,Rod,57,0
Hyderabad,9,199787,5.17,10,Evening,17,Male,Gun,74,1
Mumbai,4,48665,13.72,4,Afternoon,69,Male,None,61,1
Mumbai,24,25957,11.83,2,Evening,27,Male,None,80,1
Patna,14,189199,5.3,9,Night,55,Male,None,71,0
Lucknow,5,56008,4.32,2,Evening,17,Female,Gun,52,1
Mumbai,18,71920,3.93,2,Morning,56,Male,None,24,0
Patna,42,173947,12.04,2,Evening,31,Male,Rod,66,1
Patna,19,123828,2.0,1,Morning,45,Female,Gun,49,0
Delhi,12,133852,2.29,3,Evening,62,Male,Knife,67,0
Kolkata,18,142698,8.23,6,Night,61,Female,Rod,12,0
Chennai,17,100815,13.06,7,Evening,67,Male,Rod,30,0
Hyderabad,30,174714,13.12,1,Afternoon,51,Female,Rod,42,1
Bhopal,24,48311,8.88,5,Night,19,Female,Gun,45,1
Chennai,11,42356,13.06,5,Night,26,Female,Rod,6,0
Mumbai,35,13809,10.34,1,Afternoon,68,Male,Gun,11,0
Hyderabad,23,184443,17.63,4,Night,39,Male,None,29,0
Bangalore,17,44875,4.6,10,Night,33,Female,Knife,55,0
Kolkata,1,19465,11.61,1,Afternoon,42,Male,None,54,1
Bangalore,15,83844,9.86,1,Night,52,Female,Rod,68,1
Bangalore,32,96889,5.11,7,Night,17,Female,Gun,16,0
Lucknow,9,25250,14.0,7,Night,30,Female,Gun,57,1
Chennai,15,56023,6.41,3,Night,26,Female,None,79,1
Bhopal,28,111350,8.11,7,Evening,42,Female,Rod,14,0
Delhi,24,187696,8.0,3,Night,64,Female,Knife,65,1
Bhopal,35,26427,5.91,2,Night,63,Female,Gun,59,1
Bangalore,22,174348,8.89,10,Night,62,Male,Gun,72,1
Mumbai,27,81643,9.57,4,Evening,38,Male,Rod,46,0
Kolkata,19,144511,13.91,10,Morning,50,Male,Gun,70,1
Jaipur,45,88672,14.24,3,Night,67,Male,Rod,48,1
Bhopal,12,27300,4.54,7,Morning,45,Male,Rod,32,0
Bangalore,20,70289,11.48,1,Morning,62,Male,Knife,82,1
Kolkata,1,158254,16.34,6,Afternoon,39,Female,Rod,62,1
Hyderabad,21,191984,3.74,2,Afternoon,34,Male,None,6,0
Chennai,49,167981,9.57,8,Morning,44,Female,Knife,59,0
Patna,45,29659,14.01,5,Evening,28,Male,Rod,38,0
Lucknow,1,172475,11.78,3,Night,63,Female,Rod,24,0
Kolkata,10,174658,3.61,10,Night,38,Male,Knife,51,0
Mumbai,47,20360,8.35,7,Night,27,Male,Gun,30,0
Mumbai,32,31424,10.12,11,Afternoon,64,Male,Knife,88,1
Kolkata,39,108035,17.93,2,Afternoon,63,Male,Gun,5,1
Mumbai,22,58791,4.86,5,Night,56,Male,Knife,69,1
Chennai,18,144137,17.72,11,Morning,44,Female,Knife,93,1
Mumbai,48,22300,8.02,8,Afternoon,21,Female,None,91,1
Bhopal,46,43370,5.21,11,Night,66,Male,Knife,79,1
Patna,32,37209,8.63,1,Morning,38,Female,None,19,0
Mumbai,27,30927,11.82,1,Night,46,Female,Rod,18,0
Patna,28,44579,5.42,3,Afternoon,60,Female,Gun,59,1
Bangalore,18,19032,6.66,3,Evening,36,Female,Gun,5,0
Delhi,39,103254,15.67,7,Evening,39,Male,None,37,0
Chennai,49,88413,17.98,6,Afternoon,23,Male,Gun,74,1
Delhi,29,181803,7.09,7,Morning,59,Female,Gun,60,1
Bangalore,18,123528,4.38,4,Night,24,Male,Knife,27,0
Chennai,44,194839,14.69,11,Afternoon,37,Male,None,58,0
Kolkata,8,133916,11.61,2,Morning,19,Male,Gun,94,1
Kolkata,31,82302,3.61,2,Night,28,Male,Rod,7,0
Patna,34,191026,17.15,10,Night,49,Female,None,50,0
Bangalore,7,95757,3.25,1,Afternoon,18,Female,Knife,10,0
Patna,36,166174,12.01,9,Night,52,Female,Rod,29,0
Lucknow,18,175505,8.78,7,Evening,43,Male,Gun,21,0
Mumbai,38,25932,10.91,10,Evening,41,Female,Gun,32,0
Jaipur,9,35714,5.41,3,Night,65,Female,None,36,0
Lucknow,9,67803,13.01,2,Afternoon,68,Female,Gun,27,1
Mumbai,46,180815,17.36,3,Night,61,Female,None,20,0
Chennai,8,143624,9.33,7,Afternoon,49,Male,Gun,30,0
Patna,35,66627,10.37,5,Afternoon,30,Female,Rod,37,0
Chennai,18,187059,5.84,3,Evening,23,Male,Knife,62,1
Chennai,5,89810,16.27,9,Evening,63,Male,Rod,52,1
Mumbai,14,55380,17.54,2,Morning,50,Female,Knife,87,1
Bangalore,28,170322,14.58,7,Afternoon,39,Male,None,59,1
Mumbai,30,74686,10.68,10,Night,67,Male,Gun,45,1
Hyderabad,4,130321,17.31,6,Afternoon,67,Female,Rod,66,1
Kolkata,39,55028,4.46,6,Evening,52,Female,Gun,21,0
Kolkata,20,156367,9.66,7,Afternoon,19,Female,None,63,0
Lucknow,25,123141,10.6,6,Morning,27,Female,Knife,18,0
Kolkata,28,65248,9.87,2,Night,34,Female,Rod,86,1
Mumbai,12,20523,14.84,11,Afternoon,30,Male,Knife,25,0
Bhopal,2,55530,12.73,5,Night,45,Female,Knife,67,1
Patna,43,23769,4.03,3,Night,60,Male,None,50,0
Mumbai,14,122035,7.54,9,Evening,52,Male,Knife,59,0
Mumbai,22,185717,7.43,8,Afternoon,27,Female,None,66,0
Jaipur,31,166629,11.05,10,Night,34,Male,Knife,43,0
Patna,23,89782,6.66,11,Evening,49,Male,Knife,46,0
Hyderabad,48,88382,3.88,2,Morning,22,Female,Rod,52,0
Kolkata,20,178157,12.46,1,Morning,43,Female,None,32,0
Patna,38,191780,15.62,4,Afternoon,43,Male,Gun,88,1
Kolkata,4,192429,16.91,4,Night,44,Male,Gun,10,1
Lucknow,15,120939,17.56,10,Afternoon,52,Male,Gun,63,1
Patna,24,154542,14.5,11,Night,35,Male,Rod,94,1
Kolkata,25,88712,4.24,2,Evening,26,Male,Rod,74,1
Hyderabad,1,128643,15.65,7,Morning,65,Female,Knife,43,1
Delhi,7,117417,8.4,3,Morning,65,Female,Knife,61,1
Chennai,31,147877,13.68,7,Morning,54,Female,Gun,58,1
Chennai,12,138256,10.5,7,Morning,57,Female,Knife,64,1
Hyderabad,42,191844,15.26,1,Afternoon,38,Male,Knife,94,1
Jaipur,5,193176,8.81,6,Night,67,Female,Rod,21,0
Delhi,44,111422,2.99,4,Afternoon,61,Female,Gun,44,0
Lucknow,42,99300,10.91,11,Evening,35,Male,None,70,0
Hyderabad,38,16630,4.74,8,Morning,35,Male,Gun,89,1
Chennai,12,134474,17.45,8,Night,26,Male,Rod,58,1
Chennai,39,108869,10.43,3,Afternoon,17,Female,Gun,75,1
Chennai,18,25701,10.86,4,Night,28,Female,None,48,0
Bangalore,2,155931,16.52,1,Afternoon,28,Male,Knife,88,1
Hyderabad,10,162255,11.99,10,Night,56,Male,Gun,71,1
Mumbai,15,181510,6.84,2,Night,64,Female,Rod,61,1
Lucknow,30,107285,6.74,7,Morning,30,Male,Rod,40,0
Chennai,44,127556,10.03,11,Afternoon,69,Male,Gun,61,1
Kolkata,17,183316,15.87,7,Evening,46,Male,Knife,47,1
Hyderabad,4,25021,14.72,9,Night,38,Female,Knife,48,1
Bangalore,7,196637,17.4,10,Evening,68,Female,Rod,66,1
Hyderabad,41,189115,3.15,9,Morning,37,Female,Rod,87,0
Lucknow,31,74361,6.29,9,Evening,69,Male,None,65,0
Bangalore,39,142317,3.28,6,Night,31,Male,Knife,15,0
Lucknow,34,182083,14.02,8,Night,57,Female,Gun,81,1
Hyderabad,6,20355,4.25,9,Night,44,Male,Rod,37,0
Mumbai,38,108841,3.6,7,Afternoon,35,Male,Rod,70,0
Lucknow,45,189764,10.99,4,Evening,43,Female,Rod,27,0
Bangalore,34,190076,8.58,4,Afternoon,42,Male,Rod,53,0
Bangalore,44,170786,13.44,6,Night,59,Male,Knife,24,0
Lucknow,15,27198,9.79,11,Night,44,Male,Rod,19,0
Bhopal,14,76951,8.81,4,Morning,20,Male,Knife,70,1
Hyderabad,6,142724,8.81,11,Morning,67,Female,None,34,0
Bhopal,37,184697,15.95,7,Night,64,Male,None,93,1
Jaipur,32,28740,8.32,8,Afternoon,57,Female,Gun,8,0
Hyderabad,3,13810,7.33,8,Afternoon,53,Female,Rod,68,0
Lucknow,3,133743,7.42,8,Night,68,Female,Gun,69,1
Delhi,22,157641,5.15,2,Evening,67,Female,Knife,12,0
Lucknow,22,109855,15.77,10,Afternoon,53,Male,Gun,56,1
Bhopal,10,36783,4.35,2,Night,59,Male,Gun,18,0
Mumbai,3,131701,16.54,2,Morning,68,Female,Rod,62,1
Lucknow,12,88047,6.54,2,Night,66,Female,Knife,15,0
Lucknow,29,19471,16.39,4,Afternoon,17,Female,Knife,63,1
Mumbai,48,120771,14.65,5,Night,60,Female,Rod,28,0
Lucknow,17,16163,11.31,4,Evening,69,Male,Knife,92,1
Chennai,7,72071,12.71,5,Evening,35,Female,None,36,0
Delhi,13,26065,7.21,4,Afternoon,58,Female,Rod,93,1
Kolkata,2,132323,11.19,7,Night,62,Male,Rod,50,0
Delhi,4,127969,6.68,10,Evening,28,Female,Rod,32,0
Lucknow,10,93456,8.44,1,Evening,41,Male,None,20,0
Chennai,39,189420,14.23,1,Morning,50,Male,Knife,46,1
Hyderabad,24,29154,5.9,2,Afternoon,61,Male,None,20,0
Lucknow,17,115703,15.42,1,Morning,23,Female,None,16,0
Bhopal,6,30229,8.01,10,Morning,43,Male,None,80,0
Chennai,19,62587,10.51,10,Evening,56,Male,Gun,66,1
Mumbai,5,59713,17.07,11,Night,30,Female,Knife,38,1
Chennai,32,168069,12.9,3,Morning,65,Female,Knife,42,1
Mumbai,10,31101,12.33,6,Afternoon,23,Female,Rod,88,1
Jaipur,9,50391,13.39,10,Afternoon,26,Female,Rod,51,0
Kolkata,27,82723,16.69,11,Night,44,Male,Gun,83,1
Patna,13,176020,5.98,6,Afternoon,20,Female,None,26,0
Chennai,19,110264,11.81,1,Morning,62,Male,Rod,84,1
Bangalore,21,194103,8.41,6,Night,62,Male,Knife,92,1
Bhopal,24,47921,2.19,5,Afternoon,22,Female,Rod,7,0
Lucknow,38,38460,4.0,7,Afternoon,68,Female,None,5,0
Bhopal,4,162143,7.2,6,Morning,33,Female,Gun,57,1
Delhi,24,189354,11.04,7,Morning,43,Female,None,68,0
Patna,35,101725,16.1,2,Morning,27,Male,Rod,48,1
Delhi,3,68445,14.66,1,Morning,27,Female,Gun,51,1
Jaipur,4,92208,10.85,7,Night,51,Male,Gun,42,1
Patna,37,195888,3.18,9,Night,44,Male,None,67,0
Patna,40,116283,6.57,2,Night,26,Female,Rod,85,1
Delhi,48,95779,7.87,7,Evening,68,Female,None,45,0
Mumbai,35,13060,11.95,3,Morning,21,Female,Rod,25,0
Delhi,31,135806,3.04,6,Morning,36,Male,Rod,49,0
Bhopal,44,23731,10.48,3,Night,25,Male,Knife,17,0
Mumbai,25,87830,16.42,10,Afternoon,47,Male,Gun,70,1
Bhopal,40,125871,13.29,11,Afternoon,62,Female,Rod,70,1
Jaipur,13,30719,14.75,11,Morning,48,Female,None,47,0
Lucknow,4,188114,12.91,11,Morning,32,Female,None,66,0
Hyderabad,46,59116,5.31,5,Night,18,Female,Knife,93,1
Mumbai,14,36325,3.77,2,Morning,58,Female,Knife,52,0
Jaipur,13,163669,15.27,8,Afternoon,33,Female,Knife,30,0
Bangalore,27,24551,13.13,8,Afternoon,25,Female,Gun,65,1
Jaipur,6,103287,11.2,7,Morning,68,Male,Knife,66,1
Delhi,17,34278,5.03,6,Night,56,Male,Gun,86,1
Delhi,36,25141,11.65,1,Night,54,Male,Knife,18,0
Hyderabad,40,77913,2.5,8,Afternoon,58,Male,Gun,58,0
Jaipur,49,43615,3.9,1,Night,23,Female,Rod,45,0
Kolkata,35,132058,6.99,8,Afternoon,49,Female,Knife,64,0
Lucknow,17,122684,9.1,11,Morning,52,Female,Gun,13,0
Delhi,41,37452,3.93,2,Afternoon,56,Male,Rod,48,0
Hyderabad,2,163797,3.92,8,Morning,48,Female,Knife,60,0
Lucknow,13,60391,13.61,10,Night,64,Male,Rod,7,0
Jaipur,2,130288,11.12,4,Evening,25,Male,Knife,63,1
Jaipur,28,123535,10.54,7,Evening,55,Male,None,77,1
Patna,43,152770,9.24,5,Evening,33,Female,Gun,17,0
Hyderabad,26,96711,17.62,8,Afternoon,40,Female,None,34,0
Delhi,22,87850,2.8,6,Evening,57,Male,Gun,57,0
Kolkata,47,119733,4.89,5,Afternoon,56,Male,None,84,0
Jaipur,43,12365,12.36,1,Night,51,Female,Knife,55,1
Kolkata,3,107662,4.18,3,Morning,17,Male,None,46,0
Jaipur,35,53372,11.43,10,Evening,34,Female,Knife,30,0
Delhi,12,54134,11.08,9,Afternoon,25,Male,Gun,63,1
Lucknow,24,47823,17.54,9,Night,64,Female,Knife,73,1
Chennai,5,81158,16.13,5,Night,18,Male,None,83,1
Lucknow,20,106076,17.13,3,Evening,68,Female,Rod,7,0
Jaipur,39,143021,3.82,6,Night,34,Male,Gun,45,0
Bhopal,39,59396,15.89,5,Night,66,Female,Rod,5,0
Chennai,13,118336,4.07,1,Night,41,Male,Rod,69,1
Chennai,41,41912,12.13,2,Afternoon,69,Female,Rod,74,1
Kolkata,45,66947,13.52,5,Night,66,Male,Rod,79,1
Hyderabad,12,54387,4.57,9,Night,66,Male,Rod,54,0
Kolkata,13,26508,12.12,4,Night,62,Male,None,84,1
Kolkata,10,55592,2.84,9,Night,40,Male,Knife,92,1
Bhopal,33,119249,6.69,3,Night,65,Male,Knife,63,1
Lucknow,40,11919,16.74,1,Afternoon,32,Male,Rod,78,1
Lucknow,16,52595,4.75,6,Night,25,Female,None,67,0
Bangalore,45,150689,3.04,10,Night,61,Female,Rod,29,0
Jaipur,35,43298,9.1,7,Morning,66,Male,Rod,14,0
Bhopal,3,148001,15.61,4,Night,65,Female,Gun,81,1
Bangalore,5,24456,3.23,10,Night,26,Male,None,5,0
Delhi,26,119599,7.69,5,Afternoon,26,Male,Rod,18,0
Jaipur,11,96676,16.4,4,Night,27,Female,Knife,25,1
Jaipur,7,93721,3.89,3,Afternoon,55,Male,Gun,62,1
Patna,10,47924,6.97,1,Evening,63,Male,Rod,42,0
Patna,42,34240,14.45,6,Night,23,Female,Rod,5,0
Mumbai,34,97381,10.69,10,Morning,39,Male,Rod,88,1
Mumbai,3,19228,15.32,5,Afternoon,29,Male,None,9,0
Kolkata,8,31686,3.79,11,Evening,38,Female,Rod,48,0
Delhi,31,21920,16.73,1,Morning,65,Female,Knife,69,1
Chennai,11,17432,16.96,5,Afternoon,68,Male,Gun,61,1
Chennai,45,120507,4.49,6,Evening,69,Male,None,49,0
Patna,7,140509,2.54,10,Morning,51,Male,Gun,64,0
Patna,45,81725,17.84,5,Night,32,Male,Knife,70,1
Patna,2,174982,9.72,1,Morning,60,Male,Rod,51,0
Bhopal,6,131764,11.15,5,Morning,20,Male,None,30,0
Hyderabad,41,171298,11.85,10,Morning,18,Male,Rod,13,0
Mumbai,32,69099,14.63,1,Afternoon,24,Female,None,55,1
Bhopal,20,122557,14.99,11,Night,35,Male,Rod,12,0
Lucknow,34,96760,5.1,3,Night,65,Male,Knife,9,0
Chennai,16,28013,5.79,2,Afternoon,35,Female,Knife,43,0
Jaipur,25,31446,16.03,1,Morning,66,Male,Rod,72,1
Mumbai,12,115209,15.11,4,Night,34,Male,Knife,44,1
Bangalore,7,112261,11.88,2,Morning,36,Female,Rod,40,0
Lucknow,39,105739,17.92,5,Night,31,Male,None,25,0
Mumbai,17,10557,13.76,10,Afternoon,48,Female,Knife,30,0
Bhopal,45,171738,5.45,1,Evening,20,Female,None,79,1
Delhi,11,178461,15.55,10,Morning,39,Female,Rod,89,1
Jaipur,6,188772,8.64,1,Night,30,Female,None,90,1
Mumbai,23,140878,2.58,11,Night,41,Female,Gun,60,0
Hyderabad,27,109143,7.14,10,Night,59,Female,Rod,61,0
Patna,46,34578,14.22,4,Afternoon,40,Female,Knife,63,1
Patna,6,84779,17.36,7,Afternoon,43,Male,Knife,11,0
Jaipur,38,150668,6.42,2,Evening,48,Female,Gun,46,1
Bhopal,2,67500,5.94,2,Afternoon,61,Female,Rod,17,0
Patna,22,82534,11.02,1,Morning,33,Male,Rod,88,1
Mumbai,20,20129,14.99,5,Afternoon,33,Male,Rod,83,1
Bangalore,25,21596,13.94,6,Night,53,Female,Rod,38,0
Chennai,15,75355,10.96,6,Morning,48,Female,None,57,0
Chennai,49,22974,12.1,2,Afternoon,42,Female,Rod,50,1
Lucknow,29,122004,5.87,7,Morning,64,Female,None,61,0
Kolkata,8,136794,8.92,6,Morning,65,Male,None,65,0
Delhi,37,80202,6.09,8,Afternoon,30,Male,Knife,93,1
Jaipur,49,84442,16.15,6,Morning,59,Female,Rod,60,1
Lucknow,33,162890,3.8,9,Night,28,Male,None,33,0
Kolkata,22,184318,12.88,10,Night,67,Male,Rod,18,0
Bhopal,47,65598,6.16,2,Afternoon,49,Male,Gun,72,1
Hyderabad,5,143726,9.61,7,Afternoon,19,Male,None,75,1
Hyderabad,39,43758,6.79,5,Night,50,Female,Knife,17,0
Delhi,18,34204,7.17,1,Afternoon,34,Male,Rod,21,0
Patna,38,137309,6.17,3,Night,46,Male,Knife,33,0
Mumbai,37,176000,14.04,4,Morning,40,Female,None,85,1
Lucknow,30,194681,7.85,2,Afternoon,55,Male,None,87,1
Lucknow,31,40552,13.62,7,Evening,27,Female,Knife,94,1
Jaipur,10,151408,9.3,1,Night,27,Female,Rod,77,1
Jaipur,15,57037,10.76,3,Night,57,Male,None,6,0
Hyderabad,42,157278,10.69,9,Morning,40,Male,Gun,66,1
Hyderabad,48,44831,17.61,11,Evening,48,Female,Knife,24,0
Bangalore,44,53563,7.87,2,Evening,52,Male,None,91,1
Bangalore,18,28361,5.32,5,Evening,43,Female,Rod,86,1
Patna,23,51335,16.59,4,Night,67,Female,None,60,1
Bangalore,33,84469,4.8,3,Night,58,Male,Rod,94,1
Mumbai,16,35816,15.35,5,Evening,24,Female,Rod,56,1
Mumbai,38,156691,4.4,6,Afternoon,29,Female,None,29,0
Lucknow,35,102479,12.54,1,Evening,18,Male,Gun,66,1
Chennai,34,36819,4.41,2,Morning,20,Male,Rod,21,0
Mumbai,28,152813,16.77,1,Evening,41,Female,Knife,43,1
Kolkata,2,132330,11.04,3,Evening,68,Male,Rod,14,0
Hyderabad,30,18798,7.27,8,Evening,56,Female,Rod,63,0
Jaipur,13,166215,4.25,8,Afternoon,33,Male,Gun,29,0
Bangalore,41,59695,7.94,4,Evening,53,Female,Rod,32,0
Lucknow,16,173819,13.28,6,Evening,36,Male,None,94,1
Delhi,5,139544,8.16,9,Night,54,Male,Gun,80,1
Jaipur,28,162254,5.94,7,Evening,31,Male,Rod,65,0
Kolkata,39,19415,11.24,2,Morning,55,Male,None,62,1
Bangalore,45,152157,8.69,11,Night,38,Male,None,48,0
Kolkata,20,156080,4.65,2,Afternoon,44,Female,Rod,87,1
Hyderabad,24,97638,4.46,3,Night,25,Female,Knife,27,0
Hyderabad,27,28452,13.32,8,Afternoon,20,Male,Knife,82,1
Patna,30,149192,17.59,10,Afternoon,26,Female,Rod,21,0
Lucknow,45,120205,5.73,9,Morning,44,Male,Rod,83,0
Jaipur,27,28170,14.37,3,Evening,68,Female,None,89,1
Bhopal,26,26259,3.4,9,Morning,60,Female,Rod,42,0
Bhopal,7,32099,8.11,10,Night,42,Female,Rod,34,0
Jaipur,42,150721,10.11,8,Afternoon,67,Male,None,23,0
Delhi,47,139394,6.3,5,Night,49,Male,Rod,36,0
Lucknow,38,69258,10.47,11,Afternoon,29,Female,Rod,90,1
Kolkata,5,182109,16.12,10,Night,56,Female,Rod,24,0
Delhi,23,21805,17.11,3,Afternoon,57,Female,None,68,1
Chennai,28,53147,3.61,11,Morning,25,Female,Rod,40,0
Jaipur,34,84280,6.35,7,Afternoon,57,Male,Knife,69,1
Kolkata,15,187125,17.67,9,Evening,66,Male,Rod,87,1
Bhopal,32,116777,6.33,6,Morning,26,Female,Knife,47,0
Mumbai,26,107841,13.08,3,Evening,26,Male,Rod,30,0
Patna,48,134726,6.06,5,Night,50,Female,None,11,0
Bhopal,31,138359,7.7,7,Night,34,Male,Knife,38,0
Lucknow,19,86215,5.06,8,Afternoon,39,Female,Rod,40,0
Hyderabad,9,122909,15.7,4,Afternoon,69,Male,Rod,10,0
Mumbai,29,105365,16.12,2,Night,16,Female,Rod,41,1
Patna,39,20985,6.75,10,Morning,27,Male,Rod,66,0
Patna,4,22391,15.18,2,Evening,62,Female,None,90,1
Chennai,3,14861,7.73,3,Night,29,Male,Gun,77,1
Chennai,29,193000,3.58,8,Morning,18,Female,Knife,64,0
Bangalore,11,44364,14.13,1,Evening,67,Female,Rod,68,1
Bhopal,33,92399,11.54,7,Afternoon,60,Male,None,54,0
Bhopal,38,52923,6.39,6,Morning,65,Male,Gun,56,1
Bhopal,11,148991,6.05,2,Morning,47,Male,None,21,0
Bangalore,27,196968,17.61,9,Night,31,Female,Rod,64,1
Delhi,33,95818,15.8,5,Evening,53,Female,Gun,81,1
Patna,21,188468,14.96,2,Night,25,Female,Knife,85,1
Mumbai,39,175912,4.05,3,Afternoon,32,Male,Knife,58,0
Lucknow,31,183327,14.08,7,Afternoon,64,Female,None,14,0
Patna,38,81160,5.43,7,Evening,55,Male,Knife,29,0
Chennai,46,138165,17.64,10,Evening,19,Female,Knife,22,0
Kolkata,2,149248,2.83,1,Evening,30,Female,Gun,68,1
Hyderabad,27,43529,7.63,10,Night,48,Female,Knife,83,1
Bangalore,36,197478,8.86,11,Evening,54,Male,Gun,63,1
Jaipur,11,154013,15.19,11,Evening,25,Female,Gun,31,1
Kolkata,47,11669,14.26,4,Night,22,Female,Gun,62,1
Lucknow,18,127373,8.0,6,Afternoon,48,Male,Knife,65,1
Bhopal,1,54859,11.05,8,Afternoon,32,Female,None,87,1
Chennai,35,65786,15.37,3,Morning,27,Male,None,83,1
Chennai,35,192155,2.29,3,Afternoon,32,Female,Knife,75,1
Chennai,31,181148,14.83,8,Evening,62,Female,Gun,47,1
Bhopal,28,30323,17.15,8,Afternoon,31,Male,Knife,84,1
Jaipur,39,16021,2.51,8,Night,29,Female,Rod,92,1
Bangalore,1,49807,2.73,1,Afternoon,18,Male,None,91,1
Kolkata,25,138305,7.51,8,Afternoon,66,Male,Gun,15,0
Bhopal,43,60355,3.4,8,Morning,59,Female,Knife,92,1
Lucknow,38,123415,9.67,2,Morning,66,Female,Gun,9,0
Bangalore,20,185804,13.66,9,Evening,65,Female,Rod,62,1
Lucknow,3,18711,11.07,7,Night,45,Female,Gun,43,1
Bangalore,2,17904,5.14,8,Evening,61,Female,Rod,52,0
Jaipur,18,74033,12.48,2,Night,67,Male,None,84,1
Hyderabad,44,96478,12.96,4,Night,56,Male,Gun,24,1
Lucknow,10,130035,16.92,7,Morning,50,Male,Knife,85,1
Bhopal,5,196168,4.35,6,Afternoon,41,Male,Gun,23,0
Bangalore,9,13093,13.08,7,Afternoon,27,Male,Gun,64,1
Chennai,2,34918,16.58,1,Morning,46,Female,Rod,30,0
Patna,34,199878,10.03,8,Evening,67,Male,Rod,83,1
Chennai,38,150466,7.79,7,Afternoon,32,Male,Knife,29,0
Delhi,31,134501,4.73,4,Evening,52,Female,None,19,0
Hyderabad,10,102510,15.87,1,Afternoon,23,Female,None,88,1
Hyderabad,12,103708,8.31,8,Evening,34,Female,Rod,25,0
Chennai,36,107819,16.8,10,Night,41,Female,Knife,51,1
Kolkata,21,154352,15.56,7,Night,19,Male,Gun,39,1
Jaipur,49,46303,8.03,8,Afternoon,30,Female,Knife,48,0
Lucknow,47,37453,11.18,10,Evening,66,Male,Knife,10,0
Bhopal,6,118886,2.43,1,Evening,62,Female,Knife,79,1
Hyderabad,48,70695,6.21,5,Night,29,Female,None,27,0
Chennai,49,166837,13.36,9,Evening,45,Male,Gun,43,1
Chennai,3,143412,12.85,5,Morning,63,Male,Knife,77,1
Jaipur,10,48057,7.65,10,Evening,57,Female,None,22,0
Jaipur,5,141669,14.94,3,Night,39,Male,None,44,1
Mumbai,46,199060,5.77,9,Morning,61,Female,Rod,40,0
Mumbai,26,104655,9.38,9,Morning,67,Female,Gun,32,0
Kolkata,21,25025,9.56,4,Evening,58,Male,Knife,68,1
Kolkata,45,17145,7.45,4,Night,49,Male,Gun,87,1
Delhi,26,111206,17.27,11,Night,34,Male,Rod,62,1
Kolkata,38,196869,13.15,8,Night,18,Female,Rod,42,0
Bangalore,44,51723,10.63,7,Morning,19,Male,Knife,83,1
Jaipur,26,83230,10.17,11,Night,26,Male,None,48,0
Bhopal,8,145902,4.55,5,Morning,28,Female,Rod,80,0
Bangalore,5,165002,7.95,6,Morning,65,Male,None,6,0
Lucknow,15,164824,12.76,3,Afternoon,33,Male,Rod,77,1
Chennai,16,118138,16.79,6,Evening,34,Male,Gun,39,1
Kolkata,1,72040,15.06,8,Night,59,Male,Knife,5,0
Chennai,16,118668,6.81,10,Morning,48,Female,Rod,50,0
Hyderabad,37,65030,8.94,11,Evening,53,Male,Gun,64,1
Delhi,3,66815,3.33,9,Morning,18,Female,Rod,67,0
Hyderabad,47,122789,3.63,3,Evening,64,Female,Knife,49,0
Delhi,31,176762,9.52,8,Morning,50,Male,Gun,61,1
Mumbai,13,67923,10.48,3,Night,16,Female,None,41,0
Chennai,16,177644,6.22,2,Afternoon,50,Male,Rod,11,0
Delhi,43,195102,12.28,5,Afternoon,51,Female,Rod,20,0
Patna,21,77904,13.25,4,Afternoon,53,Male,Gun,54,1
Bangalore,2,170275,6.79,5,Morning,54,Female,Knife,18,0
Delhi,27,87088,14.13,6,Evening,40,Female,Rod,10,0
Delhi,38,15608,5.29,3,Night,55,Female,Gun,65,1
Bangalore,26,55667,10.71,1,Night,28,Female,Knife,25,0
Chennai,38,65547,14.87,4,Morning,19,Female,Rod,14,0
Chennai,46,163557,10.59,6,Afternoon,21,Female,Gun,36,1
Bangalore,25,150934,16.53,2,Morning,26,Male,Knife,10,0
Hyderabad,11,138391,2.94,2,Evening,16,Female,Rod,6,0
Patna,8,85948,11.41,1,Afternoon,23,Male,Rod,43,0
Bhopal,8,81880,10.99,9,Morning,69,Female,Knife,53,0
Lucknow,33,67560,12.57,3,Evening,49,Male,Knife,31,0
Patna,7,125063,15.33,2,Afternoon,55,Female,Gun,60,1
Chennai,38,104218,13.61,4,Night,67,Female,Rod,18,0
Bhopal,21,124462,14.64,6,Evening,24,Female,Rod,27,0
Mumbai,8,169487,6.62,1,Night,51,Female,Gun,89,1
Kolkata,21,160395,8.2,9,Evening,64,Female,Rod,55,0
Delhi,20,194286,12.03,9,Afternoon,54,Female,Rod,29,0
Bangalore,8,27997,10.86,8,Morning,57,Female,Rod,57,0
Bangalore,46,131266,17.38,6,Morning,52,Female,None,92,1
Delhi,31,198075,4.99,4,Morning,57,Male,Knife,15,0
Kolkata,29,13679,7.62,2,Morning,59,Male,None,39,0
Lucknow,48,50308,11.16,8,Evening,36,Female,None,59,0
Kolkata,9,180914,15.89,7,Morning,35,Male,Knife,62,1
Bhopal,15,195010,16.87,4,Morning,53,Female,None,72,1
Kolkata,30,15695,7.38,3,Evening,16,Male,Gun,41,1
Bhopal,26,68499,3.07,6,Evening,50,Female,None,81,0
Kolkata,10,33382,8.75,1,Afternoon,43,Male,Gun,13,0
Lucknow,29,24235,8.31,2,Evening,22,Male,Knife,32,0
Lucknow,16,143438,17.78,7,Night,58,Female,Rod,59,1
Chennai,36,168539,8.9,11,Afternoon,59,Male,Knife,50,0
Delhi,20,122468,6.89,3,Afternoon,24,Female,Knife,84,1
Lucknow,45,16764,7.85,1,Morning,16,Female,None,74,1
Bhopal,37,123831,8.35,2,Morning,51,Male,Knife,31,0
Lucknow,22,71836,15.14,10,Night,49,Female,Knife,14,0
Chennai,7,41923,3.3,10,Morning,49,Male,Gun,27,0
Bangalore,23,105711,7.06,9,Evening,32,Male,Rod,25,0
Bhopal,41,26292,17.46,7,Evening,68,Male,None,94,1
Chennai,40,134913,4.45,7,Morning,47,Male,Rod,49,0
Hyderabad,29,142686,13.88,10,Morning,17,Male,Rod,7,0
Hyderabad,16,30939,7.7,8,Evening,51,Male,Rod,63,0
Mumbai,38,28800,11.31,8,Afternoon,40,Female,None,47,0
Kolkata,28,66440,3.59,9,Night,58,Male,Knife,11,0
Delhi,48,164318,6.9,2,Night,66,Male,Rod,31,0
Jaipur,38,137521,10.01,8,Afternoon,41,Male,None,66,0
Patna,31,193877,5.71,8,Night,60,Female,Knife,46,0
Chennai,14,131327,10.67,5,Morning,69,Female,Rod,8,0
Bangalore,33,59648,5.52,5,Morning,41,Female,Gun,94,1
Patna,9,125192,12.4,4,Morning,36,Male,None,66,1
Bangalore,27,197923,16.47,5,Night,33,Male,Rod,12,0
Patna,24,172760,3.37,2,Afternoon,44,Male,None,88,1
Chennai,13,103498,5.47,2,Morning,66,Female,Gun,21,0
Jaipur,26,39764,15.51,5,Afternoon,39,Female,None,9,0
Patna,29,42470,12.1,11,Evening,62,Female,Knife,67,1
Chennai,49,179573,3.26,3,Evening,43,Male,Rod,13,0
Lucknow,43,67207,9.78,1,Evening,27,Male,None,12,0
Jaipur,28,72157,5.36,9,Night,26,Female,None,11,0
Bhopal,28,144288,5.19,2,Night,42,Male,Rod,41,0
Bangalore,8,163144,17.05,10,Morning,38,Female,Gun,59,1
Hyderabad,23,103778,14.18,2,Evening,48,Female,Gun,71,1
Kolkata,29,140016,13.14,4,Afternoon,31,Female,Rod,12,0
Hyderabad,5,134288,5.82,2,Night,43,Male,Rod,73,1
Jaipur,42,178204,3.9,7,Afternoon,43,Female,Knife,9,0
Bhopal,7,120573,15.93,10,Afternoon,60,Female,None,21,0
Bangalore,42,130730,2.09,1,Morning,53,Male,None,62,0
Bhopal,36,158933,8.21,11,Morning,21,Male,Gun,67,1
Patna,41,74186,6.44,2,Afternoon,57,Female,Knife,31,0
Bangalore,27,14960,11.13,11,Afternoon,44,Male,None,80,1
Patna,46,28781,6.01,5,Afternoon,49,Male,Knife,72,1
Chennai,2,41126,6.98,2,Afternoon,18,Male,Rod,32,0
Jaipur,25,163650,15.6,9,Evening,21,Male,None,93,1
Chennai,9,116034,11.65,4,Afternoon,63,Female,Rod,62,1
Mumbai,27,27883,4.33,9,Night,53,Male,Gun,54,0
Bhopal,1,39782,13.62,11,Morning,28,Female,Gun,71,1
Patna,23,66387,5.32,1,Night,51,Male,Rod,35,0
Lucknow,10,158051,8.93,1,Morning,30,Male,Gun,16,0
Chennai,42,43746,12.35,1,Morning,21,Female,Rod,59,1
Mumbai,25,76266,6.35,4,Morning,48,Male,Rod,8,0
Delhi,3,10056,8.15,9,Night,56,Male,Rod,46,0
Hyderabad,6,41457,13.75,8,Morning,27,Female,Gun,58,1
Bangalore,6,143315,17.01,7,Afternoon,58,Female,Gun,26,1
Mumbai,2,196103,10.47,1,Afternoon,28,Female,Gun,5,0
Jaipur,18,142773,2.16,3,Evening,48,Male,Rod,52,0
Chennai,23,197453,7.42,9,Evening,66,Male,Knife,47,0
Jaipur,2,191510,8.38,9,Evening,43,Male,Gun,24,0
Hyderabad,12,83839,7.43,5,Afternoon,68,Female,Knife,22,0
Lucknow,22,90636,8.98,6,Night,51,Male,Gun,74,1
Bhopal,37,117697,12.12,11,Evening,20,Female,None,53,0
Bhopal,20,76483,3.94,6,Afternoon,40,Female,None,80,0
Jaipur,39,30505,6.36,10,Morning,32,Female,None,21,0
Patna,24,147625,10.12,4,Night,52,Female,Knife,57,1
Lucknow,48,43525,7.05,1,Night,34,Female,Gun,26,0
Bhopal,20,106008,17.86,5,Afternoon,50,Male,Rod,86,1
Lucknow,1,54348,8.9,1,Afternoon,58,Female,Knife,14,0
Mumbai,1,17273,15.92,1,Morning,49,Female,Gun,28,1
Lucknow,17,74236,16.34,11,Morning,69,Female,None,88,1
Kolkata,1,144607,15.38,5,Morning,61,Female,Knife,16,0
Hyderabad,45,159749,2.75,5,Night,21,Male,Gun,8,0
Bhopal,30,117157,17.16,7,Night,34,Male,Rod,46,1
Lucknow,41,10908,4.06,2,Evening,16,Male,Knife,9,0
Jaipur,47,118352,2.55,6,Evening,22,Female,Rod,30,0
Delhi,3,105967,8.63,2,Evening,49,Male,Knife,63,1
Kolkata,46,98989,5.11,10,Night,34,Male,None,66,0
Kolkata,11,45079,4.95,5,Morning,48,Female,None,84,0
Patna,24,121889,6.61,4,Evening,41,Female,None,9,0
Lucknow,22,59323,5.97,11,Morning,56,Female,Rod,30,0
Patna,44,186392,12.96,10,Morning,68,Female,None,87,1
Patna,45,99909,4.99,5,Morning,64,Female,Rod,10,0
Delhi,26,56105,10.69,2,Evening,57,Male,Rod,28,0
Mumbai,13,171236,17.78,8,Evening,42,Male,Rod,57,1
Lucknow,1,142957,8.92,8,Morning,53,Male,None,11,0
Chennai,24,198891,12.27,6,Evening,41,Male,Gun,14,0
Bhopal,10,11049,17.51,3,Afternoon,50,Male,Rod,43,1
Patna,35,63281,4.2,4,Evening,35,Female,Gun,90,1
Hyderabad,24,53271,8.7,1,Morning,39,Male,Rod,82,1
Bangalore,28,76697,15.6,9,Morning,62,Male,None,32,0
Hyderabad,36,46534,16.92,10,Night,36,Male,None,46,0
Delhi,16,103034,11.62,5,Night,69,Male,None,66,1
Delhi,40,68097,4.29,8,Morning,41,Male,Knife,56,0
Jaipur,16,194885,16.42,3,Afternoon,35,Female,None,26,0
Mumbai,17,35037,4.79,4,Night,21,Female,Gun,61,1
Bhopal,15,177079,7.65,4,Morning,18,Male,Rod,15,0
Patna,16,37278,8.01,8,Night,25,Female,Gun,18,0
Hyderabad,15,149344,9.16,9,Night,27,Male,Knife,35,0
Bangalore,34,198255,14.64,3,Morning,48,Male,Gun,8,0
Delhi,11,109173,14.83,7,Evening,37,Female,Rod,26,0
Delhi,1,48294,13.51,9,Afternoon,31,Female,Rod,68,1
Mumbai,15,83277,2.35,2,Evening,32,Female,None,81,0
Bangalore,26,14694,11.04,4,Morning,25,Male,Knife,88,1
Bangalore,4,68150,13.96,3,Morning,27,Male,Knife,87,1
Mumbai,43,77470,9.11,8,Afternoon,34,Male,Gun,83,1
Delhi,5,31556,17.12,4,Morning,55,Female,None,94,1
Bhopal,35,190927,15.18,9,Night,38,Female,None,88,1
Lucknow,13,59086,12.21,1,Afternoon,55,Male,None,65,1
Lucknow,10,159979,3.0,1,Evening,25,Female,Rod,10,0
Mumbai,11,189559,12.44,4,Afternoon,25,Female,Knife,83,1
Bangalore,18,170230,16.59,3,Evening,65,Male,Gun,72,1
Patna,34,161365,8.07,3,Morning,25,Female,Gun,10,0
Mumbai,39,186833,15.41,10,Evening,54,Female,Gun,70,1
Bhopal,41,109468,7.01,2,Evening,45,Male,None,40,0
Mumbai,42,43387,11.12,10,Evening,19,Male,Knife,19,0
Kolkata,23,181822,12.37,10,Afternoon,16,Male,Knife,80,1
Hyderabad,7,78602,12.85,2,Night,58,Female,Rod,44,1
Bangalore,39,162328,16.12,8,Evening,34,Male,Rod,45,1
Jaipur,3,146666,5.75,1,Afternoon,20,Female,Rod,11,0
Jaipur,12,12460,6.2,8,Afternoon,45,Male,Gun,26,0
Bangalore,7,82356,13.26,10,Night,41,Male,Gun,76,1
Bhopal,49,64698,4.84,3,Afternoon,55,Male,Knife,15,0
Kolkata,26,111746,9.43,2,Morning,49,Female,Rod,6,0
Kolkata,33,26191,2.32,9,Morning,17,Male,Gun,34,0
Delhi,37,94631,4.26,5,Morning,39,Male,Rod,72,0
Hyderabad,48,20529,12.86,5,Night,29,Female,Rod,57,1
Lucknow,15,42175,13.96,6,Afternoon,56,Female,Knife,93,1
Chennai,2,27675,3.85,4,Morning,57,Male,Knife,25,0
Bhopal,41,184230,5.64,7,Evening,28,Male,Gun,29,0
Chennai,7,56798,3.58,7,Afternoon,44,Male,Knife,77,0
Chennai,32,80910,8.93,11,Morning,16,Female,Rod,76,0
Bangalore,4,140400,4.02,9,Afternoon,61,Female,Knife,9,0
Jaipur,20,167048,9.0,6,Morning,49,Male,Rod,70,1
Jaipur,36,88678,13.71,1,Evening,19,Male,Rod,89,1
Lucknow,32,72821,12.93,9,Afternoon,43,Male,Gun,53,1
Bangalore,28,22204,6.49,10,Morning,34,Male,Gun,12,0
Chennai,13,196737,12.78,9,Morning,16,Female,Gun,91,1
Patna,1,17394,16.84,5,Evening,51,Female,Rod,83,1
Jaipur,35,74814,7.56,7,Evening,58,Female,Knife,31,0
Bhopal,48,43593,7.27,1,Morning,28,Male,Gun,6,0
Bhopal,30,183036,11.14,4,Morning,65,Male,Gun,32,1
Delhi,36,125064,5.93,10,Night,57,Female,Knife,15,0
Mumbai,25,63365,12.43,4,Night,20,Male,Knife,50,1
Patna,16,141515,15.32,5,Afternoon,48,Female,Gun,25,1
Jaipur,19,169252,9.35,6,Afternoon,29,Male,Rod,46,0
Kolkata,1,189863,12.87,4,Night,31,Male,Rod,36,0
Jaipur,5,184737,12.43,6,Morning,47,Male,Gun,36,1
Delhi,22,113700,2.62,10,Evening,65,Female,Knife,75,0
Bhopal,24,107077,4.93,7,Afternoon,42,Male,Rod,26,0
Chennai,43,144537,16.3,3,Morning,50,Male,Knife,82,1
Kolkata,45,78247,17.02,9,Evening,18,Female,None,81,1
Bangalore,37,192631,14.49,8,Evening,19,Male,Knife,25,0
Hyderabad,36,166270,16.74,1,Morning,22,Male,Knife,26,1
Chennai,36,64740,6.9,2,Morning,28,Female,None,38,0
Hyderabad,4,163560,5.96,2,Afternoon,56,Male,Rod,14,0
Patna,36,179587,8.15,10,Night,18,Female,Rod,69,0
Mumbai,18,37898,2.89,9,Morning,32,Male,Rod,69,0
Kolkata,16,142991,14.96,9,Night,62,Male,Gun,92,1
Lucknow,41,191142,17.75,9,Afternoon,25,Female,None,71,1
Kolkata,18,72613,15.18,1,Night,62,Male,Knife,47,1
Jaipur,22,106707,10.88,7,Night,16,Female,None,45,0
Bhopal,2,121777,6.72,11,Evening,43,Male,None,17,0
Jaipur,21,57003,5.16,3,Afternoon,69,Female,None,8,0
Jaipur,36,58478,7.83,11,Morning,68,Male,None,27,0
Patna,44,155506,12.67,9,Night,25,Male,None,74,1
Chennai,39,187318,9.15,8,Afternoon,22,Male,None,38,0
Lucknow,47,177721,16.94,3,Evening,54,Male,Gun,45,1
Lucknow,39,69030,15.67,1,Evening,18,Male,None,22,0
Jaipur,29,194133,3.64,9,Night,22,Female,None,94,1
Hyderabad,26,143071,4.1,10,Night,24,Male,Rod,37,0
Patna,21,155921,12.82,1,Morning,55,Female,None,29,0
Jaipur,17,62800,5.69,3,Afternoon,50,Female,None,56,0
Mumbai,16,15445,14.66,6,Morning,41,Male,Rod,21,0
Bhopal,31,159112,11.46,6,Morning,20,Male,Rod,55,0
Chennai,9,10246,5.68,11,Evening,28,Male,Rod,7,0
Bangalore,31,41153,9.66,10,Afternoon,60,Female,Knife,59,0
Mumbai,14,15212,8.5,4,Morning,45,Male,None,90,1
Hyderabad,49,144411,15.97,2,Evening,55,Male,None,60,1
Kolkata,37,66238,2.51,10,Night,65,Male,None,39,0
Kolkata,2,160466,16.33,6,Morning,54,Male,Rod,72,1
Mumbai,48,63871,12.43,10,Night,25,Male,Gun,63,1
Jaipur,46,110672,13.8,5,Afternoon,57,Male,None,63,1
Bangalore,14,44607,2.04,6,Morning,38,Female,Rod,17,0
Delhi,33,62055,12.05,7,Night,26,Male,Rod,66,1
Delhi,35,114509,11.42,11,Night,27,Female,Rod,51,0
Hyderabad,39,145467,10.6,9,Afternoon,28,Female,Knife,80,1
Jaipur,47,137378,14.57,7,Evening,55,Male,Rod,7,0
Lucknow,20,156362,10.89,4,Evening,64,Male,Gun,25,0
Lucknow,2,97687,15.71,10,Morning,61,Female,Knife,69,1
Chennai,41,75078,5.72,5,Night,64,Male,Rod,22,0
Bangalore,19,144763,14.9,6,Evening,66,Male,Gun,17,0
Bangalore,37,148542,4.87,9,Morning,31,Male,Gun,75,1
Kolkata,18,144913,15.01,5,Night,24,Male,None,81,1
Patna,16,112652,17.05,5,Morning,67,Female,Rod,85,1
Hyderabad,4,73197,7.37,7,Afternoon,25,Female,Rod,49,0
Delhi,12,65773,10.48,2,Morning,44,Female,None,66,1
Hyderabad,29,158848,12.53,3,Afternoon,24,Male,Gun,34,1
Lucknow,7,128943,3.27,2,Night,48,Female,Rod,79,1
Lucknow,14,37584,9.91,10,Night,39,Female,None,18,0
Mumbai,12,145372,7.77,10,Night,50,Female,None,57,0
Chennai,35,13338,15.96,2,Morning,26,Male,Gun,14,1
Bangalore,5,72601,16.03,3,Night,54,Male,Gun,76,1
Bhopal,17,146559,13.21,6,Night,65,Male,Rod,35,0
Hyderabad,42,46282,12.49,5,Afternoon,28,Male,Rod,10,0
Lucknow,32,125447,13.74,11,Night,38,Male,Knife,87,1
Patna,10,105798,7.86,5,Night,40,Female,Gun,23,0
Kolkata,43,140963,8.47,2,Night,65,Female,Knife,16,0
Delhi,17,118611,10.86,2,Evening,31,Male,Knife,68,1
Chennai,5,169876,17.01,1,Night,63,Male,None,86,1
Patna,45,150987,13.58,3,Morning,36,Female,None,59,1
Chennai,42,21158,10.82,11,Afternoon,25,Female,Rod,71,0
Mumbai,9,20547,14.33,7,Night,56,Male,Gun,13,0
Bhopal,49,98713,7.93,11,Morning,55,Male,Gun,10,0
Lucknow,33,12459,13.69,5,Afternoon,34,Male,Knife,5,0
Kolkata,36,169840,8.57,7,Afternoon,50,Female,Knife,46,0
Patna,36,73146,6.47,9,Morning,43,Female,Rod,59,0
Chennai,18,113577,11.76,6,Morning,56,Male,None,53,0
Bangalore,9,191942,12.99,2,Evening,17,Male,Gun,34,1
Mumbai,29,117761,9.35,1,Evening,66,Female,Gun,39,1
Bangalore,14,113727,11.05,1,Night,45,Female,Gun,67,1
Kolkata,25,60460,13.11,10,Evening,55,Female,Gun,26,0
Patna,15,92970,14.28,9,Morning,65,Male,None,47,0
Mumbai,6,179319,16.33,6,Evening,55,Male,Rod,32,0
Patna,42,25419,7.67,6,Afternoon,20,Male,Rod,22,0
Lucknow,29,45577,17.22,4,Morning,53,Male,None,36,0
Jaipur,15,12921,12.2,2,Night,57,Female,Rod,73,1
Mumbai,29,145748,14.6,10,Afternoon,30,Female,Rod,58,1
Bangalore,4,190756,13.2,3,Afternoon,51,Male,Knife,38,1
Kolkata,18,154535,5.29,3,Afternoon,18,Male,None,35,0
Bhopal,49,166546,3.14,8,Morning,39,Male,Rod,8,0
Lucknow,44,50935,13.62,6,Morning,56,Male,Knife,18,0
Jaipur,39,135534,10.18,7,Night,63,Male,None,19,0
Bhopal,16,199668,13.24,9,Evening,63,Male,None,64,1
Delhi,11,82828,9.63,1,Evening,62,Male,Gun,24,1
Lucknow,14,133649,7.0,2,Evening,56,Male,Knife,24,0
Kolkata,3,99062,6.56,9,Evening,64,Male,Knife,53,0
Chennai,42,65152,13.69,5,Afternoon,68,Male,Knife,72,1
Mumbai,38,106491,6.43,4,Morning,27,Female,None,22,0
Patna,45,96569,13.43,1,Evening,23,Female,Gun,28,1
Kolkata,42,82467,8.14,9,Afternoon,29,Female,None,31,0
Mumbai,18,193648,14.33,11,Morning,33,Female,Rod,37,0
Bhopal,20,166844,4.28,9,Morning,59,Male,Rod,68,0
Patna,48,157435,5.28,4,Morning,61,Female,Rod,29,0
Hyderabad,25,169562,12.97,9,Afternoon,35,Female,Gun,73,1
Bangalore,38,132537,10.96,10,Evening,38,Female,None,22,0
Delhi,13,63806,5.26,1,Morning,20,Female,Knife,49,0
Lucknow,4,141332,16.45,5,Afternoon,16,Female,Rod,24,0
Kolkata,14,85992,6.42,1,Morning,60,Male,Rod,39,0
Delhi,33,32320,8.74,4,Night,61,Female,None,10,0
Chennai,28,88971,5.24,5,Night,17,Female,Knife,79,1
Mumbai,37,183217,8.21,11,Afternoon,31,Male,Gun,13,0
Mumbai,8,58581,9.87,3,Evening,20,Female,Rod,56,1
Kolkata,44,103645,6.72,2,Evening,37,Male,Rod,32,0
Jaipur,34,30754,14.31,6,Morning,16,Female,Rod,23,0
Jaipur,44,79837,8.3,11,Evening,27,Male,Knife,89,1
Hyderabad,5,148279,13.67,3,Evening,34,Male,Rod,67,1
Bangalore,5,168992,5.31,10,Night,69,Male,Knife,11,0
Patna,31,133746,8.03,1,Afternoon,37,Female,Rod,41,0
Chennai,45,124780,2.13,11,Night,57,Female,Rod,93,0
Delhi,9,97081,14.14,5,Afternoon,59,Male,Knife,40,1
Jaipur,42,34016,12.01,2,Morning,66,Male,Knife,21,0
Hyderabad,32,70522,15.09,2,Night,63,Male,Gun,94,1
Hyderabad,33,130896,9.29,4,Afternoon,32,Male,None,41,0
Kolkata,3,195140,14.8,4,Evening,28,Male,Rod,85,1
Chennai,30,122099,12.36,4,Afternoon,54,Male,Rod,64,1
Bhopal,12,161174,2.06,7,Evening,43,Male,None,53,0
Patna,29,114429,6.06,1,Morning,18,Male,None,85,1
Bangalore,3,11924,9.9,8,Evening,20,Male,None,60,0
Lucknow,26,95015,11.9,10,Afternoon,51,Male,Rod,38,0
Kolkata,30,114987,3.05,9,Night,30,Female,Rod,91,1
Patna,9,64333,13.28,10,Afternoon,32,Male,Rod,34,0
Lucknow,26,187171,10.7,6,Night,59,Female,Knife,31,0
Lucknow,2,198418,10.41,4,Afternoon,61,Male,Gun,55,1
Chennai,3,136372,6.67,6,Afternoon,44,Female,Gun,13,0
Chennai,46,191134,11.52,10,Morning,19,Male,None,24,0
Delhi,4,141378,2.44,7,Evening,47,Female,None,91,0
Hyderabad,25,98495,3.04,6,Afternoon,64,Male,Rod,51,0
Patna,13,79767,13.74,11,Night,58,Male,Gun,23,0
Kolkata,39,114332,7.15,1,Evening,53,Male,Gun,72,1
Mumbai,44,153279,7.55,5,Morning,19,Female,Knife,81,1
Kolkata,35,49426,5.33,8,Evening,28,Male,Rod,16,0
Delhi,23,16336,9.13,8,Afternoon,35,Male,Rod,77,1
Bangalore,9,122200,2.83,10,Night,62,Male,Gun,83,1
Hyderabad,2,27256,6.81,9,Night,33,Female,Gun,89,1
Mumbai,41,190889,10.43,4,Evening,64,Female,Knife,83,1
Jaipur,44,43719,9.45,10,Night,66,Male,Knife,9,0
Bangalore,31,52017,17.99,6,Afternoon,57,Male,Rod,73,1
Chennai,44,55704,8.22,7,Night,52,Female,Knife,29,0
Lucknow,47,40013,8.19,5,Night,27,Female,Gun,92,1
Jaipur,2,89991,10.06,11,Night,40,Male,Rod,35,0
Kolkata,32,80258,5.04,8,Afternoon,45,Male,Gun,50,0
Kolkata,18,88348,16.02,3,Morning,30,Male,Rod,38,1
Chennai,13,177848,11.16,8,Night,51,Female,Rod,45,0
Delhi,46,20060,5.07,5,Morning,23,Female,Gun,82,1
Patna,5,147727,14.7,1,Evening,43,Male,Rod,72,1
Jaipur,42,59923,2.55,6,Evening,67,Female,Rod,91,1
Jaipur,44,88563,17.72,2,Afternoon,37,Female,Knife,42,1
Bhopal,10,145102,15.84,7,Afternoon,64,Male,Gun,50,1
Bangalore,43,99779,11.27,9,Afternoon,53,Male,Gun,73,1
Hyderabad,25,174361,3.78,3,Afternoon,31,Male,Knife,31,0
Bangalore,34,160811,5.44,10,Morning,20,Female,Rod,47,0
Patna,37,109704,6.47,4,Afternoon,61,Female,None,82,1
Kolkata,30,139157,5.86,4,Morning,49,Male,None,75,0
Kolkata,7,120234,9.96,4,Night,64,Female,Gun,49,1
Kolkata,6,71687,17.11,3,Night,53,Female,Knife,22,1
Bhopal,3,46491,9.11,5,Evening,26,Female,Rod,36,0
Kolkata,13,82115,12.59,9,Evening,17,Female,Knife,6,0
Patna,3,127935,13.02,11,Morning,40,Male,Rod,45,0
Chennai,26,93778,15.95,8,Afternoon,40,Female,Gun,24,1
Hyderabad,24,145853,2.54,10,Evening,16,Male,Gun,62,0
Patna,6,30448,8.47,2,Morning,46,Female,None,94,1
Hyderabad,43,61550,14.56,9,Evening,20,Male,Knife,42,0
Patna,49,59294,15.04,10,Afternoon,55,Female,Gun,5,0
Kolkata,42,31446,16.84,2,Morning,19,Male,Knife,73,1
Chennai,12,86579,13.24,7,Evening,66,Male,Gun,58,1
Jaipur,49,124679,5.92,5,Afternoon,20,Female,Rod,18,0
Bangalore,36,95615,10.09,7,Morning,20,Female,Rod,29,0
Lucknow,2,27101,2.52,5,Morning,31,Male,None,13,0
Chennai,11,38016,12.35,6,Morning,69,Female,Gun,87,1
Jaipur,39,160004,10.87,8,Night,33,Male,None,65,0
Delhi,34,185725,12.67,1,Morning,58,Male,None,56,1
Patna,26,100481,16.88,11,Evening,32,Male,Gun,12,0
Delhi,18,62802,13.0,1,Morning,50,Male,Gun,20,1
Jaipur,21,17549,7.13,5,Morning,33,Female,Rod,12,0
Chennai,36,166434,5.18,1,Morning,19,Female,None,27,0
Patna,40,57842,15.67,3,Morning,66,Female,Rod,77,1
Lucknow,46,56539,5.11,10,Morning,46,Female,Knife,38,0
Kolkata,44,43717,4.59,9,Night,46,Female,Knife,22,0
Patna,22,195668,5.31,7,Afternoon,24,Male,None,48,0
Patna,30,164088,10.14,6,Night,46,Female,None,19,0
Chennai,43,196272,3.99,8,Evening,20,Female,Gun,19,0
Chennai,30,125042,17.01,8,Afternoon,51,Female,Gun,27,1
Jaipur,8,137922,17.46,6,Evening,31,Male,None,91,1
Mumbai,34,102447,17.58,4,Morning,57,Female,None,69,1
Patna,47,93402,2.63,4,Evening,56,Female,Knife,90,1
Bangalore,9,52607,17.14,4,Night,31,Female,Rod,75,1
Patna,20,168693,17.96,6,Night,35,Female,Knife,36,1
Jaipur,40,22823,17.08,1,Morning,69,Female,Knife,36,1
Hyderabad,25,39986,12.74,2,Morning,45,Male,Rod,37,0
Delhi,19,131682,13.22,6,Afternoon,41,Female,None,47,0
Kolkata,5,74325,3.96,11,Night,64,Female,None,17,0
Mumbai,11,137925,15.99,1,Night,46,Female,Knife,13,0
Lucknow,15,67771,2.95,9,Afternoon,65,Male,Knife,66,0
Lucknow,8,64973,7.08,6,Night,30,Female,Rod,61,0
Lucknow,19,155762,17.86,7,Afternoon,67,Female,Gun,52,1
Chennai,23,49107,8.76,1,Night,56,Male,Gun,47,1
Lucknow,27,67888,4.1,8,Evening,53,Female,None,71,0
Kolkata,40,20956,17.51,5,Evening,53,Male,Gun,85,1
Delhi,32,96839,17.75,5,Afternoon,58,Female,None,36,0
Lucknow,26,197299,4.99,6,Afternoon,35,Male,None,77,0
Patna,27,177605,15.84,7,Morning,50,Male,None,64,1
Patna,19,197306,8.25,7,Night,38,Male,Rod,5,0
Chennai,42,111131,8.1,5,Evening,59,Male,Knife,61,1
Kolkata,29,77594,6.2,1,Morning,62,Female,Gun,88,1
Delhi,39,197973,2.72,11,Night,54,Male,Rod,73,0
Mumbai,41,21519,6.29,9,Evening,40,Male,Gun,89,1
Jaipur,33,172187,2.86,6,Night,69,Female,Rod,73,0
Delhi,19,11832,16.79,9,Afternoon,65,Female,Gun,72,1
Jaipur,37,182440,12.59,11,Evening,37,Male,Gun,65,1
Hyderabad,19,123922,16.19,4,Evening,62,Male,Knife,12,0
Jaipur,33,115474,13.48,2,Morning,23,Female,Gun,93,1
Bangalore,47,79715,4.1,3,Night,69,Male,Rod,11,0
Patna,16,81835,17.05,4,Afternoon,24,Female,Gun,41,1
Kolkata,23,83366,16.4,10,Afternoon,30,Female,Knife,46,1
Bhopal,7,47570,7.57,8,Night,63,Male,Gun,36,0
Chennai,26,147687,3.78,3,Night,35,Female,Rod,21,0
Bangalore,32,48311,13.27,8,Afternoon,50,Female,Gun,32,1
Jaipur,12,100245,13.65,6,Night,52,Male,Knife,74,1
Lucknow,8,113187,16.35,4,Morning,18,Female,Knife,52,1
Kolkata,5,33434,2.84,7,Night,49,Female,Knife,58,0
Bangalore,42,96879,4.27,11,Morning,49,Male,Knife,46,0
Chennai,28,25739,11.57,5,Morning,51,Female,None,40,0
Patna,5,76202,11.91,5,Night,50,Female,Knife,70,1
Kolkata,49,108580,2.54,9,Evening,24,Male,Gun,35,0
Chennai,26,89599,8.35,3,Evening,45,Female,Gun,69,1
Hyderabad,5,174721,11.35,10,Morning,69,Female,Gun,7,0
Hyderabad,22,188517,13.81,4,Night,41,Female,Gun,17,1
Chennai,15,126770,7.06,5,Morning,27,Female,None,35,0
Bangalore,13,49470,9.74,1,Night,39,Male,None,33,0
Kolkata,28,84965,15.02,7,Night,56,Female,None,61,1
Bangalore,33,135332,17.26,8,Afternoon,34,Male,Gun,37,1
Mumbai,43,189693,5.69,6,Evening,59,Female,Rod,57,0
Jaipur,23,139681,6.05,9,Evening,31,Male,Rod,14,0
Mumbai,33,173998,17.04,3,Afternoon,41,Female,Gun,67,1
Hyderabad,43,124300,8.33,2,Afternoon,38,Male,Knife,77,1
Patna,18,47997,13.49,5,Afternoon,48,Male,Knife,69,1
Delhi,30,181796,11.8,9,Morning,57,Female,Gun,6,0
Jaipur,26,107805,6.57,11,Morning,45,Female,Knife,6,0
Hyderabad,16,172776,12.46,1,Morning,38,Male,Knife,73,1
Bangalore,13,132202,12.49,1,Morning,25,Male,Rod,78,1
Bangalore,39,169463,11.48,10,Morning,51,Male,Gun,41,0
Bangalore,33,12526,3.59,3,Evening,46,Male,None,6,0
Patna,26,165758,17.92,10,Evening,58,Male,Rod,65,1
Mumbai,48,83339,8.41,3,Night,37,Male,Gun,44,1
Delhi,1,16574,12.21,5,Evening,58,Female,Gun,67,1
Bangalore,49,18733,16.17,4,Afternoon,58,Female,Rod,29,0
Bhopal,38,60290,8.77,6,Evening,69,Male,Knife,42,0
Jaipur,2,82793,14.38,8,Afternoon,53,Male,Knife,41,0
Kolkata,49,46051,17.55,8,Evening,62,Female,Rod,86,1
Bhopal,6,25909,7.74,11,Morning,17,Male,Gun,31,0
Delhi,46,87338,8.48,4,Evening,68,Male,None,88,1
Patna,38,83432,16.49,1,Night,38,Female,Gun,54,1
Delhi,42,38133,4.55,7,Morning,69,Female,None,38,0
Kolkata,24,192643,2.46,6,Morning,50,Male,None,48,0
Jaipur,18,89062,16.54,5,Night,52,Female,Gun,76,1
Kolkata,27,191980,15.15,4,Evening,47,Male,Gun,8,0
Chennai,41,152350,17.56,6,Evening,58,Female,Gun,56,1
Jaipur,8,121546,2.93,8,Night,68,Male,None,59,0
Delhi,28,61458,4.5,6,Morning,27,Male,Knife,77,1
Bangalore,10,197854,3.69,3,Night,50,Male,None,16,0
Delhi,17,65415,12.93,9,Afternoon,56,Male,None,18,0
Delhi,29,64160,11.7,3,Afternoon,18,Female,None,39,0
Jaipur,6,64399,7.75,4,Evening,49,Female,Rod,10,0
Chennai,14,35298,2.92,5,Morning,53,Female,Knife,51,0
Delhi,22,163263,12.23,11,Afternoon,39,Male,None,27,0
Bhopal,6,198036,11.12,2,Night,53,Female,None,72,1
Hyderabad,26,174164,3.81,11,Evening,32,Male,Rod,69,0
Lucknow,39,99407,16.54,10,Evening,55,Male,None,63,1
Lucknow,12,72513,5.18,11,Morning,16,Female,Knife,13,0
Delhi,35,61097,13.9,10,Afternoon,23,Female,None,62,0
Bhopal,14,171351,16.16,2,Evening,69,Male,Knife,52,1
Bangalore,22,155476,11.27,6,Night,30,Male,Knife,67,1
Patna,23,45198,5.95,2,Afternoon,65,Female,Gun,13,0
Patna,48,59997,6.95,10,Evening,60,Female,Rod,48,0
Jaipur,7,141639,16.17,1,Evening,40,Female,Rod,50,1
Lucknow,40,12179,6.77,8,Afternoon,23,Female,Rod,19,0
Delhi,25,12019,13.94,10,Afternoon,67,Female,Gun,92,1
Patna,13,91455,17.84,10,Morning,47,Male,Gun,57,1
Delhi,21,159776,18.0,1,Night,65,Male,Knife,52,1
Jaipur,41,159102,10.54,10,Morning,28,Male,Rod,76,1
Lucknow,10,136883,15.22,6,Morning,61,Female,Gun,46,1
Kolkata,9,79445,17.84,1,Night,30,Male,Gun,21,1
Hyderabad,15,83551,7.99,8,Night,21,Female,Gun,39,0
Hyderabad,2,13420,6.04,5,Morning,48,Female,Knife,35,0
Patna,25,69875,3.83,3,Afternoon,22,Female,None,8,0
Hyderabad,13,188725,4.25,5,Night,48,Male,Gun,52,1
Kolkata,34,26740,15.66,1,Morning,62,Male,Gun,18,1
Delhi,34,75263,11.42,1,Afternoon,44,Male,Gun,29,1
Jaipur,35,115789,15.98,4,Evening,53,Male,Rod,50,1
Kolkata,38,29465,14.63,9,Afternoon,52,Female,Rod,52,0
Jaipur,3,192504,12.78,9,Morning,59,Female,Gun,44,1
Jaipur,42,14131,11.75,1,Night,47,Male,Knife,54,1
Lucknow,6,20652,2.77,3,Afternoon,18,Male,None,11,0
Delhi,48,188219,15.96,4,Afternoon,69,Female,Rod,64,1
Bhopal,49,57671,8.69,2,Afternoon,35,Male,None,39,0
Hyderabad,19,99342,10.96,7,Night,29,Male,Gun,67,1
Bhopal,3,29171,2.35,3,Night,43,Female,Rod,24,0
Lucknow,18,196764,16.98,1,Afternoon,53,Male,None,20,0
Jaipur,39,68541,16.44,1,Afternoon,19,Male,Gun,26,1
Patna,9,19470,10.69,3,Morning,30,Male,Rod,40,0
Hyderabad,12,54308,11.24,6,Night,32,Female,Gun,23,0
Hyderabad,5,191711,13.28,4,Afternoon,52,Male,Rod,6,0
Delhi,3,162398,6.24,1,Night,39,Male,None,72,1
Chennai,11,145669,5.55,7,Night,53,Female,None,11,0
Mumbai,30,112840,12.78,2,Night,57,Female,Rod,51,1
Mumbai,4,171860,3.67,5,Morning,56,Female,Knife,53,0
Mumbai,5,59477,9.26,8,Evening,51,Female,Gun,82,1
Chennai,1,118261,9.88,7,Night,56,Female,None,47,0
Delhi,27,112466,8.1,11,Night,23,Female,Knife,36,0
Chennai,28,43071,4.96,8,Afternoon,18,Female,Rod,21,0
Mumbai,29,80560,7.69,10,Night,45,Male,None,18,0
Lucknow,18,198564,7.4,11,Evening,37,Female,None,85,0
Kolkata,12,172842,9.99,6,Night,67,Female,Gun,36,1
Jaipur,13,86762,12.79,7,Morning,48,Female,Knife,64,1
Chennai,41,176471,17.49,9,Afternoon,40,Male,Gun,64,1
Delhi,2,198511,4.31,6,Evening,67,Male,Rod,56,0
Delhi,37,185487,15.97,9,Morning,45,Female,None,70,1
Bhopal,45,153641,6.55,2,Evening,52,Female,Knife,8,0
Kolkata,16,12369,11.46,2,Afternoon,18,Female,Gun,67,1
Patna,48,119963,10.75,2,Night,19,Male,Knife,37,1
Hyderabad,24,10528,10.91,6,Afternoon,44,Female,Rod,5,0
Mumbai,35,118806,13.57,2,Afternoon,47,Male,None,68,1
Patna,22,171386,8.11,3,Night,38,Male,Knife,41,0
Bhopal,36,112979,7.11,8,Morning,34,Female,Rod,82,1
Mumbai,11,159119,15.65,8,Evening,30,Male,Rod,74,1
Kolkata,46,29748,5.52,11,Morning,66,Female,None,11,0
Bhopal,29,45109,4.88,4,Night,31,Male,Gun,28,0
Mumbai,35,23919,2.25,9,Evening,38,Male,None,72,0
Kolkata,48,57498,5.37,8,Night,55,Male,None,59,0
Bangalore,15,65808,10.3,1,Morning,61,Female,Knife,93,1
Patna,31,80441,10.62,8,Afternoon,52,Male,Knife,7,0
Patna,42,123843,6.07,1,Evening,16,Male,Gun,27,0
Hyderabad,41,84420,3.16,4,Night,34,Female,Rod,40,0
Kolkata,43,169978,13.91,10,Evening,52,Male,Knife,61,1
Chennai,16,117447,14.13,6,Evening,50,Male,Gun,52,1
Bangalore,10,76896,17.97,7,Morning,45,Female,None,17,0
Lucknow,49,113431,16.4,10,Afternoon,32,Female,Rod,65,1
Mumbai,32,163018,16.82,4,Evening,54,Female,None,90,1
Bangalore,2,57020,14.77,8,Morning,64,Male,Rod,93,1
Kolkata,24,32161,11.85,8,Evening,41,Male,Knife,28,0
Jaipur,23,37738,4.06,9,Afternoon,28,Male,None,47,0
Mumbai,2,144997,11.96,6,Evening,69,Male,None,37,0
Delhi,38,149535,2.9,4,Afternoon,37,Male,Rod,82,1
Patna,31,67153,16.16,2,Morning,61,Female,Gun,28,1
Kolkata,40,71009,9.71,7,Morning,38,Male,Rod,26,0
Delhi,26,97938,13.16,10,Afternoon,59,Female,Knife,56,1
Hyderabad,29,109546,2.84,3,Afternoon,58,Male,Gun,91,1
Bhopal,3,182624,10.55,11,Morning,48,Male,None,10,0
Lucknow,14,66271,6.82,3,Afternoon,42,Female,None,23,0
Lucknow,25,19797,6.56,3,Afternoon,50,Male,None,80,1
Delhi,48,96130,8.23,4,Night,27,Male,Knife,94,1
Patna,1,81942,2.01,2,Evening,24,Female,None,33,0
Hyderabad,3,128065,9.47,5,Morning,49,Female,None,68,0
Jaipur,26,23965,9.79,3,Morning,29,Male,Gun,18,0
Patna,18,23733,15.81,10,Night,52,Female,Knife,85,1
Bangalore,9,194295,9.18,5,Afternoon,18,Male,None,34,0
Lucknow,38,137182,7.82,7,Afternoon,59,Female,Gun,75,1
Bangalore,23,167998,17.92,9,Afternoon,59,Male,None,25,0
Mumbai,21,169855,11.14,2,Morning,36,Female,Gun,69,1
Chennai,1,93360,9.56,9,Night,22,Female,None,8,0
Kolkata,21,177466,9.93,10,Evening,48,Male,Knife,50,0
Hyderabad,27,118378,14.95,6,Night,50,Female,Rod,12,0
Patna,42,38287,7.45,6,Morning,26,Female,Knife,22,0
Lucknow,6,92104,8.23,11,Evening,60,Female,Gun,64,1
Bangalore,44,171508,14.09,3,Afternoon,47,Male,None,49,0
Bhopal,36,96916,3.17,10,Night,37,Female,Knife,76,0
Mumbai,28,13188,15.84,9,Night,57,Female,None,35,0
Kolkata,45,101205,8.88,4,Morning,34,Female,Knife,32,0
Kolkata,17,107349,11.3,5,Night,51,Male,Gun,68,1
Patna,40,147837,14.12,3,Evening,69,Male,Rod,41,1
Hyderabad,3,192698,6.26,5,Night,52,Female,Knife,71,1
Jaipur,12,151879,16.25,8,Morning,26,Male,None,83,1
Bhopal,39,20204,17.67,8,Night,56,Female,None,72,1
Patna,12,199016,9.91,8,Evening,28,Male,None,39,0
Bangalore,2,52120,16.99,6,Evening,43,Female,Gun,40,1
Chennai,46,112903,2.02,1,Morning,64,Male,Gun,61,1
Delhi,22,163730,16.31,11,Afternoon,30,Female,Rod,74,1
Jaipur,23,47081,6.98,10,Morning,28,Female,None,8,0
Hyderabad,30,44986,6.98,6,Afternoon,68,Male,Rod,53,0
Mumbai,5,89322,5.65,11,Evening,58,Female,None,43,0
Jaipur,9,104819,7.07,10,Night,48,Female,Knife,22,0
Lucknow,21,140015,5.42,7,Night,23,Female,Knife,64,0
Hyderabad,11,60304,16.49,9,Evening,47,Male,Knife,90,1
Chennai,5,75592,16.38,8,Morning,52,Female,None,14,0
Lucknow,35,68548,3.64,11,Night,69,Female,Knife,27,0
Jaipur,27,108447,4.29,8,Morning,63,Female,None,72,0
Delhi,49,49986,15.79,7,Night,19,Male,Rod,63,1
Delhi,2,84095,8.38,2,Afternoon,66,Female,Gun,87,1
Chennai,24,101594,4.71,1,Night,33,Male,Knife,94,1
Kolkata,31,98281,10.17,2,Afternoon,38,Female,None,11,0
Bhopal,33,76151,8.67,6,Night,44,Male,None,17,0
Mumbai,39,83598,5.51,2,Night,17,Male,Rod,7,0
Kolkata,30,38214,13.53,10,Night,28,Male,Rod,44,0
Delhi,46,48745,12.1,4,Night,31,Female,Gun,15,0
Delhi,37,183620,3.59,10,Night,69,Male,Rod,84,0
Bangalore,28,151753,16.81,3,Morning,23,Male,Gun,88,1
Lucknow,31,148056,10.94,6,Afternoon,34,Male,Gun,55,1
Jaipur,11,168651,6.0,8,Afternoon,47,Male,Rod,91,1
Mumbai,23,100810,5.3,11,Night,18,Male,Gun,27,0
Chennai,2,196005,4.18,6,Morning,66,Male,Knife,36,0
Jaipur,40,168471,8.79,2,Morning,64,Male,Gun,45,1
Bangalore,41,172553,4.17,5,Evening,47,Male,None,46,0
Delhi,27,10944,8.65,11,Evening,56,Male,None,42,0
Chennai,35,103993,4.38,6,Morning,36,Female,None,71,0
Delhi,2,19114,12.51,9,Evening,40,Male,Rod,76,1
Mumbai,39,49846,14.56,6,Afternoon,68,Male,None,82,1
Lucknow,37,42596,10.79,10,Morning,32,Male,Rod,76,1
Jaipur,21,114087,12.88,5,Evening,40,Male,None,79,1
Jaipur,5,16907,17.01,1,Morning,48,Male,Gun,46,1
Kolkata,45,169186,12.21,10,Evening,46,Male,Rod,47,0
Chennai,21,35009,7.83,5,Morning,51,Male,None,37,0
Bhopal,29,94846,9.19,5,Night,38,Female,Gun,83,1
Bangalore,20,60241,15.77,6,Afternoon,62,Female,Rod,41,0
Bhopal,38,176797,4.09,7,Evening,59,Female,Gun,82,1
Kolkata,20,28996,7.21,4,Night,40,Male,Gun,94,1
Mumbai,25,147119,11.24,7,Morning,64,Male,Gun,61,1
Bangalore,2,38767,12.82,5,Night,59,Female,Rod,68,1
Lucknow,32,26347,14.22,6,Afternoon,63,Female,Rod,68,1
Bhopal,26,112063,7.09,4,Evening,45,Male,Knife,64,1
Lucknow,6,34102,4.33,8,Evening,28,Male,Knife,56,0
Bhopal,41,14263,17.28,9,Morning,58,Female,Knife,76,1
Lucknow,3,118585,3.22,2,Afternoon,62,Female,Knife,72,1
Bhopal,33,77438,3.53,11,Night,44,Female,Rod,86,0
Lucknow,1,106359,9.92,4,Morning,31,Female,Knife,31,0
Kolkata,5,171612,15.11,11,Evening,53,Male,None,63,1
Hyderabad,13,140251,14.39,8,Night,42,Female,Knife,23,0
Bangalore,19,181915,17.0,8,Morning,41,Female,None,7,0
Chennai,12,37690,4.27,9,Night,26,Male,None,77,0
Mumbai,48,12994,8.01,3,Night,62,Female,Gun,43,1
Patna,25,113533,6.51,1,Morning,52,Female,Gun,70,1
Delhi,35,77546,15.77,9,Night,18,Female,Gun,77,1
Chennai,12,148449,9.81,1,Night,41,Male,Knife,60,1
Delhi,30,88572,2.43,3,Afternoon,49,Male,Rod,10,0
Bangalore,5,36467,13.33,3,Afternoon,48,Female,None,32,0
Chennai,34,141120,8.22,9,Evening,30,Male,Rod,52,0
Lucknow,22,178050,10.5,1,Afternoon,17,Male,Rod,52,1
Lucknow,39,57606,16.3,7,Morning,43,Female,Knife,71,1
Patna,13,108112,6.11,2,Night,35,Male,Rod,58,0
Delhi,47,83414,5.84,7,Evening,53,Female,Rod,20,0
Mumbai,3,103145,6.21,1,Afternoon,59,Male,Gun,39,1
Bangalore,20,190294,7.41,10,Night,68,Female,Gun,79,1
Lucknow,31,58115,3.72,10,Morning,31,Male,None,91,0
Hyderabad,5,99606,13.16,8,Night,61,Male,None,34,0
Kolkata,24,50647,5.32,10,Morning,19,Female,Gun,52,0
Kolkata,40,64607,16.82,10,Night,23,Female,Knife,73,1
Bhopal,33,198482,5.45,2,Evening,59,Female,Knife,12,0
Mumbai,8,31996,6.09,3,Evening,61,Female,None,55,0
Kolkata,24,195993,6.75,8,Afternoon,35,Male,Gun,14,0
Bhopal,20,93697,14.3,3,Afternoon,41,Male,Knife,32,0
Delhi,16,56022,8.84,1,Night,47,Female,Rod,40,0
Lucknow,12,50148,15.11,9,Night,28,Male,None,64,1
Lucknow,13,77764,14.56,8,Afternoon,20,Female,None,14,0
Hyderabad,45,101901,16.87,4,Afternoon,59,Male,Rod,18,0
Chennai,42,100724,14.11,8,Night,57,Female,Rod,67,1
Kolkata,39,134766,2.83,5,Night,68,Male,None,51,0
Delhi,25,18888,15.4,3,Night,66,Female,Rod,73,1
Jaipur,46,180231,17.01,1,Evening,28,Male,Knife,60,1
Kolkata,32,183269,17.9,10,Morning,56,Male,None,10,0
Mumbai,24,108941,4.0,5,Morning,26,Female,Knife,23,0
Chennai,48,165546,11.81,11,Afternoon,52,Male,None,56,0
Kolkata,47,27333,5.19,6,Evening,47,Male,Knife,66,0
Delhi,44,46355,6.2,4,Night,60,Female,Gun,53,1
Kolkata,9,139686,13.93,7,Night,57,Female,Knife,82,1
Mumbai,40,172217,17.64,3,Afternoon,33,Female,Rod,15,0
Jaipur,23,113170,11.52,7,Afternoon,44,Female,Gun,50,1
Bangalore,13,85675,15.61,1,Evening,30,Male,None,73,1
Patna,32,190926,2.14,7,Morning,35,Female,Knife,49,0
Jaipur,15,77664,2.59,1,Morning,59,Female,None,62,0
Bhopal,36,96153,11.55,11,Night,51,Female,Gun,36,0
Kolkata,49,103616,8.22,1,Afternoon,20,Male,Rod,92,1
Lucknow,5,45285,16.24,2,Evening,55,Male,Rod,14,0
Hyderabad,22,158605,6.83,2,Night,52,Male,Rod,17,0
Lucknow,16,173696,8.91,4,Morning,48,Male,None,17,0
Jaipur,41,56996,10.45,1,Morning,33,Female,Rod,40,0
Lucknow,10,56947,6.37,4,Evening,34,Male,Rod,90,1
Delhi,24,169028,16.54,2,Night,66,Male,None,77,1
Lucknow,18,61030,9.43,4,Evening,47,Female,None,23,0
Chennai,49,199669,8.79,4,Night,57,Female,Gun,11,0
Bangalore,18,52443,15.6,9,Morning,37,Male,Rod,19,0
Kolkata,7,138344,6.99,9,Afternoon,56,Female,Gun,85,1
Lucknow,4,75464,15.08,1,Afternoon,16,Male,Knife,50,1
Mumbai,26,138019,3.96,5,Morning,69,Male,Knife,82,1
Bangalore,5,145024,4.92,7,Afternoon,40,Male,Knife,52,0
Bangalore,16,197952,17.21,4,Afternoon,35,Female,Knife,70,1
Lucknow,35,193273,15.48,5,Night,50,Female,None,82,1
Bangalore,26,130454,8.21,2,Evening,60,Male,Gun,8,0
Hyderabad,18,134444,12.22,3,Night,21,Male,Gun,7,0
Lucknow,29,122175,17.09,7,Evening,21,Female,None,7,0
Delhi,23,52460,5.39,10,Evening,65,Male,Knife,79,1
Jaipur,14,163868,2.94,7,Afternoon,52,Female,Gun,73,1
Chennai,15,172818,10.6,4,Evening,64,Female,Rod,32,0
Patna,49,10015,4.28,1,Evening,18,Female,None,27,0
Bhopal,33,59757,5.0,1,Morning,52,Female,None,34,0
Bangalore,25,167029,16.26,4,Evening,46,Male,Rod,66,1
Delhi,21,91541,2.12,4,Morning,50,Female,Knife,91,1
Kolkata,17,31292,15.07,6,Night,60,Female,Knife,55,1
Kolkata,23,132694,10.27,7,Afternoon,30,Female,Gun,45,1
Bhopal,43,172948,10.95,9,Evening,32,Male,Rod,90,1
Chennai,17,57046,12.75,9,Morning,30,Male,Gun,68,1
Bangalore,14,24817,8.9,10,Night,20,Male,Knife,47,0
Hyderabad,29,19759,3.85,5,Night,37,Male,Gun,80,1
Bhopal,20,189504,3.65,10,Night,61,Male,Rod,62,0
Chennai,30,16412,14.07,11,Morning,26,Female,Rod,63,0
Bangalore,19,198829,5.54,3,Morning,43,Male,Rod,44,0
Delhi,39,30504,2.45,3,Afternoon,29,Male,Knife,50,0
Jaipur,13,118500,17.67,6,Evening,54,Female,None,66,1
Hyderabad,18,18507,17.69,1,Night,18,Male,None,53,1
Patna,23,31050,8.05,7,Afternoon,67,Male,None,83,1
Kolkata,46,145892,2.41,3,Morning,57,Female,Gun,27,0
Mumbai,33,148907,13.64,5,Afternoon,26,Male,Rod,48,1
Delhi,39,110153,15.3,7,Night,45,Male,Knife,48,1
Kolkata,40,23587,4.0,7,Night,53,Female,None,23,0
Lucknow,18,67732,4.17,9,Afternoon,20,Male,None,48,0
Mumbai,9,61921,15.16,1,Night,67,Male,Gun,15,1
Kolkata,33,186571,16.75,3,Morning,37,Female,Gun,64,1
Chennai,32,127734,14.65,9,Night,28,Male,None,42,0
Hyderabad,17,140104,5.21,8,Evening,59,Male,Rod,7,0
Kolkata,19,147912,8.58,2,Evening,66,Male,Rod,20,0
Patna,27,41440,11.61,8,Night,66,Male,Gun,13,0
Jaipur,6,45183,4.56,8,Afternoon,36,Male,Gun,45,0
Chennai,35,106172,5.37,2,Night,52,Female,Rod,42,0
Delhi,37,143461,6.53,8,Evening,40,Male,Gun,73,1
Delhi,34,196148,10.15,3,Morning,67,Female,Gun,69,1
Delhi,20,124515,10.17,7,Evening,36,Male,Rod,39,0
Delhi,25,133183,15.03,9,Night,43,Male,Rod,39,0
Jaipur,4,76299,14.05,4,Night,56,Female,Knife,80,1
Kolkata,10,125503,16.62,11,Afternoon,19,Female,Gun,89,1
Bangalore,10,49023,15.33,6,Night,44,Female,Gun,52,1
Kolkata,24,191101,6.06,9,Night,62,Male,Knife,12,0
Lucknow,21,49941,7.3,11,Morning,50,Male,Gun,31,0
Hyderabad,11,195022,10.01,11,Morning,38,Female,Gun,13,0
Mumbai,27,131677,2.23,5,Morning,22,Male,None,34,0
Bangalore,16,86054,16.46,1,Afternoon,67,Male,None,18,0
Bangalore,26,75363,2.71,3,Afternoon,67,Male,None,27,0
Kolkata,30,71742,7.16,11,Evening,61,Male,Knife,33,0
Bangalore,49,55215,11.11,9,Afternoon,61,Male,Gun,30,0
Bhopal,16,57857,10.29,3,Morning,24,Female,Knife,90,1
Bhopal,7,65476,12.47,11,Afternoon,38,Male,Knife,19,0
Lucknow,16,169245,10.44,11,Night,18,Female,Gun,77,1
Mumbai,35,150467,5.66,10,Afternoon,24,Male,Rod,94,1
Patna,16,69768,5.22,2,Night,68,Male,Rod,85,1
Jaipur,40,113591,16.52,4,Evening,19,Male,Gun,77,1
Kolkata,12,56229,6.22,5,Night,64,Male,Rod,71,1
Jaipur,35,167711,6.5,7,Morning,40,Female,None,20,0
Patna,49,121706,8.61,7,Evening,21,Male,Gun,17,0
Kolkata,21,72583,4.23,9,Evening,63,Male,Knife,94,1
Kolkata,43,169996,10.12,8,Evening,33,Female,None,85,1
Mumbai,36,136011,12.64,2,Morning,60,Male,Knife,28,0
Jaipur,48,40104,14.58,8,Night,22,Male,Rod,66,1
Bhopal,17,47594,13.38,8,Evening,50,Male,Gun,61,1
Delhi,32,13664,4.36,5,Morning,46,Female,None,40,0
Jaipur,41,20528,9.3,3,Evening,53,Male,Gun,64,1
Hyderabad,6,169262,2.62,9,Evening,47,Female,None,90,0
Hyderabad,24,138404,2.28,7,Morning,50,Female,None,77,0
Kolkata,27,42899,9.04,1,Afternoon,43,Male,None,26,0
Delhi,20,80979,6.05,8,Evening,59,Male,Gun,88,1
Chennai,25,27241,12.93,10,Afternoon,20,Male,None,7,0
Patna,2,56211,13.59,5,Evening,45,Male,None,40,0
Lucknow,9,73472,16.33,6,Afternoon,37,Female,Gun,86,1
Delhi,28,41346,14.17,9,Night,32,Male,Knife,40,0
Lucknow,38,91196,2.77,10,Afternoon,25,Male,Rod,14,0
Jaipur,3,114451,7.95,8,Afternoon,22,Male,Gun,25,0
Jaipur,20,112908,6.37,11,Afternoon,19,Female,Gun,93,1
Lucknow,6,183292,8.18,3,Afternoon,57,Male,None,53,0
Patna,39,159014,4.56,5,Night,42,Male,Gun,13,0
Delhi,33,59167,3.56,4,Morning,22,Male,Gun,83,1
Chennai,1,46373,10.34,1,Afternoon,38,Male,Rod,56,1
Kolkata,37,77143,13.53,5,Morning,26,Male,Gun,52,1
Mumbai,6,130623,13.23,10,Evening,68,Male,None,64,0
Jaipur,45,120013,9.22,7,Morning,23,Male,Rod,54,0
Hyderabad,34,12016,10.36,1,Afternoon,23,Female,Gun,43,1
Patna,47,79110,10.26,4,Morning,52,Female,None,20,0
Mumbai,15,187381,13.07,6,Night,20,Male,Rod,32,0
Chennai,45,17274,2.77,11,Night,22,Male,Gun,10,0
Bangalore,26,25748,13.36,9,Afternoon,37,Male,None,65,0
Kolkata,14,161247,11.32,11,Morning,51,Female,Rod,10,0
Jaipur,7,21826,5.17,8,Evening,17,Male,None,70,0
Kolkata,46,93008,2.78,2,Night,39,Male,Rod,44,0
Mumbai,31,139288,3.74,11,Afternoon,66,Female,Gun,75,1
Kolkata,24,175201,10.4,3,Night,17,Female,Knife,66,1
Bangalore,31,164562,14.13,10,Afternoon,63,Male,Rod,32,0
Mumbai,29,115623,7.35,5,Morning,27,Male,Gun,84,1
Jaipur,42,182507,8.07,11,Morning,62,Female,Rod,51,0
Delhi,32,149592,16.95,7,Morning,57,Female,Knife,13,0
Hyderabad,17,93106,5.41,3,Morning,41,Female,None,56,0
Mumbai,14,160870,3.66,7,Morning,53,Female,Knife,19,0
Bhopal,40,64638,7.49,5,Afternoon,60,Male,Knife,38,0
Bangalore,36,79072,13.93,10,Night,21,Male,None,24,0
Mumbai,48,77309,12.02,6,Evening,38,Female,Knife,82,1
Mumbai,24,170966,8.65,6,Night,17,Male,Gun,64,1
Bhopal,45,134724,17.44,11,Morning,41,Male,Rod,62,1
Jaipur,27,195639,13.76,11,Night,29,Female,Knife,79,1
Mumbai,25,137843,2.99,4,Night,33,Female,Rod,71,0
Hyderabad,32,45326,13.91,8,Afternoon,53,Female,Rod,6,0
Kolkata,18,196131,2.38,9,Evening,47,Male,None,54,0
Jaipur,46,15079,12.41,2,Evening,66,Male,Knife,18,0
Hyderabad,18,166910,5.37,9,Morning,29,Male,None,60,0
Jaipur,37,131412,13.14,11,Afternoon,45,Female,None,73,1
Hyderabad,26,97340,6.96,4,Afternoon,28,Male,Rod,48,0
Bangalore,9,188181,15.97,6,Afternoon,55,Female,Gun,50,1
Hyderabad,35,95211,7.39,7,Afternoon,46,Male,Rod,10,0
Lucknow,8,166666,11.92,4,Afternoon,52,Female,None,12,0
Hyderabad,20,52749,6.57,8,Evening,60,Male,Knife,43,0
Delhi,42,177364,16.68,10,Evening,53,Male,Gun,48,1
Delhi,22,128192,14.5,8,Night,37,Female,Gun,31,1
Patna,19,84534,5.89,1,Evening,43,Female,Knife,20,0
Lucknow,30,89233,17.18,8,Afternoon,34,Male,Knife,43,1
Lucknow,28,61818,7.71,10,Night,58,Male,Gun,5,0
Kolkata,35,121910,12.43,3,Evening,31,Female,None,55,1
Lucknow,43,23429,13.89,5,Night,20,Male,Gun,67,1
Kolkata,11,67748,2.37,10,Evening,59,Male,Gun,37,0
Patna,31,58807,17.34,8,Morning,64,Female,Gun,54,1
Patna,49,17140,7.51,11,Evening,17,Female,None,58,0
Bangalore,48,73226,5.04,6,Night,25,Male,Knife,31,0
Delhi,39,155973,15.61,4,Morning,62,Female,Knife,85,1
Hyderabad,36,98815,13.25,4,Afternoon,34,Male,Knife,83,1
Hyderabad,30,38525,3.39,4,Night,35,Male,None,90,1
Bhopal,23,30491,3.87,6,Afternoon,44,Female,None,23,0
Bhopal,19,176052,13.44,7,Afternoon,40,Male,Knife,32,0
Chennai,12,18078,3.2,5,Night,32,Male,Rod,27,0
Jaipur,15,101654,16.67,10,Afternoon,66,Male,Rod,68,1
Bangalore,31,139101,13.86,8,Night,66,Male,Knife,43,1
Chennai,43,189776,7.37,7,Night,28,Male,Rod,53,0
Chennai,37,26997,7.81,8,Evening,60,Female,Rod,63,0
Mumbai,37,141940,10.1,4,Morning,31,Female,Knife,24,0
Mumbai,15,167470,7.78,8,Afternoon,69,Male,Knife,65,0
Chennai,29,107356,14.54,6,Afternoon,68,Male,None,13,0
Lucknow,43,123711,17.6,3,Morning,50,Female,Rod,27,0
Jaipur,26,31246,11.35,8,Morning,51,Male,Rod,11,0
Bangalore,44,161633,9.14,7,Morning,54,Female,Knife,35,0
Chennai,2,157326,5.56,10,Morning,18,Female,Gun,64,0
Hyderabad,20,44512,12.45,5,Morning,24,Female,Knife,65,1
Jaipur,15,67865,12.97,11,Evening,55,Male,None,79,1
Mumbai,4,164652,12.96,4,Night,65,Male,Gun,85,1
Hyderabad,22,113393,2.43,1,Morning,68,Male,Gun,30,0
Mumbai,38,82144,16.39,10,Evening,61,Male,Gun,86,1
Mumbai,23,183557,7.41,3,Morning,67,Female,None,58,0
Jaipur,26,191693,13.91,2,Morning,44,Male,Rod,35,0
Mumbai,11,127363,14.16,8,Afternoon,20,Male,Knife,45,0
Patna,28,60665,12.41,8,Afternoon,18,Male,None,32,0
Delhi,2,191675,8.32,5,Afternoon,25,Female,None,94,1
Patna,8,162110,11.73,5,Afternoon,46,Male,Gun,10,0
Delhi,29,103542,2.64,11,Night,26,Female,Gun,38,0
Bhopal,11,111311,14.19,4,Night,32,Male,None,13,0
Bhopal,37,24325,3.59,1,Afternoon,55,Male,Rod,16,0
Mumbai,18,176964,8.35,1,Afternoon,56,Male,Gun,20,0
Bangalore,14,142825,3.66,6,Morning,23,Male,None,75,0
Bangalore,10,159068,15.39,4,Morning,67,Male,Gun,35,1
Delhi,35,78811,10.8,4,Afternoon,17,Female,Knife,37,0
Hyderabad,9,186283,13.06,3,Afternoon,19,Male,Knife,11,0
Jaipur,35,126737,12.92,9,Afternoon,31,Female,Knife,7,0
Mumbai,11,10824,15.47,3,Morning,56,Male,Gun,24,1
Jaipur,44,154952,4.12,8,Afternoon,56,Male,Gun,9,0
Patna,12,127718,12.56,2,Afternoon,36,Female,Rod,71,1
Bangalore,3,76617,11.2,4,Night,20,Male,Knife,42,1
Lucknow,39,21517,2.49,1,Night,50,Female,Rod,83,1
Patna,14,162755,5.22,11,Morning,29,Female,None,60,0
Patna,28,157948,6.28,5,Night,30,Male,None,27,0
Delhi,11,113068,3.16,2,Morning,21,Male,Knife,6,0
Kolkata,39,197426,7.68,11,Evening,31,Male,Rod,25,0
Patna,25,125016,2.44,1,Afternoon,38,Male,Gun,82,1
Mumbai,21,19982,10.85,1,Morning,46,Male,Rod,18,0
Chennai,10,167670,5.38,2,Night,57,Female,None,66,0
Chennai,43,155711,6.59,5,Evening,61,Female,Rod,15,0
Mumbai,15,80210,16.57,9,Night,27,Male,None,8,0
Kolkata,19,79852,10.05,6,Morning,56,Male,None,51,0
Kolkata,48,123618,6.3,4,Evening,34,Female,Rod,24,0
Delhi,22,19695,11.58,3,Night,27,Female,Gun,56,1
Bangalore,21,58582,5.23,8,Evening,60,Female,None,20,0
Jaipur,44,41094,3.19,3,Afternoon,28,Male,Rod,49,0
Kolkata,32,32187,2.33,1,Afternoon,64,Male,None,12,0
Lucknow,23,128013,17.22,4,Evening,17,Female,Knife,66,1
Delhi,13,138721,13.59,11,Night,35,Female,Gun,88,1
Bhopal,5,116683,14.8,5,Night,46,Male,Knife,25,0
Hyderabad,4,11214,17.69,5,Night,24,Female,None,68,1
Bhopal,28,33940,16.91,5,Afternoon,36,Male,Gun,34,1
Delhi,14,54406,13.79,8,Morning,23,Female,Rod,40,0
Patna,8,184553,13.1,8,Morning,54,Male,Rod,9,0
Jaipur,9,157049,7.39,4,Evening,52,Female,Gun,89,1
Hyderabad,35,185911,3.66,9,Night,44,Female,Knife,42,0
Bhopal,37,198946,11.18,1,Evening,34,Female,Knife,91,1
Hyderabad,21,68414,11.22,5,Morning,50,Female,Gun,23,0
Lucknow,18,111440,17.24,5,Morning,60,Male,Rod,78,1
Lucknow,33,166610,9.08,5,Night,53,Female,Gun,31,0
Lucknow,8,113569,13.05,8,Evening,41,Male,Knife,17,0
Delhi,49,197313,11.2,9,Night,26,Female,None,13,0
Jaipur,17,70481,4.83,3,Morning,51,Female,Rod,21,0
Delhi,43,37740,11.47,9,Morning,50,Male,Gun,48,1
Chennai,31,73328,10.64,11,Night,19,Female,None,49,0
Patna,34,191715,9.9,8,Evening,18,Female,Knife,92,1
Patna,6,21881,10.21,3,Afternoon,60,Male,Rod,46,0
Lucknow,22,46996,4.62,2,Night,62,Female,Gun,55,1
Chennai,14,173249,9.42,4,Morning,27,Female,Knife,87,1
Kolkata,3,132196,11.69,2,Afternoon,47,Female,Gun,62,1
Kolkata,12,47177,9.83,4,Night,62,Male,Gun,62,1
Lucknow,36,76126,9.82,5,Afternoon,41,Female,Rod,34,0
Bhopal,12,66531,3.24,2,Night,58,Male,Knife,9,0
Delhi,45,36119,5.05,8,Morning,58,Male,Knife,12,0
Lucknow,2,127744,7.14,1,Night,28,Male,None,41,0
Bangalore,2,126894,8.71,3,Afternoon,59,Male,Knife,51,1
Hyderabad,15,168987,11.5,7,Evening,53,Female,Knife,93,1
Patna,23,143780,15.81,10,Morning,44,Female,Rod,49,0
Kolkata,29,179821,4.55,1,Morning,67,Male,None,9,0
Mumbai,17,54989,2.24,11,Afternoon,66,Female,Rod,67,0
Kolkata,32,32106,9.19,2,Night,34,Female,Knife,90,1
Patna,7,27131,8.91,3,Night,50,Female,None,51,0
Hyderabad,30,56553,10.83,2,Night,63,Female,Rod,29,0
Patna,28,199216,15.33,2,Morning,56,Female,None,54,1
Mumbai,14,16553,14.84,11,Morning,42,Female,Knife,49,0
Lucknow,44,27881,3.6,6,Afternoon,61,Male,None,34,0
Chennai,30,11379,16.94,7,Night,46,Female,None,52,1
Mumbai,17,100791,3.77,6,Night,18,Male,None,55,0
Patna,32,115664,12.15,11,Afternoon,50,Female,Knife,59,0
Patna,46,79306,12.76,6,Morning,39,Male,Knife,59,1
Bangalore,6,160798,12.88,9,Morning,67,Female,None,50,0
Bangalore,24,150160,6.25,8,Evening,22,Male,Rod,35,0
Jaipur,6,175386,7.29,8,Evening,66,Male,Rod,38,0
Bangalore,27,196113,10.78,6,Night,50,Female,Knife,78,1
Delhi,18,114512,5.19,5,Morning,36,Female,Gun,72,1
Chennai,24,26350,2.32,9,Night,16,Male,Rod,37,0
Hyderabad,37,109599,10.99,2,Morning,59,Female,None,60,0
Mumbai,24,91397,9.44,7,Evening,68,Female,Gun,62,1
Patna,38,89509,12.51,6,Afternoon,21,Female,Knife,61,1
Jaipur,34,27769,4.35,7,Morning,54,Female,Rod,21,0
Jaipur,40,188321,15.45,4,Evening,49,Male,Gun,15,1
Hyderabad,47,111584,4.34,9,Evening,33,Female,Knife,75,0
Chennai,15,56365,16.26,7,Morning,40,Female,Knife,85,1
Mumbai,11,60185,9.19,2,Night,30,Female,None,21,0
Kolkata,22,143858,10.8,4,Morning,62,Female,Rod,14,0
Bangalore,24,136525,16.35,5,Evening,47,Male,Gun,30,1
Lucknow,1,142692,6.8,2,Morning,57,Female,None,10,0
Jaipur,18,46303,4.91,10,Afternoon,64,Female,Rod,85,0
Bangalore,44,29589,9.13,8,Night,65,Female,Gun,20,0
Bangalore,12,12882,5.91,1,Morning,33,Male,Knife,94,1
Delhi,43,190394,10.45,3,Evening,46,Female,Knife,8,0
Chennai,28,139236,6.4,1,Evening,44,Male,Rod,66,1
Lucknow,40,165596,15.83,5,Night,30,Female,None,88,1
Kolkata,7,19745,11.72,8,Morning,38,Female,Gun,68,1
Patna,23,25861,2.0,7,Evening,53,Male,Gun,60,0
Delhi,21,101707,14.89,9,Night,56,Male,Knife,79,1
Bangalore,34,64261,7.28,2,Afternoon,26,Female,Rod,27,0
Bangalore,11,143909,7.12,8,Night,30,Female,None,37,0
Bhopal,22,84135,8.13,8,Morning,38,Female,Knife,35,0
Lucknow,42,64380,12.08,6,Morning,18,Female,Knife,11,0
Lucknow,35,96089,9.07,3,Evening,34,Female,None,90,1
Bhopal,29,115025,12.06,2,Afternoon,16,Male,Gun,9,0
Lucknow,42,190903,4.35,8,Morning,39,Female,Gun,41,0
Bangalore,28,179327,17.52,6,Evening,64,Male,Rod,5,0
Jaipur,18,170592,13.67,4,Night,26,Male,Knife,74,1
Mumbai,14,170613,6.0,5,Night,45,Female,Rod,49,0
Bangalore,18,168422,13.59,5,Morning,65,Female,Gun,51,1
Delhi,28,54397,11.2,9,Afternoon,26,Male,None,72,0
Chennai,24,87085,3.75,9,Evening,54,Male,Gun,34,0
Bhopal,8,73865,4.85,8,Morning,16,Female,Gun,85,1
Kolkata,42,65956,2.66,8,Evening,27,Male,Knife,64,0
Patna,45,168525,14.95,2,Night,19,Male,Gun,28,1
Kolkata,8,110727,10.83,3,Evening,40,Male,Rod,35,0
Bangalore,4,153978,7.07,8,Night,23,Female,None,32,0
Delhi,27,24988,4.02,5,Afternoon,30,Female,Knife,49,0
Bangalore,36,168795,9.74,7,Afternoon,58,Male,None,8,0
Chennai,5,43800,10.4,8,Night,45,Male,Rod,65,1
Jaipur,33,180179,13.23,6,Morning,55,Female,Rod,43,0
Patna,49,168502,17.52,5,Night,47,Female,Gun,87,1
Chennai,34,173607,8.96,8,Evening,59,Male,Rod,28,0
Bhopal,30,97329,8.5,1,Evening,50,Female,Gun,75,1
Bhopal,8,62284,7.92,1,Evening,36,Female,Knife,50,1
Bangalore,39,66232,15.23,1,Morning,46,Female,None,57,1
Delhi,47,54420,4.5,3,Afternoon,51,Female,Gun,52,1
Chennai,26,47710,7.5,10,Afternoon,42,Female,Gun,13,0
Hyderabad,37,102035,13.6,6,Evening,59,Male,Knife,26,0
Delhi,34,181570,2.25,6,Morning,23,Male,Rod,6,0
Jaipur,7,41283,6.63,5,Evening,38,Female,Gun,20,0
Bhopal,40,35968,12.26,7,Afternoon,38,Female,Rod,9,0
Bangalore,28,72508,4.98,5,Night,57,Female,Gun,16,0
Lucknow,39,123435,6.84,2,Evening,48,Female,Rod,56,0
Bhopal,39,95366,9.78,4,Evening,28,Male,Gun,30,1
Patna,28,15738,8.75,1,Evening,54,Male,None,19,0
Mumbai,14,13098,3.7,7,Afternoon,67,Female,None,71,0
Lucknow,38,105424,17.01,4,Morning,50,Female,None,77,1
Bangalore,4,88672,2.71,4,Night,31,Female,Gun,63,1
Hyderabad,42,48244,14.0,4,Night,27,Female,Rod,43,1
Lucknow,18,149325,3.14,3,Night,46,Female,Knife,67,1
Patna,44,64333,9.48,8,Evening,20,Male,Knife,29,0
Delhi,48,135349,4.81,4,Afternoon,65,Male,Knife,45,0
Hyderabad,25,60969,4.26,8,Night,55,Female,None,32,0
Bhopal,7,100744,4.01,9,Evening,59,Female,None,25,0
Hyderabad,38,127286,9.24,1,Morning,40,Male,None,93,1
Chennai,28,185483,10.25,4,Evening,36,Male,Rod,65,1
Patna,5,85028,4.13,6,Night,18,Male,None,61,0
Lucknow,3,45421,17.67,8,Night,63,Female,Rod,15,0
Chennai,44,142526,6.12,6,Morning,25,Male,Rod,23,0
Hyderabad,31,158594,9.34,6,Afternoon,38,Female,Rod,79,1
Chennai,47,48575,5.46,10,Morning,32,Female,Gun,93,1
Kolkata,42,13192,9.9,4,Morning,57,Male,Knife,5,0
Patna,20,121116,14.1,9,Night,50,Female,Rod,36,0
Jaipur,19,196340,10.34,7,Night,40,Male,Knife,89,1
Delhi,48,137874,6.57,11,Afternoon,17,Female,Rod,81,0
Hyderabad,11,91311,5.97,6,Night,42,Male,Rod,38,0
Patna,40,151474,14.14,1,Morning,61,Male,None,21,0
Jaipur,3,90781,3.89,2,Morning,24,Male,Knife,59,0
Jaipur,23,46527,7.92,6,Afternoon,64,Male,Rod,23,0
Bangalore,7,62181,4.42,11,Night,19,Female,Knife,78,0
Chennai,23,101472,6.13,1,Night,41,Male,None,46,0
Jaipur,7,168074,4.44,11,Morning,47,Male,Rod,63,0
Kolkata,46,91219,16.19,5,Morning,44,Male,None,77,1
Patna,34,153532,13.71,1,Night,37,Male,Rod,79,1
Mumbai,42,129783,10.97,3,Evening,62,Female,None,42,0
Mumbai,19,171554,5.59,7,Morning,28,Male,None,35,0
Hyderabad,9,157519,10.16,5,Morning,38,Female,Gun,70,1
Bhopal,48,189300,10.33,10,Morning,46,Female,Rod,92,1
Chennai,18,93265,11.45,1,Afternoon,66,Female,Rod,73,1
Bhopal,41,60126,2.96,1,Night,56,Male,Rod,54,0
Jaipur,48,30545,17.57,8,Night,51,Female,Knife,34,1
Patna,45,65114,9.45,11,Night,68,Male,Gun,39,0
Hyderabad,42,103740,16.82,9,Morning,55,Male,Knife,63,1
Lucknow,25,198873,2.16,7,Night,46,Male,Rod,21,0
Jaipur,14,23890,5.96,3,Night,30,Female,Gun,70,1
Chennai,44,131284,3.66,6,Night,29,Male,None,84,0
Mumbai,25,62482,14.31,3,Afternoon,50,Female,Gun,25,1
Bangalore,19,142812,7.12,10,Afternoon,39,Female,None,56,0
Patna,39,171193,15.45,4,Morning,45,Female,Rod,69,1
Delhi,15,152290,15.32,4,Night,45,Female,Rod,18,0
Bhopal,16,81591,12.68,3,Morning,42,Male,None,20,0
Hyderabad,27,98241,12.65,10,Morning,64,Male,Gun,59,1
Bhopal,40,44722,13.2,6,Morning,55,Male,Knife,13,0
Patna,10,59431,12.78,5,Morning,29,Male,Gun,12,0
Bhopal,4,192615,8.19,11,Morning,60,Male,None,77,0
Patna,19,52000,12.93,9,Morning,62,Female,None,38,0
Bhopal,28,81975,16.36,9,Afternoon,26,Female,Knife,37,0
Kolkata,21,40921,7.32,3,Evening,62,Female,Knife,90,1
Lucknow,47,109265,17.12,9,Afternoon,59,Male,Knife,11,0
Jaipur,14,98747,2.22,3,Morning,41,Female,None,86,0
Jaipur,33,171686,7.59,4,Evening,69,Male,Rod,25,0
Chennai,48,27601,4.11,1,Evening,36,Female,Gun,9,0
Delhi,10,103332,4.03,5,Night,24,Female,Knife,75,1
Delhi,19,133254,15.05,9,Morning,69,Female,None,16,0
Chennai,30,161586,16.69,2,Morning,62,Male,Gun,63,1
Bangalore,22,129004,14.44,4,Afternoon,16,Male,Knife,85,1
Jaipur,3,157364,17.63,10,Evening,59,Male,Rod,62,1
Bangalore,37,172582,5.46,2,Evening,21,Male,Gun,92,1
Patna,41,38000,4.25,8,Morning,16,Female,Gun,41,0
Patna,18,140439,10.33,9,Night,37,Male,None,87,1
Mumbai,11,129277,15.26,3,Morning,66,Male,None,49,1
Bhopal,48,40383,2.64,9,Evening,69,Female,None,84,0
Delhi,2,152857,17.93,6,Night,28,Female,Rod,29,0
Mumbai,12,50910,11.64,6,Night,53,Female,Gun,31,1
Lucknow,6,180100,17.66,7,Evening,64,Male,Knife,55,1
Chennai,43,165927,7.84,5,Morning,60,Female,Rod,46,0
Chennai,40,34281,9.33,6,Morning,56,Female,Knife,75,1
Patna,44,123838,14.04,11,Morning,55,Male,Knife,46,0
Jaipur,29,14841,14.68,1,Afternoon,46,Female,None,64,1
Bangalore,30,107204,5.73,3,Afternoon,30,Male,Knife,76,1
Delhi,2,70155,16.88,9,Night,65,Male,Knife,83,1
Mumbai,9,167990,15.88,5,Morning,17,Male,Rod,62,1
Bangalore,47,66313,2.29,5,Afternoon,68,Female,None,84,0
Mumbai,2,121688,4.06,8,Night,46,Female,Knife,76,1
Bhopal,29,158515,9.94,11,Evening,41,Female,Knife,85,1
Lucknow,33,173322,9.38,11,Evening,17,Male,Knife,26,0
Lucknow,10,142994,13.33,2,Morning,26,Female,Gun,62,1
Bangalore,34,41976,3.44,7,Evening,48,Male,Gun,15,0
Bangalore,44,153063,12.32,9,Evening,33,Female,None,10,0
Bangalore,8,114405,11.86,7,Evening,36,Male,Rod,26,0
Mumbai,37,63744,5.74,5,Night,46,Male,None,82,1
Bhopal,33,163805,10.68,6,Evening,41,Male,Gun,16,0
Kolkata,47,12473,5.56,4,Evening,45,Male,None,31,0
Bangalore,6,149180,4.35,7,Night,54,Male,Rod,5,0
Jaipur,44,38715,11.17,1,Afternoon,36,Male,None,68,1
Delhi,40,173282,17.64,4,Night,64,Male,Knife,78,1
Delhi,45,47317,5.79,3,Afternoon,31,Male,Rod,84,1
Mumbai,19,75516,7.69,4,Night,22,Male,Rod,43,0
Bangalore,32,174434,6.11,1,Morning,37,Male,Rod,64,0
Patna,27,64604,6.26,2,Evening,22,Male,None,74,1
Chennai,1,14889,8.47,11,Afternoon,17,Male,None,58,0
Kolkata,43,83748,13.23,9,Night,52,Female,Knife,29,0
Jaipur,33,41971,2.62,7,Afternoon,29,Female,Rod,24,0
Bhopal,40,60551,17.31,6,Afternoon,23,Male,Knife,40,1
Patna,32,144273,2.74,2,Evening,44,Female,Rod,27,0
Lucknow,5,118957,16.1,1,Afternoon,59,Male,Gun,84,1
Patna,17,99882,16.31,2,Night,22,Female,None,5,0
Mumbai,8,47958,10.39,7,Morning,53,Male,Knife,31,0
Kolkata,42,15681,4.19,2,Morning,60,Female,None,56,0
Hyderabad,34,111982,11.04,3,Evening,37,Male,None,6,0
Hyderabad,9,56870,12.06,8,Night,59,Female,Gun,25,0
Bangalore,23,138396,15.72,7,Night,32,Male,Gun,13,0
Bangalore,35,77203,10.81,11,Morning,31,Female,Rod,92,1
Mumbai,7,169224,8.57,11,Night,48,Female,Gun,52,1
Bhopal,15,60061,15.41,11,Afternoon,54,Female,Rod,43,0
Bangalore,20,198691,17.7,9,Evening,50,Male,Gun,46,1
Chennai,25,68235,12.32,4,Morning,53,Female,Gun,75,1
Kolkata,3,47890,15.99,7,Evening,47,Female,Knife,49,1
Mumbai,46,100073,11.58,1,Afternoon,68,Male,Gun,6,0
Delhi,24,71401,13.04,11,Morning,18,Male,Knife,80,1
Lucknow,34,21217,13.01,11,Night,69,Female,Gun,81,1
Mumbai,46,58351,13.28,2,Night,18,Male,Knife,71,1
Mumbai,22,43741,7.14,7,Afternoon,23,Female,None,47,0
Hyderabad,11,161726,11.21,2,Morning,61,Female,Rod,22,0
Jaipur,48,11408,11.51,6,Evening,46,Male,Gun,43,1
Bhopal,8,52903,7.04,10,Morning,24,Female,Knife,10,0
Jaipur,39,117042,7.6,9,Night,20,Female,Gun,46,0
Chennai,43,142290,14.2,11,Morning,43,Male,Knife,56,1
Delhi,35,191644,11.32,5,Morning,30,Male,Knife,31,0
Hyderabad,49,199870,4.39,10,Night,64,Female,Gun,83,1
Delhi,46,132189,15.4,7,Night,42,Female,Rod,19,0
Chennai,38,119268,16.13,1,Evening,57,Female,Knife,23,1
Jaipur,8,40105,9.46,8,Morning,46,Male,None,66,0
Mumbai,37,79634,5.34,9,Night,55,Female,Gun,68,1
Bangalore,27,127426,17.16,5,Afternoon,33,Female,None,55,1
Bangalore,28,148691,16.12,6,Night,53,Female,Knife,51,1
Patna,40,153011,5.91,11,Evening,64,Male,Knife,61,0
Lucknow,34,28226,3.53,8,Evening,69,Female,Gun,24,0
Bhopal,32,35322,9.05,4,Afternoon,19,Female,Rod,24,0
Chennai,15,127504,12.82,2,Evening,36,Male,None,86,1
Lucknow,44,68215,4.81,10,Morning,62,Male,Rod,68,0
Bhopal,17,157950,10.21,8,Evening,57,Female,None,42,0
Lucknow,33,147632,8.81,2,Afternoon,38,Male,Rod,42,0
Jaipur,47,179350,16.25,5,Evening,60,Female,Gun,69,1
Bhopal,46,177284,8.87,6,Afternoon,37,Female,None,80,1
Jaipur,16,104835,10.54,5,Evening,16,Male,Gun,9,0
Mumbai,29,83079,17.28,6,Night,40,Female,Rod,68,1
Hyderabad,9,33946,6.8,6,Afternoon,69,Female,Rod,31,0
Jaipur,33,172812,6.62,3,Evening,69,Female,Rod,24,0
Bangalore,49,120733,14.79,11,Morning,56,Female,Gun,64,1
Lucknow,29,17253,6.44,11,Afternoon,43,Female,Knife,44,0
Patna,13,89311,15.31,3,Afternoon,52,Male,Knife,87,1
Kolkata,21,42813,3.53,9,Evening,26,Female,None,83,0
Bhopal,21,168704,3.78,3,Night,37,Female,Gun,10,0
Chennai,5,58365,16.42,3,Night,69,Male,Gun,77,1
Patna,10,77593,10.65,11,Evening,40,Male,Gun,40,0
Bangalore,6,174503,13.5,2,Evening,68,Male,Rod,91,1
Jaipur,13,178508,5.6,7,Morning,36,Male,Gun,78,1
Hyderabad,1,159485,4.66,10,Evening,51,Male,Knife,69,0
Mumbai,20,48485,15.36,10,Afternoon,35,Male,None,15,0
Kolkata,47,121504,7.74,4,Evening,31,Male,Knife,53,0
Delhi,46,26101,9.28,1,Morning,43,Male,Gun,88,1
Patna,8,18831,2.45,6,Evening,44,Female,None,32,0
Hyderabad,10,61897,8.17,5,Evening,65,Female,None,26,0
Delhi,9,15004,14.33,11,Afternoon,41,Male,Gun,88,1
Kolkata,49,55924,15.14,2,Night,55,Female,Gun,51,1
Chennai,41,162581,13.18,6,Evening,17,Female,Knife,84,1
Chennai,3,47170,13.07,1,Morning,64,Female,Knife,70,1
Lucknow,11,53555,10.1,3,Evening,25,Female,Rod,29,0
Kolkata,12,155734,10.61,4,Evening,28,Female,Rod,71,1
Kolkata,10,128115,13.88,3,Afternoon,30,Male,Rod,91,1
Delhi,25,114216,5.96,6,Night,24,Male,Gun,36,0
Hyderabad,49,75930,5.7,11,Night,42,Female,Gun,21,0
Bhopal,49,188475,17.2,4,Night,23,Male,Rod,44,1
Delhi,25,46365,2.44,1,Evening,21,Female,Rod,88,1
Mumbai,11,72188,4.23,5,Afternoon,51,Female,Knife,34,0
Chennai,36,108633,11.13,5,Afternoon,65,Female,Rod,63,1
Chennai,39,167745,13.81,9,Evening,39,Male,Rod,32,0
Lucknow,26,73471,10.61,8,Afternoon,18,Female,None,51,0
Mumbai,14,158228,7.68,8,Night,41,Female,Rod,27,0
Chennai,39,67287,17.65,5,Afternoon,51,Female,None,87,1
Delhi,40,142717,13.26,8,Evening,36,Male,Rod,61,1
Mumbai,1,69076,15.3,10,Evening,28,Female,None,93,1
Delhi,4,126475,2.64,7,Morning,67,Male,Rod,92,0
Bhopal,30,60151,5.77,1,Morning,26,Female,Knife,5,0
Bhopal,12,77384,7.99,7,Afternoon,23,Female,Gun,33,0
Chennai,35,109865,4.92,11,Afternoon,61,Female,None,54,0
Chennai,13,43541,3.17,8,Evening,61,Male,Gun,68,1
Hyderabad,31,82847,5.6,3,Morning,63,Female,Knife,85,1
Bhopal,38,60955,10.54,9,Morning,29,Female,Rod,79,1
Patna,43,150362,13.13,8,Night,48,Female,Rod,41,0
Patna,23,171215,14.38,2,Night,17,Female,Knife,65,1
Lucknow,4,165581,2.69,6,Evening,67,Female,Gun,11,0
Bhopal,16,97780,8.85,4,Evening,16,Female,Gun,94,1
Delhi,7,177813,3.96,3,Evening,26,Male,Gun,91,1
Delhi,22,167970,8.9,11,Evening,21,Female,Gun,68,1
Bangalore,29,109919,8.94,6,Morning,47,Male,None,22,0
Mumbai,11,122854,9.97,10,Evening,30,Female,Gun,33,0
Jaipur,33,71768,16.29,9,Evening,27,Male,None,64,1
Patna,29,53262,14.88,2,Morning,52,Female,Knife,58,1
Chennai,39,146578,12.19,10,Night,44,Male,Rod,76,1
Lucknow,12,30605,16.17,10,Evening,59,Female,None,25,0
Jaipur,7,88590,12.86,10,Night,37,Male,Gun,25,0
Kolkata,39,38231,15.1,5,Morning,61,Female,Rod,62,1
Lucknow,42,89397,11.02,6,Night,29,Male,None,53,0
Kolkata,48,87123,10.4,4,Morning,34,Female,Rod,40,0
Bhopal,26,23515,13.59,7,Evening,20,Female,Knife,21,0
Kolkata,40,97211,2.32,2,Night,50,Female,Gun,84,1
Kolkata,9,179694,13.05,7,Evening,40,Male,Knife,57,1
Hyderabad,41,26600,16.95,2,Afternoon,65,Male,Rod,19,0
Hyderabad,34,168964,13.42,1,Afternoon,53,Male,Knife,83,1
Hyderabad,45,79310,2.59,11,Night,24,Female,Gun,44,0
Bhopal,13,162873,8.05,5,Morning,22,Male,None,85,1
Jaipur,36,178767,14.95,2,Night,68,Female,Knife,55,1
Lucknow,25,169925,17.34,8,Morning,33,Female,Gun,69,1
Lucknow,24,145501,7.92,8,Afternoon,17,Female,Rod,17,0
Chennai,44,145678,15.46,1,Morning,67,Female,Knife,42,1
Hyderabad,17,145550,15.82,4,Afternoon,25,Female,None,78,1
Bhopal,2,124380,3.97,9,Night,59,Female,Knife,30,0
Chennai,13,181206,15.53,5,Evening,17,Female,Rod,80,1
Mumbai,31,121780,7.19,11,Evening,60,Male,Rod,87,1
Chennai,29,166547,11.49,10,Evening,23,Male,Rod,19,0
Jaipur,28,76177,10.62,6,Morning,22,Female,Knife,9,0
Patna,27,162802,12.61,3,Evening,50,Female,Knife,6,0
Kolkata,15,162185,13.85,5,Morning,38,Male,Knife,82,1
Hyderabad,31,161083,9.05,1,Evening,23,Female,None,69,1
Patna,40,65746,16.21,8,Morning,36,Male,Gun,81,1
Chennai,15,133075,14.95,11,Morning,48,Female,Knife,64,1
Bhopal,33,183925,14.57,6,Afternoon,62,Female,None,60,1
Kolkata,20,95195,9.33,2,Afternoon,16,Male,Rod,82,1
Lucknow,42,46818,2.6,4,Night,27,Male,Knife,42,0
Delhi,12,178393,9.88,4,Afternoon,26,Female,Knife,61,1
Kolkata,37,31309,16.38,9,Morning,63,Female,Knife,55,1
Jaipur,9,159760,5.05,9,Afternoon,45,Male,None,45,0
Jaipur,23,38176,17.72,5,Afternoon,19,Male,Knife,83,1
Chennai,8,78879,14.92,3,Afternoon,49,Male,Knife,74,1
Mumbai,32,77592,13.36,1,Morning,38,Female,Gun,87,1
Jaipur,48,94728,12.83,6,Morning,47,Male,None,56,0
Jaipur,14,150488,11.39,8,Night,18,Female,Gun,5,0
Bhopal,27,181066,13.53,1,Afternoon,43,Male,Gun,89,1
Chennai,25,18584,8.75,11,Afternoon,19,Male,Gun,22,0
Kolkata,13,134555,15.52,1,Morning,65,Male,Gun,31,1
Mumbai,21,103302,13.14,11,Night,27,Male,Rod,76,1
Patna,45,132408,14.34,7,Night,39,Female,Knife,80,1
Delhi,31,28830,14.68,7,Morning,48,Female,Gun,46,1
Hyderabad,37,87066,3.47,2,Afternoon,18,Male,None,10,0
Lucknow,48,13591,2.89,3,Night,19,Female,Knife,94,1
Jaipur,43,103878,14.82,2,Night,45,Female,Gun,84,1
Chennai,5,135407,6.15,6,Afternoon,21,Female,Gun,87,1
Hyderabad,13,126869,11.31,8,Night,64,Male,None,86,1
Lucknow,28,31395,9.1,8,Afternoon,45,Male,Rod,28,0
Lucknow,43,195254,2.35,1,Night,23,Female,None,49,0
Patna,25,26738,2.64,11,Night,33,Male,Rod,88,0
Patna,35,143703,15.23,9,Morning,31,Male,Rod,75,1
Patna,47,158977,11.72,11,Night,68,Male,Rod,11,0
Bangalore,39,29056,10.38,8,Afternoon,21,Male,Gun,20,0
Bangalore,7,131656,17.11,9,Night,39,Female,Gun,62,1
Lucknow,38,125316,4.77,9,Morning,66,Female,Rod,61,0
Patna,32,176519,6.13,11,Night,43,Male,Rod,46,0
Bhopal,3,64418,14.11,6,Evening,47,Female,Gun,18,0
Jaipur,45,47190,14.4,3,Afternoon,40,Female,Rod,60,1
Hyderabad,39,36014,8.48,1,Evening,43,Female,Gun,16,0
Hyderabad,37,191350,17.22,11,Morning,36,Female,Rod,19,0
Bangalore,22,135563,17.01,8,Evening,23,Female,Gun,12,0
Lucknow,8,11780,2.2,10,Night,51,Male,None,62,0
Chennai,17,52192,4.76,3,Afternoon,24,Female,Rod,57,0
Kolkata,27,114875,15.12,7,Evening,55,Female,Rod,13,0
Kolkata,33,109129,7.36,10,Night,36,Male,None,50,0
Bangalore,46,53923,3.53,6,Evening,66,Male,Knife,11,0
Chennai,17,99196,14.56,3,Night,16,Male,Rod,48,1
Bangalore,42,12395,9.27,6,Night,68,Female,Knife,18,0
Kolkata,12,112449,9.88,3,Evening,68,Female,None,79,1
Chennai,48,131747,4.98,9,Morning,19,Male,Rod,10,0
Patna,46,156851,12.57,1,Afternoon,25,Female,Knife,39,1
Lucknow,27,81028,10.82,8,Morning,41,Male,Rod,74,1
Hyderabad,48,170794,5.31,5,Evening,55,Male,Rod,65,0
Bhopal,8,148183,7.45,4,Night,18,Female,Gun,28,0
Mumbai,23,151056,11.55,1,Evening,59,Male,Knife,77,1
Lucknow,42,103176,16.8,9,Night,24,Female,Gun,6,0
Patna,49,36924,16.73,9,Night,47,Male,Gun,82,1
Kolkata,29,193775,6.61,5,Morning,18,Male,Knife,55,0
Patna,20,42577,13.77,11,Morning,19,Male,Knife,35,0
Bangalore,16,148783,14.41,9,Evening,21,Female,Gun,31,1
Chennai,17,95548,14.94,10,Afternoon,24,Male,Rod,35,0
Hyderabad,16,135093,11.13,9,Morning,41,Male,Rod,74,1
Jaipur,19,145168,2.17,7,Night,17,Male,None,47,0
Bangalore,8,76555,14.19,8,Evening,17,Female,Rod,86,1
Lucknow,38,99848,3.71,1,Evening,65,Female,Knife,56,0
Bangalore,38,18254,3.87,4,Afternoon,36,Female,Knife,18,0
Lucknow,29,135410,11.69,10,Evening,37,Female,None,63,0
Jaipur,41,147037,17.74,10,Morning,18,Female,Knife,24,0
Delhi,36,199059,5.88,4,Night,50,Male,Gun,56,1
Hyderabad,26,113025,12.33,9,Evening,65,Male,None,79,1
Bhopal,31,140509,6.86,3,Evening,53,Male,None,44,0
Bhopal,44,42963,16.38,10,Night,48,Male,Rod,72,1
Mumbai,12,13273,11.5,10,Evening,30,Female,Rod,48,0
Patna,17,25330,5.32,1,Evening,26,Male,Gun,10,0
Delhi,15,162566,6.19,11,Afternoon,25,Female,Gun,91,1
Bhopal,9,86422,8.92,5,Morning,51,Female,Rod,61,0
Bangalore,39,132089,3.95,7,Evening,29,Female,Rod,62,0
Patna,42,13212,3.26,4,Morning,17,Male,Gun,76,1
Delhi,48,97594,12.88,9,Afternoon,60,Female,Rod,34,0
Chennai,12,142152,8.51,6,Morning,63,Male,None,56,0
Chennai,32,42675,13.62,6,Afternoon,59,Female,Gun,15,0
Patna,25,32007,3.76,3,Morning,69,Male,Rod,51,0
Lucknow,39,123805,11.76,10,Morning,52,Male,Knife,9,0
Lucknow,18,92641,9.09,10,Evening,66,Female,Knife,7,0
Bangalore,15,105815,2.93,5,Morning,44,Female,Gun,19,0
Delhi,32,56815,10.72,10,Evening,50,Male,Knife,6,0
Delhi,6,93482,3.32,6,Evening,68,Male,Knife,6,0
Patna,44,10639,15.24,4,Morning,35,Female,None,76,1
Kolkata,43,73593,12.11,3,Evening,36,Female,Gun,58,1
Chennai,35,88038,10.91,5,Morning,49,Female,Knife,50,0
Delhi,34,103899,4.14,7,Night,64,Male,Rod,45,0
Patna,38,13736,6.6,11,Evening,68,Female,Gun,73,1
Jaipur,5,26473,9.89,6,Night,58,Male,Gun,34,1
Mumbai,18,138771,12.13,2,Night,48,Female,Knife,48,1
Jaipur,16,135801,4.93,1,Evening,34,Female,Knife,14,0
Hyderabad,8,175091,2.14,5,Afternoon,23,Female,None,92,0
Bangalore,25,117598,7.52,5,Afternoon,46,Male,Rod,87,1
Delhi,32,96623,9.73,6,Night,26,Male,None,34,0
Hyderabad,26,46820,4.95,3,Night,23,Male,None,93,1
Bhopal,22,67589,9.87,1,Morning,40,Male,Rod,79,1
Hyderabad,31,28414,7.42,4,Night,64,Female,Knife,53,1
Patna,43,137378,9.28,4,Evening,35,Female,None,39,0
Delhi,10,34220,7.56,10,Afternoon,53,Female,Gun,69,1
Mumbai,12,70531,12.06,2,Afternoon,22,Male,None,21,0
Patna,28,120002,2.69,8,Afternoon,68,Male,Rod,35,0
Patna,6,183497,4.73,6,Evening,28,Female,None,74,0
Bangalore,20,19387,8.92,3,Morning,54,Female,None,81,1
Bangalore,5,86815,7.7,1,Evening,58,Male,Gun,56,1
Chennai,23,37584,8.27,11,Evening,25,Male,Rod,30,0
Chennai,9,54783,14.86,3,Afternoon,23,Male,Gun,9,0
Lucknow,29,180881,16.18,8,Evening,57,Male,Knife,18,0
Kolkata,16,195399,5.98,4,Night,69,Female,Rod,55,0
Delhi,46,134494,15.38,3,Evening,58,Male,None,19,0
Delhi,22,125814,9.34,11,Afternoon,35,Female,Gun,16,0
Hyderabad,8,140752,6.38,4,Afternoon,32,Female,Gun,50,1
Delhi,20,151929,17.77,11,Evening,26,Female,Rod,68,1
Delhi,14,183333,15.2,4,Night,31,Male,Gun,76,1
Kolkata,39,83588,17.91,2,Night,52,Female,Rod,63,1
Bhopal,37,158067,4.69,4,Afternoon,57,Female,Knife,30,0
Chennai,34,23580,4.3,11,Night,47,Female,Rod,33,0
Chennai,11,28240,10.05,9,Night,41,Male,Rod,8,0
Mumbai,40,93446,12.22,4,Morning,67,Female,Knife,54,1
Delhi,33,114533,4.74,1,Morning,52,Female,Knife,29,0
Kolkata,31,187183,15.77,1,Night,67,Female,None,44,1
Chennai,44,175938,10.51,1,Night,24,Male,Gun,36,1
Kolkata,34,90974,8.58,5,Morning,50,Male,Knife,79,1
Jaipur,7,83401,11.63,6,Morning,18,Female,Knife,41,0
Bhopal,49,153283,12.16,6,Morning,46,Female,Gun,14,0
Delhi,23,174340,2.68,6,Afternoon,57,Male,Gun,42,0
Mumbai,46,13646,18.0,9,Afternoon,22,Male,None,65,1
Hyderabad,7,196443,7.82,1,Morning,17,Male,None,31,0
Chennai,25,52816,2.98,10,Morning,40,Female,Rod,85,0
Jaipur,3,99460,15.64,6,Morning,55,Male,None,11,0
Kolkata,38,54112,17.89,8,Afternoon,27,Male,Knife,77,1
Bangalore,20,61048,15.06,8,Afternoon,45,Male,Knife,13,0
Patna,34,195983,15.63,3,Night,69,Male,Gun,63,1
Delhi,49,142850,12.01,5,Evening,45,Female,None,40,0
Delhi,44,55752,16.76,10,Night,44,Male,Rod,34,0
Jaipur,44,80726,2.57,4,Evening,56,Female,Rod,23,0
Kolkata,30,168361,14.27,1,Evening,26,Male,Rod,45,1
Lucknow,17,54788,12.73,9,Evening,66,Female,Rod,59,1
Delhi,10,14747,2.79,5,Night,67,Female,Gun,91,1
Lucknow,35,10045,10.7,2,Afternoon,38,Female,None,88,1
Bangalore,20,17758,10.24,2,Afternoon,32,Female,None,10,0
Jaipur,18,135076,13.06,11,Afternoon,28,Male,None,92,1
Kolkata,45,164509,3.24,7,Afternoon,48,Female,None,26,0
Kolkata,44,160657,14.88,4,Night,16,Female,Rod,74,1
Bhopal,27,150926,4.23,1,Morning,55,Female,Rod,28,0
Patna,49,193148,8.7,5,Evening,28,Female,Gun,66,1
Chennai,36,66950,16.1,2,Afternoon,53,Female,Gun,46,1
Chennai,23,158421,10.97,7,Afternoon,18,Male,Rod,26,0
Hyderabad,32,162420,8.07,9,Night,31,Female,Knife,86,1
Mumbai,10,175368,2.77,1,Evening,57,Female,None,20,0
Jaipur,11,29455,12.76,2,Afternoon,22,Female,Gun,17,0
Bangalore,38,195093,17.78,11,Morning,69,Female,Rod,41,0
Kolkata,6,180365,16.59,6,Afternoon,68,Female,None,56,1
Patna,41,98552,13.48,8,Evening,18,Male,None,28,0
Lucknow,47,56116,3.68,7,Morning,29,Male,Rod,87,0
Jaipur,34,130461,5.83,9,Night,31,Male,Knife,88,1
Hyderabad,36,50484,4.99,2,Morning,19,Female,Knife,21,0
Jaipur,37,171287,7.69,9,Evening,46,Female,Gun,20,0
Hyderabad,17,91638,5.77,4,Evening,28,Male,Rod,5,0
Kolkata,40,144476,5.91,11,Morning,42,Female,Gun,89,1
Mumbai,40,178332,11.87,3,Afternoon,16,Male,Knife,5,0
Hyderabad,12,110647,7.1,7,Evening,40,Female,Gun,34,0
Kolkata,21,75642,12.83,5,Morning,52,Female,Gun,88,1
Kolkata,40,56009,17.17,5,Evening,65,Female,Knife,28,1
Mumbai,19,138824,12.22,2,Afternoon,59,Male,None,50,0
Chennai,3,39605,14.03,6,Afternoon,26,Male,None,6,0
Jaipur,18,120879,14.03,6,Morning,24,Male,Knife,19,0
Delhi,19,194277,7.29,4,Night,22,Male,None,33,0
Delhi,47,178641,2.24,5,Night,29,Male,Rod,66,0
Lucknow,6,130827,2.88,7,Afternoon,45,Male,None,17,0
Lucknow,16,15580,6.51,8,Night,39,Female,Knife,87,1
Delhi,8,124902,13.03,6,Afternoon,18,Male,Rod,69,1
Bangalore,48,15400,16.51,5,Night,63,Male,Gun,49,1
Delhi,18,180715,17.34,3,Afternoon,54,Male,Knife,51,1
Lucknow,48,106032,2.41,7,Evening,42,Male,Knife,20,0
Patna,43,137319,17.84,8,Morning,16,Female,None,7,0
Lucknow,39,116960,7.16,3,Morning,53,Male,Rod,74,1
Bangalore,49,49015,15.49,5,Night,41,Male,Knife,9,0
Jaipur,49,81713,4.88,11,Morning,21,Male,Rod,30,0
Delhi,12,156046,3.01,2,Night,57,Male,Rod,19,0
Mumbai,45,155109,8.05,10,Afternoon,27,Female,None,77,0
Patna,10,157239,15.74,10,Evening,69,Female,Knife,59,1
Kolkata,7,98754,5.53,4,Morning,66,Female,Rod,26,0
Bangalore,46,53148,4.46,4,Evening,53,Male,Rod,41,0
Lucknow,1,162606,16.56,8,Morning,61,Male,Gun,89,1
Mumbai,49,132790,17.01,3,Afternoon,50,Male,None,33,0
Hyderabad,36,96078,2.2,5,Morning,25,Female,Knife,30,0
Chennai,21,66879,13.64,11,Morning,24,Female,Rod,74,1
Delhi,37,129894,6.95,5,Afternoon,38,Male,None,15,0
Chennai,24,75839,8.0,2,Night,45,Male,Knife,24,0
Bangalore,25,39756,9.51,9,Night,67,Male,Rod,88,1
Hyderabad,7,153755,8.83,4,Afternoon,66,Female,Knife,74,1
Hyderabad,42,190557,10.24,9,Night,37,Male,Knife,37,0
Hyderabad,17,152097,11.32,9,Morning,62,Female,None,34,0
Kolkata,29,159787,9.45,2,Evening,24,Female,None,54,0
Bangalore,30,102943,13.23,9,Afternoon,34,Female,Gun,38,1
Jaipur,7,158188,13.5,9,Morning,23,Female,Gun,9,0
Chennai,33,46744,9.05,2,Afternoon,69,Male,Gun,84,1
Jaipur,7,134697,4.28,11,Evening,19,Female,Rod,16,0
Mumbai,24,126072,12.25,6,Morning,20,Male,Gun,80,1
Bhopal,11,143196,14.37,9,Morning,34,Female,Knife,79,1
Patna,9,179123,12.21,4,Evening,61,Male,None,56,1
Patna,12,17176,11.41,2,Evening,33,Female,Knife,55,1
Jaipur,35,101310,5.67,7,Night,44,Female,None,25,0
Bhopal,4,159748,12.32,9,Morning,34,Female,None,75,1
Bhopal,36,55177,7.36,6,Evening,21,Male,Knife,62,1
Delhi,28,120623,16.71,11,Evening,20,Female,Knife,68,1
Mumbai,13,10997,12.46,11,Morning,58,Female,Rod,10,0
Bangalore,23,184841,6.45,4,Night,20,Female,None,53,0
Bhopal,19,130179,9.57,1,Afternoon,23,Female,Gun,76,1
Lucknow,42,130403,15.55,4,Night,42,Male,Rod,41,1
Patna,37,152303,7.37,3,Evening,52,Male,Gun,14,0
Lucknow,39,105287,10.41,7,Afternoon,58,Male,Rod,84,1
Mumbai,24,129574,12.87,11,Afternoon,60,Male,None,70,0
Bhopal,16,131509,14.07,11,Night,53,Female,Knife,60,1
Chennai,33,95447,4.78,10,Afternoon,52,Female,Knife,87,1
Patna,12,119522,11.04,5,Evening,33,Female,None,75,1
Delhi,34,197037,16.6,3,Morning,41,Male,Knife,70,1
Delhi,7,91144,17.49,2,Morning,57,Female,None,49,1
Hyderabad,11,102693,12.5,2,Morning,31,Male,None,91,1
Kolkata,31,104315,17.74,5,Night,37,Male,None,72,1
Bhopal,29,37387,11.13,8,Morning,61,Male,Rod,68,1
Mumbai,13,14090,9.08,8,Morning,38,Female,Knife,20,0
Patna,31,130846,10.83,5,Morning,62,Female,Rod,14,0
Kolkata,2,166017,3.85,2,Afternoon,18,Female,Gun,25,0
Mumbai,39,50239,8.43,4,Afternoon,18,Male,None,16,0
Jaipur,15,13743,9.33,7,Afternoon,27,Female,Knife,17,0
Bhopal,11,40924,15.58,6,Evening,38,Female,Gun,85,1
Bangalore,34,151268,14.14,10,Evening,62,Male,None,86,1
Bangalore,39,140160,11.62,7,Evening,26,Female,Gun,14,0
Bhopal,4,101815,7.56,5,Morning,57,Female,Rod,17,0
Hyderabad,11,115312,4.99,2,Afternoon,67,Male,Rod,38,0
Hyderabad,29,78860,7.56,8,Evening,62,Male,Knife,63,0
Bangalore,2,182472,12.88,2,Night,65,Female,Gun,53,1
Chennai,16,90399,6.21,8,Afternoon,61,Male,Gun,10,0
Patna,39,58795,8.83,7,Morning,44,Female,Rod,16,0
Bangalore,13,61553,8.19,3,Afternoon,21,Female,Rod,33,0
Chennai,37,113976,14.25,4,Morning,61,Male,Knife,81,1
Kolkata,17,165183,16.14,7,Evening,31,Male,None,30,0
Chennai,21,123566,13.19,4,Morning,49,Male,Knife,72,1
Kolkata,44,129968,7.47,9,Morning,66,Male,Rod,83,1
Mumbai,19,71600,8.93,7,Night,52,Female,Knife,20,0
Lucknow,7,60022,4.29,1,Afternoon,26,Male,None,57,0
Mumbai,38,144271,4.69,1,Morning,26,Male,Rod,23,0
Bangalore,8,60897,4.63,4,Night,68,Male,None,51,0
Kolkata,13,48038,4.09,9,Night,40,Male,Knife,94,1
Bangalore,37,133323,4.87,4,Night,34,Female,None,36,0
Bhopal,2,196110,5.24,5,Evening,47,Male,Rod,74,1
Patna,41,130278,3.79,1,Evening,65,Male,Rod,74,1
Delhi,11,121054,12.24,2,Morning,23,Female,None,65,1
Bangalore,24,17897,17.85,11,Afternoon,27,Male,Knife,9,0
Patna,6,74541,16.07,4,Evening,56,Female,Knife,63,1
Chennai,26,116968,2.73,4,Evening,50,Female,Knife,6,0
Mumbai,7,24892,8.77,11,Morning,21,Female,Knife,6,0
Chennai,39,149343,15.75,10,Morning,36,Female,Gun,7,0
Delhi,19,34815,4.15,6,Evening,68,Male,Gun,74,1
Kolkata,6,55612,15.56,6,Morning,41,Female,None,47,0
Bhopal,43,174429,11.48,8,Night,16,Male,Gun,9,0
Patna,29,26267,16.9,9,Morning,32,Female,Gun,54,1
Bhopal,43,28268,16.02,1,Night,50,Female,Gun,14,1
Lucknow,39,124463,12.83,1,Evening,42,Male,None,31,0
Bangalore,2,155335,12.53,6,Afternoon,65,Male,Gun,28,0
Kolkata,19,105347,5.41,4,Night,65,Female,Knife,26,0
Lucknow,4,104542,3.87,11,Afternoon,17,Male,Knife,93,1
Jaipur,6,182343,8.65,4,Evening,51,Female,None,7,0
Bangalore,49,76612,4.99,1,Morning,16,Male,None,20,0
Chennai,37,148307,3.64,9,Night,25,Female,None,34,0
Mumbai,28,98757,6.84,11,Night,46,Male,Rod,47,0
Patna,30,157489,15.77,3,Evening,52,Male,Gun,8,1
Delhi,7,108075,2.27,5,Evening,20,Female,None,44,0
Delhi,9,44609,6.68,10,Morning,56,Female,None,20,0
Chennai,25,112785,8.78,1,Afternoon,61,Female,None,76,1
Hyderabad,33,174974,10.17,8,Night,68,Male,Knife,92,1
Delhi,1,33645,4.91,3,Afternoon,28,Male,None,20,0
Patna,6,72233,17.43,1,Night,60,Female,Knife,70,1
Chennai,18,121443,11.26,10,Night,39,Male,Knife,59,1
Kolkata,10,164473,10.35,6,Morning,42,Female,Rod,24,0
Delhi,28,17771,2.14,1,Night,16,Male,None,55,0
Bhopal,11,182407,9.77,3,Night,64,Male,Rod,88,1
Chennai,33,112601,15.4,5,Evening,35,Male,None,88,1
Patna,1,143014,5.51,4,Morning,23,Female,Gun,87,1
Bhopal,13,161460,7.62,7,Evening,18,Male,None,61,0
Bangalore,37,135224,2.33,6,Night,64,Male,None,55,0
Bangalore,20,93251,17.63,3,Morning,47,Male,None,22,0
Delhi,1,67042,3.07,11,Night,59,Male,None,81,0
Bhopal,3,63740,16.37,8,Morning,40,Female,None,85,1
Mumbai,18,57024,7.01,8,Afternoon,40,Male,None,63,0
Bangalore,41,164522,11.4,2,Afternoon,65,Male,Rod,32,0
Mumbai,14,66965,12.87,7,Morning,29,Male,Gun,73,1
Kolkata,31,20057,4.25,1,Night,58,Male,Rod,32,0
Chennai,27,18983,9.1,2,Morning,42,Female,Gun,93,1
Lucknow,17,140469,7.21,8,Night,63,Male,Rod,88,1
Patna,46,29995,2.91,1,Afternoon,47,Male,Rod,89,1
Chennai,29,124587,15.33,2,Night,42,Male,None,17,0
Patna,36,48886,2.72,1,Evening,19,Male,Rod,10,0
Bhopal,37,99025,12.45,5,Afternoon,65,Female,Gun,33,1
Kolkata,26,105149,7.03,7,Evening,54,Male,Knife,13,0
Jaipur,17,104020,5.07,6,Afternoon,26,Male,Gun,33,0
Delhi,22,12673,12.67,6,Afternoon,63,Female,Rod,42,0
Patna,25,175962,11.19,6,Evening,63,Male,Knife,69,1
Patna,2,87513,7.04,8,Morning,18,Female,None,60,0
Bhopal,22,33466,10.21,5,Night,40,Male,Knife,34,0
Mumbai,5,102545,5.94,10,Afternoon,39,Male,None,63,0
Chennai,4,60406,15.82,7,Night,24,Male,Gun,91,1
Jaipur,36,144760,7.02,3,Afternoon,23,Male,Knife,62,1
Hyderabad,6,79284,5.92,9,Night,54,Male,Knife,14,0
Delhi,21,124579,14.03,10,Afternoon,46,Male,Knife,25,0
Lucknow,13,23665,2.28,3,Morning,32,Male,None,60,0
Hyderabad,37,30641,6.29,6,Afternoon,58,Male,None,30,0
Chennai,25,173572,8.01,3,Morning,46,Male,Gun,19,0
Delhi,26,45797,16.12,1,Afternoon,19,Male,Gun,85,1
Patna,39,55950,17.21,1,Night,19,Male,Rod,39,1
Lucknow,20,166118,13.46,3,Evening,52,Male,None,93,1
Mumbai,33,139554,9.88,4,Afternoon,23,Female,Gun,19,0
Jaipur,14,112339,12.25,2,Afternoon,57,Male,Knife,79,1
Mumbai,36,123431,8.62,9,Morning,64,Female,Knife,92,1
Kolkata,17,150710,6.78,11,Night,21,Female,Knife,10,0
Bhopal,21,31173,17.21,8,Morning,24,Male,Gun,32,1
Delhi,46,154294,3.85,3,Night,57,Female,Knife,67,1
Mumbai,16,191136,7.54,7,Night,23,Male,Knife,33,0
Hyderabad,46,178082,16.39,4,Morning,47,Male,None,52,1
Bhopal,16,28095,13.57,5,Evening,30,Female,None,67,1
Mumbai,20,133554,2.47,4,Night,33,Female,Gun,62,1
Bangalore,29,142511,2.37,9,Evening,38,Female,None,25,0
Kolkata,28,135614,10.26,11,Morning,20,Male,Rod,80,1
Chennai,8,146447,9.75,7,Evening,65,Female,Gun,26,0
Jaipur,24,99023,9.09,4,Night,42,Female,Rod,31,0
Kolkata,3,117181,6.84,8,Morning,48,Female,Rod,89,1
Bhopal,25,30600,17.79,2,Evening,17,Male,Gun,83,1
Bangalore,19,12466,6.35,7,Morning,57,Male,None,61,0
Delhi,33,186169,9.84,11,Morning,53,Female,None,86,0
Hyderabad,2,119934,8.48,1,Evening,43,Female,Gun,14,0
Jaipur,15,63276,4.72,8,Night,39,Female,Rod,26,0
Jaipur,22,191189,5.24,6,Night,66,Female,Gun,48,1
Kolkata,10,188043,16.69,5,Night,36,Female,Gun,88,1
Bhopal,18,16928,15.73,9,Night,46,Female,Knife,87,1
Delhi,22,65309,5.18,9,Afternoon,26,Female,Knife,32,0
Patna,46,181960,16.01,3,Morning,65,Male,Rod,54,1
Bangalore,49,184904,5.35,9,Morning,43,Female,None,55,0
Patna,27,126196,12.02,9,Afternoon,63,Female,Knife,5,0
Hyderabad,13,19404,3.3,2,Morning,55,Male,Knife,38,0
Delhi,33,174711,16.09,5,Morning,19,Female,Rod,39,0
Delhi,5,123187,2.82,11,Evening,58,Male,Gun,94,1
Bangalore,26,120449,10.88,2,Afternoon,57,Female,Knife,65,1
Lucknow,13,37684,14.48,1,Morning,31,Male,None,34,0
Patna,27,78591,3.87,7,Morning,27,Female,Rod,80,0
Mumbai,14,129821,8.47,4,Afternoon,37,Female,Knife,82,1
Jaipur,24,12682,2.67,5,Afternoon,50,Male,Rod,72,0
Lucknow,3,121186,12.92,4,Evening,58,Male,Knife,80,1
Mumbai,47,179118,6.92,6,Evening,31,Male,Knife,92,1
Bhopal,49,31832,10.95,11,Night,39,Female,Rod,44,0
Bangalore,30,26997,16.92,2,Night,50,Female,None,69,1
Bhopal,35,44640,6.89,8,Evening,43,Female,None,41,0
Jaipur,48,50491,2.78,4,Morning,57,Female,Gun,68,1
Chennai,14,73043,12.81,8,Afternoon,44,Female,Knife,5,0
Mumbai,12,122175,14.59,3,Evening,36,Male,Gun,19,1
Lucknow,28,138568,17.33,11,Night,63,Female,Rod,17,0
Mumbai,44,124250,4.52,5,Afternoon,40,Male,Gun,33,0
Mumbai,29,82725,8.27,3,Night,54,Male,Rod,59,1
Bangalore,43,138131,15.51,7,Morning,46,Female,None,49,0
Bhopal,17,55520,14.91,3,Morning,30,Female,Rod,8,0
Patna,40,72919,12.0,8,Night,62,Male,Rod,68,1
Chennai,49,119869,6.31,9,Afternoon,57,Female,Gun,19,0
Bangalore,21,74442,6.54,2,Night,50,Male,Knife,52,1
Hyderabad,23,162842,3.98,3,Afternoon,53,Female,Gun,80,1
Bangalore,20,115246,16.75,7,Evening,65,Male,None,60,1
Jaipur,11,188570,4.77,5,Night,37,Female,None,93,1
Chennai,34,119687,11.17,10,Night,20,Female,None,74,1
Delhi,10,133447,11.35,7,Afternoon,63,Female,Knife,91,1
Hyderabad,10,71477,7.91,2,Evening,28,Male,Gun,19,0
Kolkata,43,10244,7.64,4,Afternoon,47,Female,Rod,43,0
Bangalore,6,173860,12.7,1,Afternoon,18,Male,Rod,73,1
Mumbai,36,89453,8.21,5,Night,30,Female,Knife,91,1
Patna,24,198809,6.08,8,Night,42,Female,None,83,1
Delhi,12,187561,8.39,1,Afternoon,67,Male,Knife,93,1
Bangalore,43,137962,14.92,7,Morning,42,Male,Rod,64,1
Bangalore,23,81303,17.46,7,Morning,45,Male,None,48,0
Lucknow,27,38390,12.18,7,Morning,21,Female,Knife,47,0
Lucknow,45,20247,14.51,1,Night,40,Female,Rod,8,0
Delhi,37,175750,10.53,11,Night,43,Female,Rod,81,1
Bhopal,6,39583,12.0,3,Evening,37,Female,Knife,54,1
Lucknow,1,149148,17.81,11,Night,19,Female,Rod,43,1
Mumbai,6,159078,9.01,2,Evening,30,Female,Gun,58,1
Hyderabad,22,156123,3.06,5,Night,41,Female,Gun,27,0
Kolkata,41,145386,17.31,2,Morning,33,Male,None,64,1
Chennai,24,38670,14.69,5,Morning,24,Female,Gun,84,1
Kolkata,25,134920,8.37,5,Afternoon,67,Male,Gun,39,0
Kolkata,15,20236,17.72,4,Afternoon,19,Female,Knife,58,1
Chennai,26,45568,7.53,11,Evening,63,Male,None,62,0
Lucknow,8,117327,7.95,7,Evening,65,Male,Knife,66,1
Delhi,24,120188,11.76,10,Afternoon,20,Male,Knife,84,1
Chennai,48,26352,6.39,6,Evening,60,Female,Gun,52,1
Jaipur,38,135721,13.18,2,Night,21,Male,Gun,11,1
Bhopal,6,186722,4.45,4,Morning,69,Male,Rod,49,0
Hyderabad,35,151418,3.73,11,Afternoon,66,Male,Rod,17,0
Patna,42,166228,10.56,7,Afternoon,27,Male,None,57,0
Lucknow,1,65904,10.89,9,Night,46,Female,Gun,43,1
Bhopal,46,155107,3.71,9,Evening,62,Female,Rod,88,1
Chennai,36,132141,17.43,3,Afternoon,24,Female,Knife,22,1
Jaipur,12,26108,11.17,1,Afternoon,22,Female,Gun,26,1
Patna,38,12853,4.42,9,Night,44,Male,None,40,0
Hyderabad,11,94156,6.98,8,Morning,29,Female,None,57,0
Hyderabad,12,14176,14.8,7,Afternoon,66,Male,Knife,76,1
Lucknow,42,110459,10.37,6,Afternoon,35,Female,Rod,7,0
Chennai,39,166992,5.01,10,Night,63,Male,Knife,66,0
Bhopal,7,195922,3.65,7,Afternoon,47,Male,Rod,33,0
Delhi,11,147901,8.89,11,Afternoon,37,Male,Gun,77,1
Bhopal,36,133225,7.4,9,Morning,51,Male,None,12,0
Bhopal,31,128458,12.49,6,Afternoon,59,Female,Rod,80,1
Hyderabad,33,120893,16.8,10,Night,33,Female,Knife,50,1
Delhi,13,83927,5.96,3,Morning,55,Male,Gun,60,1
Delhi,18,128178,15.68,3,Morning,64,Male,Rod,53,1
Lucknow,41,50667,16.73,4,Morning,40,Female,Gun,47,1
Patna,24,176915,16.43,10,Evening,46,Female,Gun,14,0
Bangalore,9,191880,17.23,10,Night,50,Female,Knife,17,0
Kolkata,31,171615,15.47,8,Evening,41,Male,Knife,61,1
Kolkata,41,16611,11.5,10,Afternoon,19,Male,Gun,6,0
Hyderabad,10,98242,8.56,9,Morning,57,Male,Gun,69,1
Bangalore,2,94612,9.87,8,Evening,63,Male,Rod,90,1
Patna,38,56902,15.96,11,Afternoon,35,Female,Knife,84,1
Bangalore,15,43043,6.82,10,Evening,49,Male,Rod,46,0
Lucknow,3,146343,4.55,2,Morning,27,Female,None,62,0
Bhopal,43,82867,4.25,4,Afternoon,31,Male,Rod,14,0
Hyderabad,31,87089,15.23,4,Morning,57,Female,Gun,67,1
Delhi,6,68745,14.18,2,Morning,20,Male,None,75,1
Hyderabad,3,152645,9.96,8,Evening,59,Female,Rod,65,1
Kolkata,11,162481,6.4,3,Night,50,Female,None,5,0
Patna,15,95970,12.84,2,Afternoon,59,Male,Knife,30,0
Bangalore,45,34464,2.61,7,Afternoon,42,Female,Rod,9,0
Patna,28,183912,11.09,1,Night,16,Female,Rod,39,0
Lucknow,10,189857,8.37,6,Afternoon,49,Female,Knife,17,0
Hyderabad,38,128523,17.65,3,Evening,58,Male,Rod,31,1
Chennai,47,30662,10.12,3,Afternoon,47,Male,None,16,0
Hyderabad,7,28228,10.84,5,Evening,59,Male,Knife,54,1
Delhi,15,70721,13.4,3,Afternoon,54,Male,None,63,1
Hyderabad,18,190295,9.75,4,Evening,48,Female,Rod,35,0
Jaipur,18,148458,5.59,3,Night,46,Female,Rod,73,1
Lucknow,41,16862,10.6,7,Afternoon,28,Male,Rod,41,0
Mumbai,24,50108,17.11,3,Evening,60,Female,Rod,6,0
Lucknow,2,101788,8.56,10,Morning,17,Male,None,75,0
Bangalore,40,90140,12.87,4,Morning,45,Male,Rod,69,1
Mumbai,20,168273,17.65,2,Morning,25,Female,Knife,7,0
Bangalore,34,78578,15.28,2,Afternoon,38,Male,Knife,24,0
Bangalore,43,59966,12.54,9,Evening,48,Female,Gun,6,0
Delhi,26,195846,13.78,11,Morning,54,Male,Knife,46,0
Delhi,7,20386,16.98,1,Afternoon,60,Male,Gun,47,1
Bhopal,38,87228,17.36,1,Evening,44,Male,Knife,25,1
Kolkata,30,156297,17.5,10,Morning,45,Female,Knife,49,1
Bhopal,42,157765,12.01,1,Morning,49,Male,Rod,24,0
Bhopal,5,82197,8.16,3,Afternoon,67,Female,Knife,47,0
Kolkata,11,53021,4.13,2,Evening,54,Male,Rod,54,0
Chennai,1,128915,8.17,3,Afternoon,32,Male,Rod,47,0
Mumbai,34,159333,17.09,5,Morning,37,Female,Knife,28,0
Patna,1,168450,16.24,9,Afternoon,20,Female,None,86,1
Bhopal,19,127174,10.38,2,Afternoon,26,Female,Rod,88,1
Hyderabad,2,96755,10.59,11,Morning,37,Female,Knife,64,0
Hyderabad,21,153009,6.94,1,Morning,47,Female,None,36,0
Bangalore,20,76330,9.27,11,Evening,39,Female,Knife,9,0
Kolkata,23,188438,13.43,6,Evening,26,Male,Knife,6,0
Bangalore,21,82322,8.44,3,Morning,26,Female,None,30,0
Jaipur,24,112318,5.01,7,Morning,32,Male,Knife,29,0
Jaipur,4,181232,10.65,6,Night,47,Male,Rod,54,1
Patna,12,55313,5.61,11,Night,34,Male,Gun,90,1
Delhi,22,37032,17.59,7,Evening,42,Female,Gun,43,1
Delhi,20,158430,8.25,5,Afternoon,47,Male,Knife,90,1
Kolkata,18,71710,16.55,1,Morning,40,Male,Gun,79,1
Kolkata,1,105326,5.61,3,Morning,43,Male,Gun,15,0
Bhopal,30,96157,5.03,3,Afternoon,55,Female,Gun,67,1
Jaipur,33,189893,11.87,7,Evening,67,Male,Rod,72,1
Bhopal,24,38365,14.47,3,Night,42,Female,Rod,22,0
Delhi,14,23189,11.07,11,Evening,29,Male,Gun,32,0
Mumbai,36,17248,5.68,5,Afternoon,57,Female,None,46,0
Mumbai,5,14369,2.61,4,Morning,54,Female,None,64,0
Kolkata,11,149122,11.89,4,Night,17,Male,None,26,0
Bangalore,24,38605,4.1,7,Afternoon,32,Male,Rod,44,0
Delhi,31,59616,7.49,1,Morning,16,Female,Rod,66,1
Mumbai,13,195551,12.81,7,Evening,60,Female,Rod,7,0
Delhi,16,113719,3.57,8,Night,47,Female,Rod,75,0
Lucknow,24,181955,4.04,3,Morning,34,Male,Gun,67,1
Hyderabad,13,43055,2.99,3,Morning,29,Male,Rod,24,0
Jaipur,24,126680,17.94,4,Morning,46,Male,Gun,75,1
Bhopal,26,17450,8.19,6,Morning,33,Male,None,75,0
Delhi,2,143997,16.49,7,Morning,67,Male,Gun,30,1
Hyderabad,16,60272,6.7,1,Evening,29,Female,None,45,0
Lucknow,38,15310,14.05,4,Afternoon,62,Female,Rod,7,0
Bhopal,46,41817,5.51,7,Night,29,Female,None,47,0
Delhi,1,185600,9.97,11,Evening,39,Female,None,21,0
Kolkata,49,196851,15.19,2,Night,20,Female,Gun,88,1
Hyderabad,11,92641,15.06,1,Morning,31,Female,None,57,1
Bhopal,35,25457,14.71,1,Afternoon,20,Male,Knife,56,1
Delhi,43,52311,15.18,10,Morning,69,Female,None,37,0
Hyderabad,29,145052,5.38,6,Evening,28,Male,Rod,84,1
Lucknow,37,161958,9.72,5,Evening,31,Male,None,64,0
Delhi,17,191949,9.76,1,Night,30,Male,Knife,91,1
Delhi,39,133573,16.25,10,Morning,46,Male,Gun,72,1
Delhi,42,107427,6.75,3,Morning,20,Female,None,60,0
Patna,28,46181,16.9,11,Afternoon,36,Female,Knife,68,1
Kolkata,29,174334,9.21,7,Afternoon,45,Male,Rod,12,0
Lucknow,43,142019,12.72,9,Morning,38,Male,Rod,73,1
Bhopal,3,141094,6.3,9,Night,53,Female,Gun,37,0
Patna,10,11128,8.56,6,Afternoon,44,Female,Rod,29,0
Bangalore,42,89522,13.36,3,Morning,28,Female,Knife,75,1
Patna,14,173394,10.2,1,Morning,47,Male,None,11,0
Jaipur,12,58929,16.89,3,Morning,63,Female,Knife,63,1
Jaipur,47,91696,13.79,10,Evening,57,Female,Gun,37,1
Delhi,42,125245,11.03,2,Night,42,Male,None,45,0
Patna,30,19808,16.19,11,Morning,49,Male,Knife,37,0
Bangalore,32,105148,12.65,5,Morning,60,Female,Gun,33,1
Patna,32,193954,12.36,8,Morning,64,Male,Gun,43,1
Kolkata,42,31725,5.94,5,Afternoon,48,Male,None,61,0
Kolkata,32,82534,8.32,1,Morning,19,Male,None,68,1
Bangalore,26,49950,12.93,3,Evening,33,Male,Rod,90,1
Patna,1,93576,16.27,5,Evening,21,Male,Rod,70,1
Hyderabad,42,30557,7.05,7,Night,43,Female,None,13,0
Kolkata,2,31825,5.45,5,Morning,59,Female,Rod,33,0
Kolkata,17,18998,11.5,10,Morning,42,Female,None,78,0
Mumbai,30,46080,3.08,5,Morning,41,Female,Rod,32,0
Patna,39,198869,13.43,7,Evening,35,Female,Knife,57,1
Kolkata,7,156874,13.25,8,Afternoon,28,Male,Gun,50,1
Lucknow,27,152239,7.68,8,Afternoon,43,Female,None,43,0
Patna,9,52407,16.28,7,Morning,49,Female,None,80,1
Jaipur,22,130283,10.03,3,Afternoon,64,Male,None,62,0
Mumbai,34,23338,12.33,11,Night,38,Female,Knife,90,1
Kolkata,46,86289,5.35,2,Evening,25,Female,Gun,58,1
Mumbai,49,159967,8.68,1,Morning,66,Female,Rod,10,0
Jaipur,1,188982,15.8,6,Afternoon,45,Female,Rod,49,1
Bangalore,9,141029,5.41,9,Morning,37,Male,Gun,44,0
Bangalore,20,119367,8.25,3,Morning,20,Male,Rod,27,0
Patna,19,75898,7.09,5,Evening,68,Male,None,46,0
Jaipur,36,144526,4.42,9,Evening,59,Male,Gun,42,0
Chennai,40,127486,6.64,9,Afternoon,65,Female,Knife,20,0
Chennai,45,96540,5.72,7,Evening,24,Female,Gun,78,1
Patna,4,191709,16.78,4,Night,58,Female,None,51,1
Delhi,9,146421,13.86,11,Morning,19,Female,Gun,25,0
Mumbai,41,135416,7.06,2,Evening,57,Female,Knife,78,1
Mumbai,22,49963,14.21,2,Afternoon,16,Female,Knife,79,1
Bangalore,18,148822,2.35,4,Afternoon,49,Female,Gun,25,0
Chennai,12,104929,10.42,1,Afternoon,56,Male,Gun,29,1
Bhopal,42,163535,6.01,4,Night,41,Male,Rod,65,1
Kolkata,43,84935,3.83,11,Evening,33,Male,Rod,58,0
Kolkata,39,199864,16.14,6,Evening,31,Male,None,93,1
Kolkata,9,23686,5.19,6,Night,38,Male,Rod,64,0
Bangalore,6,73528,15.16,7,Evening,61,Male,None,46,0
Jaipur,19,109811,8.61,5,Evening,51,Male,None,65,0
Hyderabad,48,32787,2.23,9,Evening,41,Female,Gun,36,0
Chennai,47,155848,13.72,2,Night,17,Female,Rod,57,1
Chennai,7,125613,11.54,2,Night,59,Female,Knife,48,1
Bhopal,16,198499,7.51,4,Afternoon,67,Female,Knife,15,0
Mumbai,5,114887,6.5,4,Night,20,Male,Gun,51,1
Delhi,16,71086,3.18,4,Night,44,Male,Knife,94,1
Patna,1,112231,17.06,1,Afternoon,19,Male,Knife,64,1
Mumbai,37,73308,9.9,4,Night,62,Male,Gun,40,1
Jaipur,39,25797,3.37,5,Evening,50,Female,Knife,64,0
Patna,19,15302,15.9,9,Morning,37,Female,Gun,37,1
Chennai,37,48059,6.46,3,Afternoon,64,Female,None,46,0
Jaipur,17,141980,5.26,3,Morning,23,Female,Rod,17,0
Patna,26,153949,6.49,5,Morning,59,Male,Knife,18,0
Bhopal,22,24239,11.03,10,Afternoon,36,Male,Gun,62,1
Bhopal,8,37313,3.18,6,Morning,23,Female,Knife,44,0
Lucknow,33,52103,9.71,3,Morning,67,Female,Rod,69,1
Hyderabad,2,189480,16.33,1,Afternoon,67,Female,Knife,9,0
Bhopal,30,98771,5.01,10,Afternoon,20,Female,None,34,0
Chennai,47,136228,7.3,8,Evening,36,Female,Gun,86,1
Delhi,20,101665,8.34,1,Afternoon,42,Female,Rod,49,0
Kolkata,18,20534,11.38,2,Night,53,Male,None,62,1
Lucknow,43,53060,16.71,3,Morning,20,Male,Knife,43,1
Kolkata,10,27189,8.31,6,Afternoon,36,Female,Knife,16,0
Hyderabad,24,138431,3.11,4,Evening,23,Male,Knife,38,0
Patna,4,96067,7.57,4,Afternoon,37,Male,Rod,18,0
Bangalore,37,20967,5.04,9,Morning,33,Male,Gun,42,0
Bhopal,4,75563,12.43,6,Afternoon,19,Female,Rod,20,0
Delhi,13,18660,2.47,2,Morning,19,Male,None,65,0
Hyderabad,25,128671,6.67,7,Afternoon,52,Male,Gun,63,1
Kolkata,13,139909,10.72,3,Evening,30,Male,Rod,79,1
Lucknow,18,180895,6.44,9,Night,53,Male,Knife,83,1
Bhopal,24,196914,10.82,6,Evening,42,Male,None,78,1
Chennai,2,150688,3.84,8,Afternoon,36,Male,Knife,71,0
Bhopal,48,85976,17.08,1,Morning,63,Male,Rod,15,0
Lucknow,33,189810,6.65,2,Evening,61,Female,None,15,0
Lucknow,19,23107,16.77,6,Night,61,Male,Gun,20,1
Bangalore,9,104182,7.21,3,Night,63,Male,Gun,42,1
Bhopal,28,101787,14.51,1,Morning,69,Male,Rod,34,0
Bhopal,35,25954,5.94,6,Afternoon,19,Female,Rod,45,0
Bangalore,39,26943,12.72,5,Evening,26,Male,Gun,5,0
Jaipur,10,50725,7.18,9,Evening,34,Female,Gun,42,0
Jaipur,1,55434,10.15,6,Morning,34,Male,Rod,64,0
Patna,42,95751,12.78,5,Evening,42,Female,Gun,23,1
Jaipur,21,20110,11.42,1,Morning,55,Female,None,63,1
Mumbai,9,26462,11.22,1,Morning,57,Female,Rod,72,1
Bhopal,47,89232,3.05,11,Afternoon,43,Male,None,14,0
Delhi,15,195153,5.99,1,Morning,20,Female,Knife,21,0
Bhopal,35,193871,11.15,7,Evening,63,Male,None,84,1
Mumbai,5,76567,2.29,6,Morning,40,Male,Rod,89,0
Mumbai,41,192296,6.01,5,Evening,18,Male,Knife,76,1
Kolkata,22,137425,5.67,4,Morning,41,Female,Gun,33,0
Bhopal,41,66063,6.0,11,Afternoon,25,Male,None,10,0
Hyderabad,23,123394,10.57,11,Afternoon,39,Female,None,70,0
Mumbai,7,65240,11.31,8,Morning,44,Male,Rod,67,1
Delhi,23,91352,16.54,11,Morning,60,Male,Gun,35,1
Bangalore,44,158940,8.18,8,Morning,22,Male,Rod,29,0
Patna,25,90989,16.83,5,Afternoon,59,Male,Gun,91,1
Kolkata,27,32222,12.43,4,Night,38,Male,Rod,25,0
Bangalore,41,89794,16.6,2,Morning,61,Male,Gun,20,1
Kolkata,6,73924,15.34,7,Night,42,Male,Knife,8,0
Delhi,34,109854,13.0,5,Morning,57,Female,Rod,50,0
Lucknow,9,88513,7.7,3,Evening,24,Male,Knife,12,0
Bhopal,49,64649,5.86,9,Afternoon,59,Male,Rod,10,0
Chennai,33,112986,5.56,9,Night,18,Female,Rod,57,0
Hyderabad,6,93749,17.23,11,Night,28,Female,Rod,68,1
Bangalore,37,151295,17.34,11,Afternoon,21,Female,None,55,0
Bhopal,31,189238,13.6,10,Night,53,Male,Rod,67,1
Hyderabad,34,49369,16.14,11,Morning,36,Female,Gun,92,1
Lucknow,41,96379,16.7,8,Night,34,Male,None,10,0
Chennai,29,79392,10.18,1,Morning,40,Female,Gun,66,1
Hyderabad,14,22661,12.06,3,Night,54,Male,Gun,37,1
Hyderabad,36,156663,8.7,2,Evening,19,Female,Gun,6,0
Bangalore,36,81718,8.7,4,Night,37,Male,Gun,45,1
Jaipur,15,196307,2.61,2,Night,20,Male,Gun,20,0
Chennai,8,17970,8.94,11,Morning,16,Male,Knife,63,0
Bhopal,26,57922,12.78,8,Afternoon,65,Female,None,13,0
Lucknow,36,40755,8.75,1,Evening,32,Female,Gun,73,1
Chennai,48,130926,15.96,4,Afternoon,24,Female,Knife,14,0
Delhi,21,29416,7.32,5,Morning,24,Female,Knife,11,0
Jaipur,28,23672,4.12,10,Evening,68,Female,Gun,70,1
Delhi,4,138145,14.98,4,Night,39,Male,Rod,24,0
Lucknow,16,188068,12.78,8,Afternoon,25,Female,Gun,67,1
Bangalore,22,84095,5.87,2,Afternoon,35,Male,Knife,8,0
Bangalore,12,10064,10.58,9,Afternoon,32,Male,Gun,32,0
Lucknow,16,78835,8.43,2,Night,28,Male,Knife,76,1
Kolkata,40,146711,17.02,2,Morning,44,Male,Gun,39,1
Lucknow,38,152127,11.72,2,Night,51,Female,Knife,6,0
Jaipur,42,97594,4.53,10,Night,38,Female,Gun,45,0
Mumbai,37,170499,10.03,8,Morning,42,Female,Rod,32,0
Bangalore,29,126916,15.8,3,Morning,33,Female,Rod,79,1
Patna,18,130308,12.74,10,Night,33,Female,Knife,77,1
Jaipur,10,92516,15.48,11,Morning,69,Female,Rod,5,0
Jaipur,42,74666,6.01,10,Afternoon,24,Male,Rod,31,0
Jaipur,39,128294,16.21,8,Evening,18,Female,None,71,1
Hyderabad,18,20866,14.09,7,Morning,22,Male,Gun,43,1
Jaipur,1,13889,13.66,10,Evening,30,Male,Gun,77,1
Bangalore,39,128194,7.54,4,Afternoon,45,Male,Rod,44,0
Mumbai,21,134714,16.2,7,Morning,24,Male,Rod,32,0
Mumbai,1,189298,12.21,11,Night,56,Female,Knife,89,1
Jaipur,15,41335,15.63,8,Night,42,Female,Gun,28,1
Delhi,4,60547,7.78,6,Afternoon,51,Male,None,86,1
Bangalore,20,167234,4.33,6,Morning,33,Female,None,55,0
Bangalore,10,165759,7.32,3,Night,46,Male,Rod,60,1
Chennai,23,108756,9.28,5,Morning,32,Male,Knife,77,1
Bhopal,41,20995,10.53,10,Evening,69,Male,Knife,30,0
Kolkata,34,197560,10.17,2,Night,68,Male,Gun,92,1
Kolkata,46,12631,10.74,5,Afternoon,21,Female,Rod,56,0
Delhi,48,176026,15.47,5,Night,54,Male,Rod,10,0
Kolkata,33,147039,4.72,7,Afternoon,40,Female,Knife,63,0
Chennai,34,98294,7.06,4,Afternoon,57,Male,None,16,0
Lucknow,39,97278,16.22,11,Evening,57,Female,None,67,1
Kolkata,10,74471,10.97,6,Evening,53,Female,Gun,40,1
Bangalore,20,47116,11.33,9,Afternoon,53,Female,Rod,13,0
Lucknow,1,102116,9.65,4,Night,46,Male,Rod,78,1
Kolkata,13,175299,10.78,11,Afternoon,66,Male,None,71,0
Bangalore,1,143014,5.17,6,Morning,44,Female,Rod,33,0
Bangalore,5,57664,10.75,9,Morning,55,Female,Rod,75,1
Jaipur,16,169141,17.95,10,Night,24,Male,Knife,94,1
Mumbai,15,97342,11.06,1,Night,16,Female,Gun,12,0
Delhi,49,24407,2.71,8,Evening,31,Female,Gun,47,0
Chennai,28,123926,14.74,1,Morning,53,Female,Gun,81,1
Hyderabad,31,69201,8.34,4,Afternoon,38,Male,Knife,39,0
Bhopal,23,90093,4.46,3,Afternoon,23,Male,Gun,87,1
Kolkata,48,195420,15.8,4,Morning,62,Male,Gun,26,1
Kolkata,45,27878,5.17,7,Morning,27,Male,None,84,0
Lucknow,43,93100,16.73,9,Evening,25,Male,None,83,1
Lucknow,17,88629,9.07,9,Morning,31,Male,Gun,70,1
Bhopal,49,196492,13.88,10,Evening,62,Female,Knife,25,0
Kolkata,34,53168,10.75,1,Night,58,Female,Knife,75,1
Patna,13,64862,6.11,10,Night,39,Female,Knife,45,0
Chennai,14,38004,12.74,1,Morning,54,Female,Rod,45,1
Kolkata,11,30471,17.33,9,Morning,23,Female,Rod,53,1
Mumbai,28,101820,14.31,4,Morning,26,Female,Knife,8,0
Bhopal,42,112229,11.66,3,Morning,56,Male,None,69,1
Patna,32,75308,17.85,9,Afternoon,41,Female,Rod,14,0
Chennai,35,93969,6.25,5,Afternoon,22,Female,Knife,71,1
Kolkata,31,24568,3.0,6,Night,30,Male,Rod,14,0
Hyderabad,17,19466,2.51,1,Afternoon,30,Male,Rod,77,1
Jaipur,47,67324,13.37,1,Morning,63,Female,Rod,21,0
Mumbai,9,112208,15.28,7,Evening,18,Female,Rod,71,1
Hyderabad,10,156539,12.16,10,Night,31,Female,Knife,57,1
Lucknow,8,85955,16.48,8,Morning,30,Male,Rod,39,0
Lucknow,21,194020,13.17,11,Afternoon,40,Male,Gun,8,0
Kolkata,13,157748,7.94,8,Evening,48,Male,Knife,72,1
Lucknow,5,104791,4.9,7,Evening,29,Male,Knife,15,0
Mumbai,6,172586,16.79,11,Afternoon,39,Female,Knife,48,1
Chennai,30,118718,3.66,9,Morning,69,Female,Rod,64,0
Bangalore,31,32650,10.69,1,Evening,26,Female,Knife,74,1
Delhi,17,98290,7.02,2,Evening,18,Male,None,66,0
Bhopal,11,87701,6.34,3,Afternoon,24,Male,Gun,36,0
Chennai,20,20683,12.33,5,Evening,21,Female,None,50,0
Bangalore,48,90978,5.7,4,Evening,46,Female,Gun,27,0
Patna,9,14860,16.66,4,Evening,31,Female,Gun,41,1
Mumbai,2,144801,8.5,8,Night,26,Male,Rod,94,1
Hyderabad,37,41351,12.84,8,Morning,65,Female,Gun,79,1
Bangalore,1,72744,13.64,11,Morning,32,Male,Gun,62,1
Mumbai,4,165418,12.93,7,Afternoon,64,Female,None,89,1
Jaipur,36,130198,16.45,1,Morning,18,Female,Gun,47,1
Hyderabad,25,84155,5.7,10,Evening,34,Male,Knife,92,1
Lucknow,3,131449,3.38,4,Morning,39,Male,Knife,19,0
Lucknow,9,86700,2.89,1,Night,62,Male,Gun,71,1
Hyderabad,22,16955,16.05,11,Evening,57,Female,Knife,6,0
Patna,23,185365,17.57,5,Evening,23,Male,Rod,75,1
Patna,12,31662,6.84,3,Night,64,Female,Knife,9,0
Patna,10,16408,13.1,3,Night,51,Male,Rod,57,1
Bangalore,34,181475,2.14,4,Morning,55,Female,Gun,49,0
Bhopal,43,11225,5.02,2,Morning,17,Male,Rod,45,0
Bangalore,10,153268,13.03,7,Morning,38,Male,Rod,67,1
Kolkata,30,156444,3.05,4,Night,55,Female,Gun,76,1
Delhi,22,27279,9.5,5,Morning,45,Male,Gun,36,0
Hyderabad,6,120401,12.6,2,Afternoon,40,Female,Rod,6,0
Chennai,2,195312,14.26,6,Morning,22,Female,None,14,0
Delhi,30,102404,9.26,9,Night,43,Female,Gun,47,1
Jaipur,2,179259,12.08,8,Night,56,Male,Gun,47,1
Bangalore,32,58481,10.63,8,Afternoon,65,Female,None,71,0
Bangalore,42,169547,2.84,2,Evening,32,Male,Knife,27,0
Mumbai,16,54552,13.88,4,Afternoon,47,Male,None,86,1
Delhi,12,147930,4.76,8,Night,16,Female,Knife,64,0
Mumbai,1,84474,2.51,11,Evening,42,Male,None,85,0
Chennai,8,35168,9.22,1,Afternoon,59,Female,Rod,10,0
Mumbai,48,42099,15.85,8,Afternoon,51,Female,Gun,17,0
Delhi,13,71455,4.41,3,Evening,64,Female,None,25,0
Hyderabad,15,64240,2.21,8,Afternoon,22,Female,Gun,62,0
Jaipur,44,84796,3.76,6,Evening,18,Female,Knife,89,1
Bangalore,8,64592,7.82,7,Morning,45,Female,Rod,32,0
Chennai,10,132181,11.28,2,Evening,16,Male,Gun,74,1
Bangalore,46,188530,5.09,1,Afternoon,66,Male,None,12,0
Kolkata,5,111611,14.83,6,Morning,49,Male,None,81,1
Jaipur,19,68046,14.05,3,Night,53,Male,Rod,62,1
Bhopal,47,26488,13.13,4,Night,58,Male,Knife,44,1
Mumbai,38,199913,9.8,9,Night,68,Female,Rod,90,1
Lucknow,11,128521,7.84,3,Afternoon,51,Male,Rod,5,0
Delhi,43,141467,8.01,2,Morning,48,Female,Gun,81,1
Bangalore,20,193741,10.05,2,Evening,58,Male,Knife,69,1
Mumbai,20,151917,3.24,2,Night,31,Male,Rod,14,0
Chennai,21,177131,12.92,6,Night,53,Female,Gun,64,1
Bangalore,18,28394,7.62,2,Morning,26,Male,Gun,73,1
Bhopal,10,103993,5.6,11,Morning,23,Male,Knife,24,0
Jaipur,34,186978,6.45,7,Morning,67,Male,Knife,66,0
Jaipur,26,69332,4.88,7,Afternoon,16,Female,Gun,17,0
Bangalore,30,178377,16.43,7,Morning,29,Male,Knife,62,1
Chennai,9,52628,4.7,2,Evening,45,Female,Gun,41,0
Jaipur,46,31352,16.13,7,Evening,36,Male,Knife,14,0
Jaipur,31,92971,11.16,10,Night,36,Female,Knife,7,0
Bhopal,42,61993,15.88,8,Evening,49,Male,Knife,38,1
Delhi,4,180458,9.59,8,Morning,53,Female,None,38,0
Chennai,6,113027,16.84,2,Evening,41,Female,Knife,34,1
Chennai,14,197696,5.38,5,Night,56,Male,None,41,0
Hyderabad,4,198137,10.88,6,Afternoon,29,Male,Gun,72,1
Hyderabad,26,130212,4.01,9,Evening,69,Male,Rod,38,0
Jaipur,47,18539,9.16,6,Night,55,Female,Rod,36,0
Lucknow,48,142335,11.12,10,Night,50,Male,Rod,89,1
Hyderabad,39,154377,11.69,6,Morning,57,Female,Gun,62,1
Jaipur,17,63817,7.85,10,Night,33,Male,Knife,28,0
Patna,19,165470,3.22,10,Evening,35,Male,None,13,0
Kolkata,49,59107,12.49,6,Night,24,Female,Gun,45,1
Kolkata,6,173224,9.81,9,Night,56,Male,Rod,28,0
Chennai,29,171696,4.19,10,Morning,66,Male,Rod,29,0
Lucknow,11,139240,16.97,7,Morning,60,Male,Rod,40,0
Bhopal,16,109655,17.29,1,Evening,48,Female,Rod,12,0
Delhi,30,66132,15.71,1,Night,64,Female,None,93,1
Hyderabad,25,135701,15.5,4,Afternoon,19,Female,Rod,63,1
Patna,40,115494,3.58,2,Night,19,Female,None,39,0
Jaipur,11,62979,17.89,3,Afternoon,63,Male,Rod,42,1
Lucknow,7,68013,8.41,7,Evening,31,Male,Gun,87,1
Chennai,26,73797,4.61,7,Morning,62,Male,None,36,0
Hyderabad,22,61798,14.99,3,Evening,41,Female,None,55,1
Lucknow,25,157722,5.61,2,Morning,21,Male,Gun,32,0
Hyderabad,19,167086,10.42,1,Morning,52,Female,Rod,60,1
Delhi,31,86421,4.05,9,Night,37,Male,Rod,12,0
Delhi,26,17434,9.59,10,Night,57,Female,Knife,45,0
Bhopal,42,40028,10.93,3,Morning,54,Female,Knife,27,0
Kolkata,41,76558,9.13,9,Afternoon,22,Male,None,58,0
Mumbai,36,34331,3.11,4,Afternoon,57,Female,Knife,27,0
Mumbai,23,77573,9.76,10,Night,45,Female,Gun,36,0
Hyderabad,47,139473,9.5,6,Evening,25,Male,Gun,14,0
Bhopal,13,187398,6.19,7,Afternoon,30,Female,Gun,85,1
Mumbai,25,92979,16.75,10,Morning,21,Female,None,39,0
Chennai,2,14123,8.68,6,Night,39,Male,Gun,67,1
Mumbai,2,26603,15.83,1,Night,17,Female,None,71,1
Bangalore,16,75941,3.75,6,Morning,55,Female,None,40,0
Jaipur,9,52597,7.1,11,Evening,67,Female,Gun,53,0
Bhopal,28,94238,4.82,6,Morning,30,Male,Gun,50,0
Chennai,13,183791,8.53,5,Evening,68,Male,None,31,0
Lucknow,35,51751,3.79,3,Night,36,Male,Gun,35,0
Chennai,41,136462,9.06,10,Evening,33,Male,Knife,38,0
Kolkata,13,96978,7.66,3,Morning,20,Female,None,80,1
Lucknow,31,27693,5.57,11,Night,40,Male,Rod,63,0
Patna,21,178769,12.27,10,Afternoon,51,Male,None,58,0
Jaipur,32,104524,17.21,7,Night,25,Male,Gun,93,1
Jaipur,34,107869,5.31,8,Morning,66,Male,Gun,70,1
Jaipur,8,171064,13.39,3,Morning,61,Female,None,34,0
Jaipur,41,73825,13.88,3,Night,38,Female,None,77,1
Hyderabad,48,150594,9.97,7,Night,39,Male,Rod,27,0
Jaipur,2,140475,16.36,10,Night,60,Female,Rod,13,0
Jaipur,38,55406,17.46,7,Evening,25,Male,None,88,1
Jaipur,32,153193,7.8,11,Afternoon,69,Male,Gun,59,1
Bhopal,40,133371,12.42,9,Evening,21,Female,None,5,0
Hyderabad,28,155291,12.6,6,Morning,28,Female,Knife,60,1
Delhi,37,11617,8.46,7,Night,36,Female,Knife,43,0
Chennai,41,53016,7.07,11,Evening,47,Female,Gun,91,1
Chennai,1,191744,16.94,10,Evening,58,Female,None,22,0
Lucknow,41,34276,14.64,1,Morning,69,Female,None,46,1
Bhopal,10,82240,3.83,7,Evening,30,Male,Knife,77,1
Bangalore,4,116292,3.92,2,Morning,17,Female,None,79,0
Chennai,35,196807,16.76,7,Evening,30,Male,Gun,69,1
Mumbai,10,27959,3.3,3,Afternoon,66,Male,Gun,79,1
Bangalore,47,38522,13.01,9,Morning,32,Male,Rod,37,0
Jaipur,11,197159,5.63,5,Afternoon,35,Male,Gun,34,0
Jaipur,14,151025,2.56,7,Evening,65,Male,None,9,0
Hyderabad,38,36567,2.95,8,Afternoon,21,Female,None,54,0
Bangalore,12,72708,7.98,2,Afternoon,30,Female,Knife,69,1
Mumbai,45,136206,3.24,11,Afternoon,32,Male,Knife,14,0
Hyderabad,17,32560,11.55,1,Evening,41,Male,Gun,64,1
Lucknow,16,68390,12.36,7,Morning,37,Female,Rod,81,1
Bangalore,35,135772,7.98,6,Evening,24,Male,None,31,0
Bhopal,2,177732,13.89,6,Evening,27,Female,Rod,76,1
Jaipur,11,55104,9.84,2,Evening,37,Female,None,32,0
Jaipur,41,67805,8.88,3,Morning,38,Female,Gun,49,1
Kolkata,3,34496,8.51,4,Night,52,Male,Gun,56,1
Hyderabad,29,101257,8.9,3,Evening,29,Male,Knife,70,1
Delhi,18,13515,17.49,2,Evening,39,Male,Rod,66,1
Delhi,20,14454,12.9,3,Morning,23,Male,Knife,80,1
Hyderabad,47,32873,7.04,6,Night,41,Male,Gun,81,1
Bhopal,14,83920,13.74,9,Night,47,Male,Rod,64,1
Patna,34,23727,7.28,4,Night,43,Male,None,90,1
Hyderabad,49,138376,4.01,6,Night,47,Male,Knife,44,0
Bhopal,31,79070,9.61,1,Morning,37,Female,Gun,19,0
Lucknow,40,109059,14.02,6,Morning,64,Male,None,11,0
Jaipur,42,134564,8.04,3,Night,24,Female,Gun,43,1
Mumbai,18,127213,15.91,9,Afternoon,18,Female,None,55,0
Patna,30,191051,8.19,4,Morning,40,Female,Knife,11,0
Bangalore,25,35465,7.6,7,Afternoon,54,Male,None,16,0
Patna,19,194972,17.97,4,Afternoon,27,Male,Rod,18,0
Mumbai,8,69799,9.72,11,Night,44,Male,None,38,0
Kolkata,28,106129,14.88,6,Night,18,Female,Gun,43,1
Jaipur,8,162402,14.88,7,Evening,56,Male,None,77,1
Delhi,31,149374,16.82,2,Afternoon,61,Male,Knife,68,1
Bhopal,3,117288,3.36,10,Evening,38,Female,Gun,16,0
Hyderabad,3,22875,6.34,6,Night,38,Male,Gun,38,0
Hyderabad,44,37219,14.28,8,Afternoon,33,Female,Gun,31,1
Delhi,22,46182,11.0,6,Morning,26,Female,Gun,26,0
Patna,17,183341,10.95,2,Evening,51,Female,Rod,22,0
Jaipur,36,89781,4.66,4,Night,41,Male,Gun,50,1
Chennai,17,16457,6.5,1,Afternoon,23,Female,Gun,48,1
Bhopal,14,147821,10.34,7,Night,43,Female,Gun,22,0
Lucknow,9,43064,6.43,8,Evening,33,Male,Knife,41,0
Mumbai,30,150893,5.36,10,Night,28,Female,Knife,11,0
Patna,21,125256,3.4,2,Night,51,Male,Gun,72,1
Bangalore,12,108297,4.49,10,Morning,57,Male,Rod,84,0
Kolkata,37,148736,14.3,5,Night,55,Female,None,90,1
Hyderabad,32,170353,13.5,11,Afternoon,59,Male,Rod,64,1
Patna,11,172893,2.73,8,Afternoon,66,Male,Gun,52,0
Kolkata,20,165719,5.25,11,Morning,27,Male,Gun,55,0
Mumbai,35,79918,10.97,8,Afternoon,37,Male,Rod,88,1
Hyderabad,47,100179,7.16,5,Night,17,Female,Gun,56,1
Hyderabad,46,84944,15.17,8,Night,55,Male,None,81,1
Chennai,11,99142,14.56,6,Afternoon,43,Male,Knife,56,1
Patna,8,37603,16.27,5,Evening,28,Male,None,88,1
Jaipur,4,56458,11.01,11,Night,48,Male,None,58,0
Delhi,27,80605,7.63,4,Afternoon,18,Female,None,45,0
Delhi,44,29623,11.7,5,Night,49,Female,Rod,46,0
Lucknow,40,54440,3.43,4,Night,38,Male,Rod,26,0
Bangalore,38,92427,2.15,1,Morning,47,Female,None,43,0
Kolkata,47,148776,2.27,3,Afternoon,35,Male,Rod,27,0
Patna,30,103826,8.52,8,Night,43,Female,Gun,52,1
Bhopal,44,37460,5.65,7,Evening,23,Male,Knife,37,0
Bangalore,48,120373,4.52,7,Afternoon,18,Male,Rod,45,0
Chennai,48,147637,11.85,11,Evening,45,Female,Rod,34,0
Hyderabad,27,14870,17.92,3,Afternoon,40,Female,None,82,1
Jaipur,21,28909,4.84,9,Evening,68,Female,Knife,51,0
Patna,20,19117,10.74,6,Evening,45,Female,Gun,61,1
Bangalore,4,77474,3.92,8,Afternoon,44,Female,Gun,76,1
Bangalore,11,103926,16.95,8,Morning,62,Male,Knife,61,1
Jaipur,13,185394,6.67,3,Morning,45,Male,Gun,66,1
Lucknow,9,137463,16.05,4,Afternoon,49,Male,Knife,90,1
Kolkata,4,111536,6.53,6,Night,40,Male,None,61,0
Kolkata,12,30128,14.9,2,Afternoon,32,Female,Gun,72,1
Bangalore,9,79001,5.35,11,Afternoon,39,Female,Gun,76,1
Mumbai,13,10440,6.68,7,Night,53,Male,Knife,90,1
Bangalore,48,190685,5.08,2,Afternoon,43,Male,Gun,29,0
Bangalore,26,133491,6.23,11,Afternoon,48,Female,Rod,93,1
Jaipur,38,152735,15.36,5,Night,51,Female,None,44,1
Hyderabad,42,160619,12.22,4,Night,66,Female,Gun,21,1
Jaipur,13,91662,8.49,9,Morning,22,Female,Gun,84,1
Patna,39,10005,17.54,2,Evening,38,Female,Gun,52,1
Bangalore,28,17038,9.44,7,Evening,69,Male,Knife,43,0
Kolkata,19,16414,17.52,7,Morning,61,Male,None,19,0
Bhopal,24,79506,5.15,7,Morning,41,Male,None,21,0
Kolkata,19,86586,16.47,1,Evening,29,Male,Gun,39,1
Delhi,49,143678,2.22,8,Morning,57,Female,Gun,37,0
Lucknow,13,26482,10.72,2,Afternoon,43,Male,Knife,22,0
Chennai,13,43948,8.77,5,Morning,39,Male,None,34,0
Patna,28,99987,10.4,2,Morning,22,Male,Rod,91,1
Patna,2,30875,10.86,5,Morning,63,Male,Gun,41,1
Lucknow,10,23057,8.22,7,Morning,51,Male,Rod,11,0
Bhopal,22,42400,17.97,6,Evening,54,Female,Rod,78,1
Chennai,13,78607,17.62,5,Night,30,Male,None,84,1
Hyderabad,9,97561,17.39,4,Evening,64,Male,Rod,32,1
Bangalore,33,37503,17.67,8,Evening,18,Female,Gun,91,1
Chennai,14,164837,14.69,11,Night,63,Female,Gun,22,0
Bhopal,48,111096,17.82,8,Evening,17,Female,Knife,51,1
Mumbai,20,56612,16.28,1,Afternoon,22,Female,None,27,0
Delhi,15,108318,8.65,10,Night,31,Male,None,24,0
Chennai,32,94335,14.56,2,Afternoon,36,Female,Rod,35,0
Chennai,33,110989,16.59,3,Evening,24,Male,Gun,18,1
Delhi,17,103012,13.4,1,Evening,27,Female,Gun,27,1
Bangalore,24,91748,8.76,11,Night,44,Male,Knife,6,0
Chennai,30,150500,3.05,3,Evening,39,Female,Rod,33,0
Delhi,13,172491,14.96,10,Morning,48,Female,Gun,54,1
Delhi,47,75195,17.24,8,Afternoon,29,Male,None,77,1
Delhi,48,99846,7.8,4,Afternoon,58,Male,Knife,63,1
Jaipur,16,112404,4.43,7,Morning,33,Female,None,37,0
Bhopal,2,49142,7.22,7,Night,69,Male,Knife,52,0
Jaipur,17,81540,11.32,11,Night,20,Male,None,48,0
Mumbai,32,179361,7.07,5,Morning,30,Male,Rod,16,0
Hyderabad,43,86948,11.77,1,Morning,22,Male,Gun,87,1
Jaipur,8,68951,17.47,10,Afternoon,40,Female,None,46,0
Jaipur,3,21755,12.73,4,Morning,29,Male,Rod,88,1
Bhopal,12,127985,7.8,7,Morning,67,Female,None,39,0
Hyderabad,20,94553,16.97,5,Morning,55,Male,Rod,45,1
Lucknow,16,144962,11.05,2,Evening,51,Female,Knife,89,1
Delhi,14,104376,4.05,8,Morning,50,Female,Rod,59,0
Patna,16,27175,9.98,2,Evening,59,Female,None,17,0
Hyderabad,49,75687,12.46,11,Afternoon,65,Female,Gun,43,1
Mumbai,43,94983,15.41,8,Afternoon,39,Male,Knife,93,1
Bangalore,49,165360,16.98,11,Night,30,Male,Knife,70,1
Mumbai,33,56629,7.08,2,Afternoon,26,Female,Rod,39,0
Delhi,30,126779,4.49,11,Night,39,Male,None,76,0
Hyderabad,12,188872,3.18,5,Evening,26,Male,Rod,37,0
Mumbai,15,178439,13.81,4,Morning,59,Female,Knife,93,1
Mumbai,18,78513,14.72,1,Afternoon,66,Male,Gun,89,1
Lucknow,28,92762,8.55,8,Morning,32,Male,Rod,40,0
Lucknow,23,170094,8.33,10,Night,21,Male,None,17,0
Hyderabad,14,142731,17.27,3,Evening,36,Male,Rod,60,1
Delhi,30,67941,16.67,4,Afternoon,23,Female,Rod,50,1
Jaipur,33,179002,5.73,4,Morning,30,Female,Rod,77,1
Kolkata,45,53473,14.49,5,Night,69,Male,Gun,50,1
Chennai,15,196670,11.96,3,Morning,67,Female,None,48,0
Patna,7,26040,4.47,9,Afternoon,47,Female,None,50,0
Chennai,15,79806,7.71,4,Morning,25,Female,Knife,78,1
Bhopal,42,154358,4.84,10,Evening,43,Female,Knife,73,0
Lucknow,46,122076,6.72,11,Afternoon,30,Male,Rod,35,0
Hyderabad,38,65916,11.84,11,Night,27,Male,Knife,28,0
Chennai,46,158672,8.0,4,Afternoon,58,Male,None,36,0
Delhi,44,143363,8.3,6,Night,33,Female,Rod,71,1
Patna,11,154195,10.63,8,Night,52,Male,Knife,20,0
Chennai,29,13811,3.4,7,Afternoon,59,Male,Gun,61,0
Patna,31,41276,13.82,4,Night,39,Male,Knife,88,1
Bangalore,25,195217,8.43,4,Afternoon,52,Female,Gun,28,0
Delhi,24,187691,9.69,5,Evening,69,Male,Knife,38,0
Kolkata,19,91049,17.59,10,Evening,44,Female,None,56,1
Mumbai,2,167786,7.51,5,Morning,25,Female,Knife,52,0
Patna,22,196757,12.37,1,Evening,29,Female,Gun,91,1
Delhi,20,153266,8.28,8,Night,31,Female,Gun,57,1
Patna,33,83062,16.31,10,Morning,52,Female,Knife,59,1
Patna,8,160434,15.55,5,Morning,26,Male,Rod,42,0
Jaipur,25,64499,5.87,3,Afternoon,66,Female,Gun,6,0
Jaipur,46,56281,13.07,3,Morning,41,Female,None,73,1
Delhi,9,54852,3.04,4,Afternoon,55,Female,Knife,86,1
Jaipur,34,188908,17.41,7,Morning,34,Male,Gun,57,1
Bhopal,23,14595,7.58,5,Evening,67,Male,Knife,54,0
Kolkata,5,105930,15.31,1,Afternoon,69,Male,Knife,33,1
Hyderabad,25,156474,7.09,5,Night,33,Male,Rod,78,1
Delhi,8,102676,12.12,5,Morning,45,Female,Knife,59,1
Delhi,16,183795,17.74,6,Evening,47,Female,Knife,65,1
Bhopal,48,192394,16.03,7,Evening,38,Male,Knife,54,1
Lucknow,45,187836,4.57,5,Afternoon,68,Female,None,20,0
Lucknow,15,165983,10.76,11,Afternoon,27,Male,Knife,91,1
Jaipur,1,29405,7.58,2,Afternoon,28,Male,None,74,1
Hyderabad,22,68122,8.95,2,Night,36,Male,Knife,48,1
Jaipur,3,138909,7.36,4,Night,36,Female,Rod,88,1
Bangalore,38,13447,7.38,1,Night,44,Male,Rod,20,0
Bangalore,14,194215,10.68,7,Morning,44,Male,Gun,32,0
Mumbai,36,20662,5.07,1,Night,65,Female,Knife,61,1
Bangalore,18,68282,10.6,3,Afternoon,42,Female,Rod,30,0
Lucknow,47,145971,6.46,10,Evening,44,Female,Rod,90,1
Kolkata,41,38582,6.62,7,Evening,30,Female,Knife,15,0
Bangalore,18,77471,13.82,11,Afternoon,62,Female,Gun,5,0
Jaipur,3,133513,2.47,6,Night,27,Female,None,73,0
Patna,10,183285,8.1,7,Night,56,Male,Rod,47,0
Delhi,49,117578,8.52,5,Afternoon,34,Female,Rod,50,0
Kolkata,39,85871,9.76,8,Evening,27,Female,None,40,0
Kolkata,47,93205,12.7,6,Morning,38,Female,Rod,70,1
Jaipur,1,84081,7.91,4,Evening,20,Male,None,61,0
Delhi,27,115783,5.41,11,Night,41,Female,None,10,0
Lucknow,27,93805,16.16,1,Evening,68,Male,Gun,66,1
Kolkata,11,134698,17.7,2,Night,67,Male,None,31,1
Mumbai,49,178902,2.32,6,Evening,25,Male,None,30,0
Jaipur,5,148138,10.74,4,Afternoon,37,Male,None,17,0
Kolkata,7,20712,7.47,3,Night,54,Female,None,80,1
Hyderabad,19,91527,6.43,7,Morning,38,Female,Rod,22,0
Delhi,29,139453,7.37,7,Morning,26,Female,None,42,0
Bangalore,15,136888,12.22,2,Afternoon,43,Female,Rod,10,0
Kolkata,35,97185,5.05,8,Evening,46,Female,Knife,32,0
Jaipur,47,109851,16.61,11,Afternoon,23,Female,Knife,93,1
Bangalore,37,171878,9.46,1,Afternoon,68,Male,None,9,0
Mumbai,12,22210,7.21,11,Morning,54,Male,Gun,63,1
Bangalore,30,46972,14.25,10,Morning,63,Female,Gun,83,1
Hyderabad,20,44136,2.26,7,Night,43,Female,Rod,77,0
Lucknow,37,185369,8.91,10,Night,31,Female,Rod,49,0
Kolkata,3,126445,7.68,1,Night,61,Female,Knife,57,1
Chennai,9,25945,7.41,3,Afternoon,62,Female,Rod,6,0
Chennai,41,183549,7.39,3,Afternoon,67,Female,Gun,53,1
Bangalore,39,89180,2.5,10,Night,46,Male,Knife,77,0
Bhopal,26,80453,4.43,2,Morning,56,Male,None,94,1
Delhi,2,95404,4.27,10,Morning,63,Female,Rod,91,0
Chennai,23,154296,17.82,5,Evening,31,Female,None,67,1
Bhopal,23,13052,2.35,4,Night,20,Female,Rod,74,0
Chennai,21,37272,4.67,6,Afternoon,50,Male,Gun,62,1
Bhopal,16,51150,17.59,2,Evening,68,Male,Rod,8,0
Delhi,9,158388,12.05,4,Evening,40,Male,Gun,34,1
Patna,13,194461,9.21,7,Evening,28,Male,Gun,61,1
Chennai,28,148312,3.26,1,Night,44,Male,None,51,0
Hyderabad,27,107095,12.71,11,Night,42,Female,Rod,22,0
Kolkata,17,78774,4.2,3,Night,55,Female,None,48,0
Bhopal,38,53175,12.74,1,Morning,32,Male,Gun,56,1
Kolkata,36,141637,17.67,2,Evening,52,Female,Gun,53,1
Jaipur,1,26375,10.51,9,Morning,53,Male,Gun,34,0
Jaipur,18,35710,5.43,10,Night,44,Male,Gun,56,1
Delhi,9,190967,12.0,5,Morning,49,Male,Knife,41,0
Bhopal,13,156246,10.21,4,Morning,45,Female,Gun,67,1
Mumbai,40,117026,10.53,4,Afternoon,46,Female,Rod,16,0
Jaipur,45,37597,9.65,8,Night,37,Female,Gun,21,0
Delhi,15,84289,12.78,3,Evening,61,Female,Knife,38,1
Jaipur,43,179469,11.15,4,Night,40,Female,Rod,32,0
Jaipur,44,174141,17.79,2,Morning,19,Male,Knife,8,0
Mumbai,46,95687,15.21,6,Night,50,Male,Knife,50,1
Chennai,4,128968,6.24,9,Night,56,Male,Rod,18,0
Bangalore,33,50274,13.61,4,Afternoon,65,Female,Knife,17,0
Patna,24,179269,5.43,11,Afternoon,59,Female,Gun,62,0
Jaipur,36,58634,14.52,6,Night,24,Female,None,53,1
Jaipur,41,40041,4.36,4,Afternoon,41,Male,None,54,0
Hyderabad,10,148320,9.58,2,Morning,42,Male,None,71,1
Patna,36,95365,14.65,6,Morning,42,Male,Rod,25,0
Mumbai,20,143275,6.48,7,Morning,33,Female,Rod,84,1
Kolkata,41,61986,15.39,4,Afternoon,45,Female,Rod,55,1
Bhopal,45,35370,12.31,11,Night,60,Male,None,42,0
Jaipur,44,45247,8.36,7,Morning,61,Male,None,30,0
Bangalore,11,134403,8.77,11,Evening,46,Male,Rod,10,0
Bhopal,12,129544,16.82,8,Morning,57,Male,None,22,0
Patna,18,141506,5.48,11,Night,18,Female,Knife,10,0
Bhopal,30,72982,13.09,3,Morning,44,Male,Knife,45,1
Chennai,44,75180,13.32,2,Evening,22,Female,None,61,1
Jaipur,48,118534,16.76,5,Morning,33,Female,Rod,54,1
Bhopal,37,175546,13.41,2,Morning,31,Female,Gun,29,1
Kolkata,20,34644,11.35,10,Night,64,Female,Gun,52,1
Kolkata,25,48493,16.44,5,Morning,47,Female,None,28,0
Jaipur,12,93824,15.27,10,Morning,53,Male,Gun,34,1
Lucknow,21,145031,13.47,6,Afternoon,40,Female,Rod,91,1
Kolkata,25,57289,2.52,8,Night,59,Male,Knife,49,0
Bhopal,11,152215,7.98,6,Night,47,Male,Knife,47,0
Delhi,9,180665,12.11,4,Night,34,Female,Rod,76,1
Kolkata,25,180187,10.36,3,Night,18,Male,Gun,60,1
Patna,35,163612,7.11,2,Morning,50,Male,None,77,1
Lucknow,32,45481,4.31,1,Evening,65,Male,Knife,74,1
Bhopal,49,87097,10.85,2,Evening,44,Male,Gun,37,1
Mumbai,14,32578,6.57,2,Afternoon,26,Female,Gun,49,1
Hyderabad,1,153859,5.73,5,Morning,21,Male,Knife,11,0
Mumbai,17,82048,8.38,9,Night,34,Male,Knife,22,0
Chennai,25,193951,14.57,1,Night,52,Female,None,74,1
Hyderabad,8,151668,9.81,4,Evening,60,Female,Rod,49,0
Chennai,5,161002,5.46,10,Afternoon,42,Female,Gun,41,0
Hyderabad,5,189022,3.87,7,Morning,20,Female,None,25,0
Hyderabad,41,105737,9.98,11,Afternoon,41,Female,Knife,94,1
Delhi,35,28687,14.71,10,Morning,50,Male,Rod,83,1
Bangalore,19,193905,12.45,3,Afternoon,34,Female,Rod,48,1
Patna,23,132540,5.71,8,Afternoon,32,Male,Gun,34,0
Mumbai,9,177061,8.99,3,Night,69,Female,Rod,15,0
Kolkata,30,40183,15.68,8,Evening,50,Male,Knife,12,0
Bhopal,16,30758,4.84,2,Night,62,Male,Knife,9,0
Lucknow,33,142154,10.51,5,Evening,64,Female,Knife,12,0
Patna,2,106368,7.7,4,Afternoon,28,Male,None,9,0
Chennai,14,55891,3.99,11,Morning,29,Female,Knife,14,0
Delhi,46,186882,2.8,9,Night,45,Male,None,19,0
Chennai,1,56901,10.89,3,Morning,63,Female,Knife,60,1
Bangalore,26,113912,2.33,11,Night,58,Male,Knife,59,0
Lucknow,25,81062,3.66,5,Night,32,Male,Rod,7,0
Delhi,16,162635,7.56,10,Night,52,Female,Gun,45,0
Chennai,15,82008,2.7,9,Morning,68,Female,Knife,14,0
Bangalore,26,143847,8.41,6,Night,30,Female,Rod,11,0
Bhopal,47,156900,4.09,2,Night,33,Female,Rod,67,1
Bhopal,44,27974,7.6,1,Night,63,Female,Gun,67,1
Chennai,16,163460,14.66,11,Morning,29,Female,Rod,92,1
Patna,14,90591,12.02,1,Night,29,Female,Rod,30,0
Lucknow,29,28615,9.13,7,Morning,60,Female,Gun,38,0
Jaipur,24,178958,3.47,2,Evening,48,Female,None,76,0
Patna,47,32838,11.91,7,Night,53,Female,Gun,43,1
Bhopal,15,50728,4.62,1,Afternoon,26,Male,Gun,64,1
Lucknow,19,126249,3.23,4,Evening,26,Male,Knife,73,1
Bangalore,8,88000,12.62,10,Morning,63,Female,Knife,30,0
Delhi,34,62798,16.59,11,Afternoon,41,Female,None,66,1
Hyderabad,2,160694,9.37,4,Morning,18,Male,Gun,14,0
Chennai,27,154608,2.66,5,Morning,40,Female,Gun,58,0
Mumbai,10,146772,16.08,10,Night,32,Male,None,35,0
Lucknow,35,179911,3.07,1,Afternoon,37,Male,Knife,42,0
Kolkata,23,20248,15.88,7,Morning,44,Male,Gun,29,1
Bangalore,49,55291,8.27,11,Evening,61,Male,None,81,0
Jaipur,8,92629,7.85,2,Night,41,Male,Knife,69,1
Hyderabad,28,135612,10.68,11,Evening,49,Female,Rod,54,0
Kolkata,23,27177,17.31,11,Evening,41,Male,None,28,0
Jaipur,4,160555,16.38,2,Night,24,Female,None,31,0
Mumbai,14,53815,9.53,8,Morning,55,Male,Gun,86,1
Bhopal,42,48533,13.13,9,Evening,26,Male,Rod,54,0
Patna,29,10026,11.29,6,Morning,22,Male,Knife,54,1
Chennai,1,114997,13.1,11,Morning,45,Female,Rod,19,0
Delhi,4,70611,15.27,1,Night,69,Male,Gun,21,1
Jaipur,32,97242,2.55,1,Evening,17,Male,Gun,33,0
Hyderabad,33,165732,7.21,11,Evening,45,Female,Knife,9,0
Lucknow,49,196175,17.35,7,Night,19,Female,Knife,15,0
Bhopal,26,193325,17.19,8,Morning,29,Male,Knife,84,1
Lucknow,17,114913,2.18,3,Morning,28,Male,Gun,56,0
Hyderabad,39,52082,5.22,9,Night,69,Male,Knife,38,0
Lucknow,23,157330,17.9,4,Morning,40,Female,Knife,85,1
Jaipur,32,113613,9.89,4,Morning,28,Male,Knife,37,0
Bangalore,15,108315,11.17,3,Evening,28,Female,None,53,0
Lucknow,13,99690,4.66,8,Morning,52,Male,Knife,35,0
Patna,2,105220,16.31,9,Morning,59,Female,Gun,22,0
Mumbai,19,25389,5.7,1,Morning,21,Female,None,93,1
Delhi,24,101860,5.03,2,Morning,41,Male,Gun,9,0
Jaipur,45,168757,5.65,1,Night,69,Male,Rod,34,0
Kolkata,24,168267,16.71,4,Night,29,Female,None,49,1
Hyderabad,11,31797,13.25,10,Night,23,Male,Knife,91,1
Bhopal,22,121975,14.3,7,Morning,39,Female,None,42,0
Jaipur,15,107169,8.03,7,Night,37,Female,Gun,86,1
Bangalore,10,76332,16.55,6,Afternoon,55,Male,None,33,0
Bhopal,41,148260,14.63,11,Afternoon,54,Female,Rod,40,0
Patna,27,33696,14.01,5,Afternoon,64,Male,Knife,13,0
Hyderabad,9,12024,17.54,11,Evening,36,Female,Knife,27,0
Bhopal,28,177057,7.86,4,Morning,58,Male,Rod,7,0
Lucknow,1,147656,11.78,8,Evening,41,Male,Gun,90,1
Jaipur,17,100998,16.56,7,Night,25,Male,None,60,1
Mumbai,31,168116,14.65,11,Morning,28,Female,Gun,44,1
Hyderabad,44,15285,11.01,11,Afternoon,57,Male,Gun,60,1
Chennai,10,17370,3.22,10,Morning,68,Female,Gun,62,0
Patna,37,27903,12.44,1,Evening,29,Female,Knife,35,1
Delhi,29,173571,10.42,6,Night,24,Male,None,90,1
Hyderabad,18,107904,4.95,2,Night,22,Female,Knife,15,0
Bangalore,47,32995,16.12,4,Evening,54,Male,Knife,46,1
Jaipur,38,115160,7.49,5,Morning,46,Female,Knife,7,0
Lucknow,39,176272,8.2,8,Evening,65,Female,None,61,0
Delhi,49,98377,12.76,6,Night,31,Male,Rod,18,0
Delhi,6,154638,9.82,11,Afternoon,23,Male,Knife,50,0
Patna,40,47822,3.43,2,Night,63,Female,Knife,23,0
Bhopal,12,117412,8.2,5,Night,66,Male,Knife,64,1
Bangalore,14,61222,3.51,5,Morning,30,Male,None,35,0
Bhopal,44,104088,5.05,6,Afternoon,40,Female,None,40,0
Lucknow,10,100450,2.11,1,Night,62,Male,Gun,36,0
Delhi,20,191740,4.9,8,Afternoon,53,Female,Knife,67,0
Bangalore,15,119366,7.29,3,Evening,56,Male,Knife,30,0
Bangalore,31,120078,10.61,5,Morning,30,Male,None,69,0
Kolkata,7,73853,16.71,7,Afternoon,40,Female,None,6,0
Jaipur,41,195715,10.65,3,Afternoon,22,Female,Knife,74,1
Delhi,10,133794,13.29,10,Morning,41,Male,Rod,49,0
Delhi,10,163405,7.72,6,Evening,23,Male,Gun,82,1
Bangalore,48,157030,14.03,5,Afternoon,33,Female,Gun,29,1
Bhopal,39,62442,11.93,7,Morning,36,Male,Knife,44,0
Delhi,28,162026,9.36,10,Night,31,Male,Gun,22,0
Bangalore,30,19675,5.1,11,Morning,62,Male,Gun,16,0
Delhi,37,99590,6.86,3,Night,18,Male,Knife,28,0
Bangalore,3,118570,11.94,2,Afternoon,16,Female,Gun,83,1
Kolkata,43,41661,8.82,4,Afternoon,28,Male,None,47,0
Jaipur,15,74289,16.23,3,Afternoon,69,Female,Knife,36,1
Bangalore,21,27184,5.76,4,Evening,47,Female,None,85,1
Delhi,37,57963,3.17,7,Evening,27,Male,Knife,51,0
Lucknow,12,166894,11.43,5,Night,46,Female,None,49,0
Jaipur,4,15267,16.18,4,Morning,56,Male,Gun,39,1
Kolkata,47,193719,7.84,6,Night,17,Male,Rod,81,1
Bangalore,9,72814,12.36,7,Morning,56,Female,None,13,0
Lucknow,39,46025,5.7,11,Afternoon,23,Female,None,14,0
Bangalore,42,131246,10.94,5,Morning,40,Female,Rod,69,1
Bhopal,28,87605,14.59,7,Evening,20,Male,Rod,63,1
Delhi,23,142053,15.87,3,Morning,60,Male,None,61,1
Hyderabad,45,53436,3.68,7,Morning,17,Male,None,93,0
Patna,40,159544,7.7,3,Afternoon,57,Female,None,90,1
Mumbai,44,160408,12.23,6,Afternoon,53,Female,Knife,14,0
Bhopal,22,166659,2.56,8,Evening,54,Female,None,94,0
Lucknow,24,87192,13.05,6,Morning,18,Female,None,23,0
Bhopal,26,194085,10.45,10,Morning,61,Female,Rod,54,0
Chennai,30,130591,6.62,11,Morning,63,Male,Rod,72,0
Bangalore,33,94511,15.03,3,Afternoon,53,Male,Knife,9,0
Bangalore,16,19665,6.64,5,Evening,37,Female,Knife,33,0
Mumbai,22,168169,17.86,9,Morning,55,Female,Gun,9,0
Mumbai,49,101277,15.06,8,Morning,48,Female,None,64,1
Chennai,43,62474,13.33,6,Morning,67,Female,None,69,1
Delhi,18,166257,2.98,9,Morning,47,Male,Rod,32,0
Patna,7,85911,16.47,2,Evening,62,Female,Gun,87,1
Hyderabad,26,102643,14.64,11,Evening,32,Female,None,5,0
Hyderabad,8,40484,5.66,9,Evening,33,Female,Gun,33,0
Kolkata,6,111165,8.28,10,Afternoon,18,Male,Knife,55,0
Kolkata,30,186682,6.3,10,Morning,21,Male,None,40,0
Delhi,39,191879,17.75,6,Morning,64,Female,None,36,0
Kolkata,23,191979,15.67,9,Morning,28,Male,Knife,68,1
Kolkata,32,198461,16.88,4,Morning,69,Female,None,18,0
Chennai,22,35835,14.62,5,Night,46,Female,Knife,36,1
Chennai,42,106453,9.3,2,Evening,32,Female,Knife,13,0
Kolkata,43,63790,5.29,3,Night,36,Male,Gun,87,1
Bhopal,45,19643,5.33,1,Night,31,Female,Rod,15,0
Jaipur,9,85846,4.43,4,Afternoon,32,Female,Rod,52,0
Jaipur,31,160023,10.75,2,Afternoon,47,Male,Knife,55,1
Delhi,7,156305,16.72,2,Morning,16,Male,Gun,8,0
Hyderabad,9,23200,17.87,1,Night,63,Female,Knife,45,1
Mumbai,13,62275,6.6,10,Night,53,Female,Gun,29,0
Delhi,3,99001,13.16,2,Evening,23,Male,Gun,21,1
Kolkata,35,162363,11.55,4,Night,16,Male,Rod,51,1
Chennai,33,52448,9.82,6,Afternoon,17,Male,Rod,12,0
Bangalore,21,171652,12.65,7,Night,62,Female,Gun,62,1
Bhopal,31,101685,7.94,7,Afternoon,52,Female,Rod,5,0
Lucknow,34,162418,17.11,7,Morning,39,Male,Gun,6,0
Chennai,32,20619,13.29,4,Afternoon,42,Male,None,14,0
Jaipur,35,115454,14.07,5,Morning,35,Female,Knife,31,0
Chennai,15,11766,5.88,11,Evening,62,Male,Rod,17,0
Bhopal,32,13549,4.7,3,Morning,36,Female,Knife,67,0
Mumbai,6,159765,8.31,1,Night,57,Female,Rod,15,0
Kolkata,45,117938,14.27,8,Afternoon,52,Female,Knife,18,0
Bangalore,21,137673,17.02,10,Morning,50,Male,Knife,84,1
Jaipur,33,58328,8.84,11,Morning,53,Female,Rod,30,0
Jaipur,32,35301,14.39,7,Morning,68,Male,Rod,73,1
Patna,19,54763,9.53,9,Morning,30,Male,Rod,87,1
Hyderabad,33,161837,6.72,10,Morning,65,Male,Rod,43,0
Mumbai,28,54787,13.83,4,Morning,61,Male,Gun,32,1
Jaipur,31,130675,14.77,5,Afternoon,57,Female,Rod,21,0
Hyderabad,21,17425,5.25,5,Night,45,Female,Rod,41,0
Jaipur,34,22857,6.88,7,Night,19,Female,Rod,87,1
Kolkata,15,193843,9.92,9,Morning,58,Male,None,31,0
Hyderabad,14,102999,4.98,8,Afternoon,67,Female,Knife,80,1
Bhopal,19,163516,16.86,7,Morning,54,Female,Rod,71,1
Patna,43,51457,11.46,1,Evening,30,Female,Rod,72,1
Kolkata,15,141776,3.94,10,Night,38,Female,Knife,51,0
Bhopal,6,15452,4.94,6,Morning,56,Male,Knife,79,1
Bangalore,9,121153,17.27,10,Afternoon,30,Male,Gun,38,1
Mumbai,37,48862,13.81,9,Night,41,Female,Knife,22,0
Mumbai,20,28300,13.75,7,Afternoon,27,Male,Knife,39,0
Lucknow,34,150638,3.16,1,Evening,33,Male,None,22,0
Lucknow,38,148573,16.32,9,Morning,21,Male,Gun,74,1
Hyderabad,26,11845,9.1,3,Evening,33,Female,None,38,0
Mumbai,18,129342,12.56,9,Night,65,Female,Knife,37,0
Hyderabad,28,49181,17.36,4,Morning,69,Male,Rod,76,1
Lucknow,9,198335,3.6,9,Night,39,Male,Gun,88,1
Bangalore,32,44404,9.72,8,Morning,53,Male,Knife,88,1
Jaipur,6,32564,2.79,7,Afternoon,43,Male,Knife,47,0
Bhopal,14,107898,9.99,4,Night,30,Female,Rod,86,1
Chennai,28,198507,6.04,9,Evening,34,Male,Rod,31,0
Hyderabad,24,28227,16.58,4,Evening,20,Female,Rod,52,1
Bangalore,13,105259,8.38,1,Afternoon,19,Male,Gun,73,1
Bhopal,43,134451,12.14,6,Afternoon,32,Female,None,75,1
Mumbai,12,188547,15.76,4,Evening,68,Male,Gun,26,1
Jaipur,19,27215,17.74,10,Afternoon,25,Female,Rod,38,0
Bhopal,21,140577,10.06,3,Morning,27,Female,Gun,47,1
Patna,27,81074,9.29,5,Evening,20,Male,Rod,81,1
Lucknow,19,162771,3.21,3,Night,22,Male,None,92,1
Bhopal,24,118621,2.2,11,Evening,59,Female,Gun,20,0
Chennai,26,153526,11.74,9,Afternoon,38,Female,None,18,0
Bangalore,45,189289,3.05,6,Morning,17,Male,None,43,0
Jaipur,28,116759,8.09,3,Night,45,Male,Rod,75,1
Kolkata,46,138471,2.06,5,Evening,67,Male,Gun,16,0
Bhopal,18,31711,11.84,8,Evening,64,Male,Gun,88,1
Delhi,44,156131,8.81,8,Night,60,Female,None,59,0
Chennai,36,58398,4.03,6,Morning,52,Female,Rod,10,0
Chennai,42,11286,6.74,5,Afternoon,20,Female,None,44,0
Delhi,29,175369,11.11,5,Afternoon,35,Male,None,17,0
Patna,17,118304,12.51,1,Afternoon,41,Male,None,73,1
Kolkata,4,114959,9.4,2,Afternoon,59,Male,None,28,0
Lucknow,44,167557,14.86,11,Night,59,Female,Gun,78,1
Bangalore,45,69967,3.8,4,Morning,54,Male,Knife,63,0
Jaipur,29,107803,3.35,6,Morning,21,Female,Gun,50,0
Bangalore,4,139745,2.71,11,Evening,44,Male,Rod,77,0
Kolkata,10,64583,10.57,7,Evening,25,Female,Knife,48,0
Bangalore,25,134077,13.3,1,Morning,66,Female,None,80,1
Delhi,31,192702,4.09,8,Evening,31,Female,Gun,15,0
Chennai,3,121359,12.22,1,Morning,49,Male,Knife,65,1
Bangalore,47,37086,9.63,9,Night,46,Male,None,40,0
Hyderabad,2,157556,17.8,4,Night,51,Male,Gun,76,1
Bhopal,25,114132,13.48,7,Afternoon,56,Male,Knife,14,0
Kolkata,49,69263,12.52,11,Morning,20,Female,Gun,82,1
Patna,6,159747,11.13,6,Night,48,Female,Knife,5,0
Hyderabad,26,130155,17.96,9,Morning,58,Male,Rod,67,1
Delhi,8,70664,17.69,2,Evening,34,Male,Gun,16,1
Mumbai,35,165752,10.61,11,Morning,47,Male,Gun,9,0
Delhi,27,158149,9.28,7,Afternoon,38,Male,Knife,82,1
Patna,25,130474,9.39,11,Afternoon,18,Female,Rod,40,0
Patna,18,179246,8.85,5,Night,16,Male,Gun,21,0
Hyderabad,1,86968,10.5,7,Evening,51,Female,Rod,62,1
Bhopal,48,144563,6.38,1,Evening,56,Female,Rod,26,0
Kolkata,39,187198,16.83,11,Morning,43,Female,Gun,35,1
Lucknow,3,144464,9.84,11,Evening,63,Male,None,30,0
Chennai,4,77804,15.47,10,Afternoon,54,Male,Knife,17,0
Hyderabad,41,48400,9.6,9,Night,20,Male,Gun,67,1
Patna,37,177623,13.49,1,Night,28,Male,Rod,71,1
Mumbai,15,38088,7.39,5,Night,26,Female,Knife,67,1
Jaipur,8,166537,12.0,8,Evening,61,Male,Gun,15,0
Patna,38,189227,9.97,1,Evening,37,Female,Knife,73,1
Bhopal,19,97893,7.87,7,Afternoon,64,Male,Knife,68,1
Bhopal,47,15969,16.1,2,Morning,38,Female,Rod,72,1
Patna,26,18981,3.8,7,Morning,27,Female,None,36,0
Bhopal,39,162104,9.79,7,Night,68,Female,None,78,1
Hyderabad,10,64091,5.11,9,Night,68,Male,Knife,14,0
Patna,38,117154,15.78,6,Evening,36,Female,Rod,58,1
Patna,14,34408,6.06,4,Night,34,Female,Rod,59,0
Kolkata,49,165313,12.13,7,Afternoon,20,Male,Gun,86,1
Chennai,41,57940,4.65,7,Afternoon,39,Female,Knife,66,0
Mumbai,19,192177,8.48,4,Night,45,Male,Gun,59,1
Bhopal,30,13657,16.39,2,Night,23,Male,Rod,91,1
Kolkata,5,31230,4.66,11,Night,17,Female,Knife,86,1
Lucknow,31,159752,12.61,9,Night,64,Female,None,39,0
Lucknow,7,94731,5.27,8,Night,49,Male,None,71,0
Bangalore,19,183412,8.65,5,Afternoon,38,Female,Gun,69,1
Hyderabad,31,177022,10.65,5,Morning,18,Male,Knife,21,0
Hyderabad,39,148939,11.24,1,Afternoon,67,Male,Rod,46,1
Delhi,24,14329,11.64,11,Afternoon,39,Female,Gun,63,1
Mumbai,34,45865,12.24,9,Night,33,Male,None,74,1
Patna,23,47869,6.35,11,Morning,62,Female,Rod,15,0
Bhopal,48,130185,8.42,10,Night,52,Female,Knife,82,1
Mumbai,45,93984,2.6,11,Afternoon,69,Male,None,32,0
Bangalore,40,135172,14.3,8,Morning,64,Female,Rod,43,0
Delhi,6,111069,15.39,5,Evening,46,Female,None,58,1
Kolkata,38,99711,5.19,10,Night,29,Female,Knife,15,0
Mumbai,41,76252,5.22,6,Evening,16,Female,Gun,62,1
Kolkata,36,89386,2.67,10,Evening,29,Female,Rod,44,0
Lucknow,27,128728,17.53,11,Evening,56,Female,Rod,8,0
Bhopal,11,142783,14.91,10,Evening,20,Male,Knife,68,1
Bangalore,5,35801,7.77,8,Morning,46,Female,None,52,0
Patna,17,100709,9.71,6,Night,46,Male,None,74,1
Bhopal,7,63270,6.67,10,Morning,45,Male,None,87,0
Chennai,27,65535,11.56,4,Night,51,Female,Rod,35,0
Hyderabad,47,26220,13.48,3,Night,16,Female,Rod,6,0
Bangalore,15,23392,9.16,7,Night,18,Male,None,47,0
Mumbai,46,143318,15.98,2,Morning,35,Male,Rod,93,1
Bhopal,13,30010,10.27,7,Afternoon,58,Female,Gun,45,1
Jaipur,11,136951,4.31,1,Evening,63,Male,Knife,64,1
Hyderabad,45,78358,11.96,10,Afternoon,58,Male,Knife,79,1
Hyderabad,26,158306,9.4,5,Afternoon,36,Female,Rod,50,0
Jaipur,22,106190,16.97,9,Afternoon,45,Male,Gun,44,1
Delhi,28,125795,8.27,1,Evening,57,Male,Gun,63,1
Delhi,24,190523,8.45,8,Afternoon,59,Female,None,49,0
Jaipur,29,132790,12.41,9,Evening,45,Female,Knife,46,0
Chennai,9,135223,10.43,9,Evening,20,Female,Knife,25,0
Lucknow,42,85205,7.99,8,Evening,25,Female,Knife,7,0
Jaipur,4,162856,17.84,4,Night,39,Male,Rod,70,1
Lucknow,49,170744,6.83,7,Night,60,Male,Gun,15,0
Bhopal,46,11082,6.44,1,Afternoon,66,Male,None,28,0
Chennai,18,152220,15.83,7,Night,54,Male,Rod,54,1
Bangalore,43,168566,2.05,6,Evening,63,Male,None,92,0
Lucknow,16,85093,5.22,5,Night,21,Female,Rod,25,0
Hyderabad,33,61952,11.45,1,Evening,25,Male,Knife,29,0
Bhopal,29,46719,4.6,8,Morning,57,Male,None,8,0
Hyderabad,39,58737,17.77,10,Night,58,Female,Gun,47,1
Chennai,10,117271,9.43,1,Afternoon,69,Male,Gun,51,1
Lucknow,9,180608,11.56,1,Morning,25,Male,Rod,27,0
Kolkata,31,191676,4.57,3,Morning,40,Female,Knife,64,0
Chennai,28,191905,6.63,8,Night,29,Female,Rod,92,1
