City,Age,Monthly_Income,Education_Level,Employment_Type,Digital_Usage_Hours,Household_Size,Area_Type,Govt_Scheme_Usage,Citizen_Segment
Lucknow,64,124641,Secondary,Unemployed,9.1,2,Urban,1,1
Hyderabad,63,137267,Postgraduate,Private,5.68,1,Rural,4,1
Jaipur,69,58517,Secondary,Government,9.28,7,Rural,3,1
Chennai,36,39012,Secondary,Private,5.94,4,Semi-Urban,4,0
Lucknow,30,147487,Secondary,Government,1.16,1,Urban,0,1
Ahmedabad,59,26686,Primary,Government,5.75,2,Urban,0,0
Bangalore,38,37161,Secondary,Unemployed,5.97,3,Rural,2,0
Lucknow,54,7402,Primary,Unemployed,2.54,3,Semi-Urban,2,0
Jaipur,44,68190,Graduate,Self-Employed,4.97,6,Semi-Urban,1,1
Chennai,69,18275,Graduate,Government,4.86,5,Semi-Urban,0,1
Hyderabad,46,19915,Graduate,Private,6.42,7,Urban,1,1
Jaipur,37,5909,Graduate,Unemployed,2.97,3,Urban,1,0
Jaipur,42,119110,Graduate,Unemployed,6.03,2,Rural,4,0
Bangalore,23,70908,Secondary,Government,2.79,3,Rural,2,0
Kolkata,53,132337,Secondary,Private,4.74,7,Semi-Urban,1,1
Chennai,19,27620,Secondary,Unemployed,1.67,7,Rural,1,0
Mumbai,39,39112,Graduate,Unemployed,0.85,4,Semi-Urban,2,0
Jaipur,49,7431,Graduate,Private,3.55,1,Urban,2,0
Kolkata,33,91590,Primary,Unemployed,3.11,1,Rural,0,0
Mumbai,35,67175,Postgraduate,Private,4.37,2,Semi-Urban,2,1
Chennai,22,122472,Secondary,Government,9.64,5,Urban,4,1
Delhi,53,37624,Postgraduate,Unemployed,5.46,7,Semi-Urban,0,0
Ahmedabad,47,66264,Graduate,Government,5.76,1,Rural,1,1
Kolkata,62,118766,Graduate,Private,9.45,3,Semi-Urban,4,1
Pune,36,137767,Graduate,Government,9.25,7,Urban,4,1
Delhi,40,105211,Postgraduate,Government,8.9,4,Rural,0,1
Ahmedabad,51,124502,Primary,Government,1.43,5,Urban,1,0
Bangalore,30,49225,Graduate,Self-Employed,6.53,5,Rural,0,1
Lucknow,60,137475,Primary,Private,8.18,5,Semi-Urban,3,1
Hyderabad,46,15839,Primary,Private,8.44,1,Urban,3,0
Pune,53,145302,Secondary,Private,5.99,6,Urban,0,1
Bangalore,39,56977,Postgraduate,Private,0.67,5,Semi-Urban,1,0
Chennai,69,118050,Graduate,Private,9.75,2,Urban,1,1
Bangalore,69,30651,Primary,Unemployed,4.99,3,Urban,2,0
Lucknow,64,102919,Postgraduate,Unemployed,4.24,6,Urban,4,0
Chennai,53,44963,Postgraduate,Unemployed,4.25,4,Urban,0,0
Pune,26,122776,Graduate,Government,4.53,3,Semi-Urban,4,1
Lucknow,56,84198,Secondary,Government,2.8,2,Urban,4,0
Mumbai,68,149811,Secondary,Private,3.61,2,Urban,3,1
Hyderabad,36,135697,Primary,Self-Employed,9.86,7,Urban,3,1
Pune,55,68294,Secondary,Private,4.0,6,Rural,0,0
Mumbai,23,6789,Secondary,Unemployed,5.5,3,Rural,0,0
Ahmedabad,69,94297,Secondary,Private,8.56,1,Semi-Urban,1,1
Pune,64,123341,Postgraduate,Government,5.51,7,Semi-Urban,0,1
Ahmedabad,32,49135,Graduate,Private,3.58,2,Semi-Urban,1,0
Chennai,37,42067,Postgraduate,Unemployed,5.48,5,Urban,1,1
Mumbai,26,22357,Postgraduate,Private,1.58,4,Rural,0,0
Hyderabad,49,43262,Graduate,Government,1.74,4,Rural,1,0
Lucknow,21,63643,Postgraduate,Self-Employed,7.09,2,Semi-Urban,4,1
Jaipur,67,96270,Primary,Unemployed,9.22,5,Rural,1,0
Bangalore,35,143761,Primary,Private,7.39,3,Semi-Urban,4,1
Delhi,22,74103,Postgraduate,Government,1.21,4,Urban,4,0
Hyderabad,37,91268,Secondary,Unemployed,4.33,5,Rural,4,0
Mumbai,40,91310,Postgraduate,Unemployed,0.52,5,Urban,2,0
Jaipur,28,42412,Secondary,Government,5.36,1,Urban,2,1
Hyderabad,54,52734,Postgraduate,Private,2.34,2,Rural,1,0
Mumbai,39,92793,Primary,Private,8.75,5,Semi-Urban,0,1
Kolkata,21,27228,Secondary,Private,1.49,7,Rural,1,0
Kolkata,46,125627,Primary,Unemployed,0.51,3,Urban,2,0
Ahmedabad,61,82924,Postgraduate,Self-Employed,4.79,4,Semi-Urban,3,1
Hyderabad,51,16319,Graduate,Unemployed,1.98,7,Urban,3,0
Kolkata,30,11475,Secondary,Private,7.51,1,Semi-Urban,1,0
Mumbai,59,34545,Secondary,Unemployed,9.24,3,Rural,2,0
Ahmedabad,26,101636,Postgraduate,Self-Employed,0.9,4,Urban,4,0
Mumbai,59,35615,Postgraduate,Unemployed,4.26,2,Semi-Urban,2,0
Ahmedabad,48,18746,Secondary,Government,9.97,3,Semi-Urban,1,1
Hyderabad,24,6245,Graduate,Private,7.46,4,Rural,2,0
Jaipur,21,122408,Postgraduate,Private,9.56,1,Semi-Urban,3,1
Lucknow,36,117143,Postgraduate,Private,2.06,7,Semi-Urban,4,0
Pune,59,32632,Postgraduate,Unemployed,2.6,4,Urban,1,0
Jaipur,47,17856,Graduate,Unemployed,1.97,5,Rural,1,0
Chennai,48,73049,Secondary,Unemployed,3.37,1,Rural,0,0
Mumbai,52,63182,Primary,Private,7.38,3,Urban,4,0
Chennai,38,138873,Postgraduate,Unemployed,2.07,6,Urban,1,1
Jaipur,48,60654,Graduate,Private,5.48,2,Urban,2,1
Ahmedabad,36,60381,Secondary,Unemployed,3.06,7,Semi-Urban,2,0
Pune,48,63601,Secondary,Private,8.38,1,Rural,2,1
Pune,49,5364,Graduate,Government,0.56,7,Rural,2,0
Delhi,19,12436,Postgraduate,Unemployed,2.62,1,Rural,1,0
Pune,69,91713,Primary,Private,6.25,1,Semi-Urban,3,0
Lucknow,27,65194,Postgraduate,Government,1.42,4,Rural,4,0
Pune,19,29544,Secondary,Government,4.93,5,Rural,2,0
Jaipur,19,68295,Primary,Self-Employed,4.64,6,Rural,1,0
Delhi,41,148710,Postgraduate,Unemployed,8.6,2,Rural,1,1
Jaipur,34,74409,Primary,Private,6.44,7,Urban,2,0
Jaipur,49,131839,Graduate,Self-Employed,6.58,2,Semi-Urban,0,1
Bangalore,33,118759,Postgraduate,Unemployed,9.54,5,Rural,1,1
Delhi,33,22157,Secondary,Government,9.83,4,Rural,4,1
Jaipur,63,70888,Secondary,Unemployed,6.71,4,Rural,4,0
Bangalore,56,69947,Primary,Private,5.46,5,Rural,0,0
Bangalore,48,75880,Graduate,Government,6.28,7,Rural,1,1
Delhi,60,9507,Postgraduate,Self-Employed,4.13,5,Urban,0,1
Chennai,41,108134,Graduate,Unemployed,9.88,3,Urban,1,1
Ahmedabad,18,48988,Graduate,Unemployed,7.2,4,Semi-Urban,1,0
Lucknow,28,103421,Primary,Self-Employed,3.26,7,Semi-Urban,0,0
Ahmedabad,38,107591,Primary,Unemployed,1.05,1,Rural,3,0
Pune,21,134614,Postgraduate,Unemployed,0.92,2,Rural,2,0
Lucknow,24,32213,Secondary,Unemployed,2.45,4,Urban,2,0
Pune,43,62450,Postgraduate,Government,2.71,5,Semi-Urban,2,1
Jaipur,64,140549,Graduate,Government,4.44,1,Rural,0,1
Mumbai,67,67222,Primary,Private,2.54,3,Rural,1,0
Delhi,29,142605,Graduate,Unemployed,6.49,6,Rural,1,1
Lucknow,48,17755,Primary,Private,2.51,3,Semi-Urban,4,0
Lucknow,34,136937,Secondary,Government,2.28,1,Urban,1,1
Jaipur,50,147245,Graduate,Unemployed,4.98,7,Urban,3,1
Chennai,28,38371,Primary,Private,8.94,7,Rural,2,0
Bangalore,45,147326,Postgraduate,Unemployed,4.95,1,Rural,3,1
Jaipur,49,140090,Postgraduate,Unemployed,4.43,7,Rural,2,1
Kolkata,18,10192,Postgraduate,Self-Employed,5.99,5,Rural,0,1
Bangalore,64,7015,Graduate,Private,2.94,7,Rural,3,0
Delhi,45,113154,Primary,Government,3.86,6,Semi-Urban,1,0
Bangalore,59,33343,Primary,Private,2.53,5,Urban,2,0
Chennai,24,74306,Primary,Private,5.93,2,Semi-Urban,4,0
Bangalore,19,10829,Graduate,Private,7.13,7,Semi-Urban,3,0
Delhi,59,39381,Primary,Self-Employed,6.9,6,Rural,0,0
Chennai,41,116451,Secondary,Unemployed,2.92,6,Semi-Urban,4,0
Ahmedabad,21,23263,Graduate,Government,7.91,2,Urban,0,1
Lucknow,61,63418,Secondary,Self-Employed,2.93,3,Rural,2,0
Lucknow,36,5148,Secondary,Government,1.93,1,Urban,3,0
Pune,43,137826,Postgraduate,Self-Employed,3.82,3,Semi-Urban,0,1
Ahmedabad,28,31745,Graduate,Unemployed,6.18,7,Rural,4,0
Ahmedabad,57,77914,Primary,Government,1.85,7,Urban,4,0
Bangalore,67,65653,Secondary,Private,6.66,5,Urban,1,1
Lucknow,60,83315,Graduate,Self-Employed,8.7,4,Rural,0,1
Delhi,28,36075,Primary,Government,3.28,7,Urban,3,0
Hyderabad,62,14795,Postgraduate,Unemployed,4.78,7,Rural,3,0
Hyderabad,20,69555,Graduate,Government,2.67,5,Rural,1,0
Chennai,29,108107,Graduate,Self-Employed,3.93,4,Semi-Urban,4,0
Lucknow,20,56529,Graduate,Unemployed,0.71,1,Urban,0,0
Lucknow,59,147744,Primary,Private,9.56,1,Rural,4,1
Hyderabad,44,16009,Secondary,Self-Employed,4.45,6,Semi-Urban,0,0
Lucknow,66,34381,Secondary,Self-Employed,7.99,1,Semi-Urban,0,1
Bangalore,19,132769,Graduate,Unemployed,1.86,2,Rural,0,0
Kolkata,66,69610,Graduate,Self-Employed,8.22,2,Rural,4,1
Mumbai,33,73122,Primary,Government,8.67,4,Urban,4,1
Ahmedabad,19,73184,Postgraduate,Private,7.3,3,Urban,4,1
Pune,47,92228,Graduate,Government,9.08,6,Urban,2,1
Chennai,37,77943,Graduate,Unemployed,2.09,3,Rural,4,0
Kolkata,55,85770,Postgraduate,Self-Employed,5.03,4,Semi-Urban,1,1
Hyderabad,45,57726,Graduate,Private,6.39,2,Semi-Urban,2,1
Ahmedabad,42,52780,Secondary,Unemployed,6.16,5,Rural,0,0
Lucknow,49,47503,Graduate,Government,8.68,7,Urban,3,1
Pune,27,62893,Secondary,Self-Employed,2.55,6,Semi-Urban,2,0
Lucknow,59,66358,Primary,Self-Employed,2.17,4,Semi-Urban,2,0
Delhi,57,85857,Primary,Unemployed,2.91,3,Urban,0,0
Delhi,50,125457,Secondary,Government,8.97,4,Semi-Urban,4,1
Pune,30,122928,Secondary,Self-Employed,9.44,4,Urban,4,1
Pune,58,63706,Postgraduate,Government,5.91,1,Semi-Urban,2,1
Hyderabad,59,145548,Secondary,Private,5.26,2,Semi-Urban,4,1
Pune,64,87806,Secondary,Self-Employed,6.25,6,Semi-Urban,2,1
Bangalore,54,60006,Graduate,Private,6.35,1,Urban,3,1
Lucknow,33,92238,Postgraduate,Self-Employed,2.12,2,Semi-Urban,3,0
Kolkata,62,50798,Secondary,Unemployed,7.02,4,Semi-Urban,0,0
Jaipur,39,82271,Secondary,Self-Employed,4.8,2,Semi-Urban,1,0
Pune,37,35177,Secondary,Self-Employed,5.42,3,Rural,1,0
Chennai,67,133022,Graduate,Government,0.79,6,Semi-Urban,4,0
Delhi,60,135156,Graduate,Government,7.76,1,Semi-Urban,1,1
Bangalore,44,87215,Graduate,Private,8.44,6,Urban,3,1
Ahmedabad,58,48013,Primary,Private,6.38,4,Urban,0,0
Jaipur,33,87600,Graduate,Private,7.61,3,Rural,3,1
Kolkata,51,101099,Secondary,Self-Employed,5.47,2,Urban,2,1
Jaipur,49,58450,Graduate,Self-Employed,6.37,7,Urban,4,1
Pune,43,127640,Graduate,Private,4.25,2,Urban,4,1
Hyderabad,42,97403,Postgraduate,Unemployed,8.02,3,Rural,1,1
Delhi,19,104290,Secondary,Unemployed,4.95,7,Rural,2,0
Delhi,29,136832,Graduate,Self-Employed,6.96,2,Semi-Urban,1,1
Ahmedabad,57,29142,Primary,Unemployed,6.4,1,Semi-Urban,1,0
Hyderabad,26,115189,Postgraduate,Unemployed,7.17,5,Urban,1,1
Lucknow,29,112532,Graduate,Private,7.96,2,Semi-Urban,2,1
Mumbai,43,136436,Postgraduate,Unemployed,5.37,4,Semi-Urban,1,1
Bangalore,26,61921,Postgraduate,Unemployed,8.22,2,Rural,4,0
Delhi,27,24797,Primary,Self-Employed,5.22,6,Rural,1,0
Chennai,49,37535,Primary,Self-Employed,9.59,4,Semi-Urban,2,0
Delhi,51,51300,Primary,Self-Employed,7.65,2,Semi-Urban,2,0
Jaipur,65,52176,Secondary,Unemployed,2.13,2,Semi-Urban,3,0
Delhi,37,21105,Postgraduate,Private,8.38,4,Urban,1,1
Delhi,56,144011,Graduate,Government,5.74,1,Rural,2,1
Mumbai,19,84472,Primary,Self-Employed,9.85,7,Semi-Urban,1,1
Mumbai,18,83097,Primary,Self-Employed,7.33,7,Semi-Urban,0,1
Kolkata,68,146519,Postgraduate,Self-Employed,1.3,5,Urban,4,1
Lucknow,53,101160,Postgraduate,Private,4.25,5,Rural,4,1
Chennai,41,51940,Postgraduate,Government,5.41,7,Urban,1,1
Delhi,44,90001,Graduate,Government,8.47,1,Urban,4,1
Delhi,19,12928,Secondary,Self-Employed,7.43,2,Semi-Urban,4,0
Bangalore,48,53002,Secondary,Unemployed,4.01,5,Urban,0,0
Mumbai,31,89853,Primary,Self-Employed,6.71,1,Urban,4,0
Chennai,19,119614,Secondary,Self-Employed,5.98,1,Semi-Urban,4,1
Ahmedabad,46,122517,Graduate,Unemployed,1.7,5,Rural,2,0
Kolkata,32,84064,Secondary,Unemployed,2.73,7,Semi-Urban,4,0
Lucknow,29,124694,Graduate,Self-Employed,3.74,4,Rural,1,1
Hyderabad,54,149385,Primary,Private,2.36,3,Urban,4,0
Lucknow,45,137631,Postgraduate,Private,1.93,7,Urban,1,1
Jaipur,37,55893,Graduate,Unemployed,1.05,4,Semi-Urban,4,0
Delhi,56,20167,Postgraduate,Self-Employed,8.79,7,Semi-Urban,1,1
Kolkata,41,43598,Primary,Private,3.24,2,Semi-Urban,4,0
Jaipur,38,143595,Graduate,Self-Employed,3.26,4,Urban,1,1
Chennai,27,54777,Graduate,Self-Employed,2.46,6,Urban,4,0
Hyderabad,63,121378,Secondary,Self-Employed,5.02,3,Rural,0,1
Mumbai,31,86060,Graduate,Private,5.39,7,Semi-Urban,2,1
Kolkata,54,18285,Primary,Government,2.48,3,Urban,2,0
Kolkata,35,147045,Postgraduate,Self-Employed,6.28,1,Rural,2,1
Delhi,41,127970,Graduate,Private,7.37,6,Semi-Urban,2,1
Pune,31,27694,Primary,Government,4.05,2,Semi-Urban,0,0
Kolkata,51,140374,Primary,Unemployed,6.06,1,Rural,0,0
Bangalore,29,9611,Graduate,Private,5.27,4,Rural,4,0
Hyderabad,39,14372,Secondary,Government,2.36,4,Rural,0,0
Hyderabad,23,85618,Graduate,Private,7.44,5,Urban,2,1
Bangalore,53,117945,Graduate,Government,8.11,1,Semi-Urban,3,1
Ahmedabad,62,113397,Secondary,Government,6.66,6,Semi-Urban,4,1
Bangalore,53,101213,Primary,Private,3.58,1,Rural,1,0
Bangalore,39,25874,Graduate,Unemployed,9.3,1,Urban,2,1
Hyderabad,31,137669,Secondary,Self-Employed,4.83,1,Rural,2,0
Lucknow,33,16600,Postgraduate,Government,3.03,3,Urban,2,1
Hyderabad,53,139819,Postgraduate,Self-Employed,4.38,5,Semi-Urban,0,1
Pune,42,84415,Secondary,Unemployed,7.07,7,Semi-Urban,1,0
Delhi,49,99348,Primary,Self-Employed,8.54,2,Urban,4,1
Jaipur,50,110736,Secondary,Self-Employed,3.89,2,Semi-Urban,2,0
Lucknow,62,29714,Primary,Private,2.71,2,Semi-Urban,1,0
Mumbai,53,140797,Postgraduate,Private,6.45,3,Rural,3,1
Jaipur,37,116573,Graduate,Unemployed,9.25,5,Urban,0,1
Delhi,35,18092,Secondary,Private,2.24,6,Semi-Urban,2,0
Pune,55,100918,Postgraduate,Government,8.13,5,Semi-Urban,1,1
Pune,20,30457,Graduate,Unemployed,5.03,3,Urban,1,0
Mumbai,40,76667,Postgraduate,Private,8.1,6,Semi-Urban,2,1
Lucknow,49,95751,Secondary,Private,5.3,1,Urban,1,1
Ahmedabad,62,67894,Secondary,Unemployed,4.08,4,Urban,1,0
Bangalore,33,66305,Graduate,Government,7.12,1,Rural,4,1
Lucknow,22,148684,Secondary,Unemployed,9.06,2,Urban,0,1
Ahmedabad,21,57137,Postgraduate,Private,3.54,1,Rural,4,0
Pune,38,5559,Graduate,Private,4.88,3,Semi-Urban,0,0
Hyderabad,57,71249,Graduate,Unemployed,2.68,2,Urban,0,0
Delhi,68,42361,Postgraduate,Government,2.24,4,Rural,4,0
Mumbai,31,85720,Primary,Government,7.89,6,Urban,2,1
Delhi,56,20261,Graduate,Self-Employed,2.41,6,Semi-Urban,1,0
Chennai,48,25372,Primary,Government,8.04,2,Rural,3,0
Chennai,31,60355,Postgraduate,Unemployed,4.58,7,Rural,4,0
Lucknow,23,103560,Postgraduate,Government,9.95,7,Rural,4,1
Pune,29,5037,Graduate,Government,2.37,1,Semi-Urban,2,0
Pune,33,46420,Secondary,Self-Employed,1.38,7,Rural,1,0
Bangalore,34,102243,Graduate,Government,1.22,5,Semi-Urban,4,0
Bangalore,62,134380,Secondary,Self-Employed,8.44,5,Semi-Urban,3,1
Bangalore,40,39600,Primary,Self-Employed,4.66,6,Urban,1,0
Hyderabad,31,94520,Secondary,Government,0.53,5,Semi-Urban,4,0
Jaipur,24,10167,Graduate,Private,8.81,2,Rural,4,0
Kolkata,63,5432,Secondary,Unemployed,8.83,5,Rural,0,0
Jaipur,49,74687,Postgraduate,Unemployed,8.16,3,Semi-Urban,0,1
Delhi,32,76947,Primary,Government,2.86,6,Semi-Urban,4,0
Jaipur,61,101324,Postgraduate,Unemployed,4.04,4,Urban,2,1
Hyderabad,34,55903,Postgraduate,Unemployed,7.58,5,Urban,0,1
Delhi,58,70792,Postgraduate,Self-Employed,5.15,3,Rural,4,1
Jaipur,64,38439,Postgraduate,Private,1.96,3,Semi-Urban,1,0
Hyderabad,61,56248,Secondary,Unemployed,2.81,2,Rural,3,0
Kolkata,51,39743,Postgraduate,Private,9.74,6,Semi-Urban,0,1
Jaipur,22,84803,Secondary,Unemployed,1.93,2,Rural,4,0
Hyderabad,62,80117,Postgraduate,Private,7.4,4,Rural,0,1
Bangalore,44,27076,Graduate,Private,5.04,4,Rural,1,0
Pune,69,92483,Postgraduate,Unemployed,7.61,1,Semi-Urban,2,1
Bangalore,40,139035,Graduate,Self-Employed,6.78,4,Urban,4,1
Pune,57,124217,Secondary,Private,4.67,6,Urban,1,1
Mumbai,31,149938,Primary,Private,3.86,7,Semi-Urban,3,0
Mumbai,32,109504,Secondary,Unemployed,7.67,7,Urban,4,0
Mumbai,60,110649,Primary,Private,3.57,6,Rural,3,0
Kolkata,50,131244,Primary,Private,7.98,2,Semi-Urban,2,1
Bangalore,48,37813,Postgraduate,Self-Employed,6.96,3,Semi-Urban,4,1
Pune,52,71729,Primary,Private,5.99,1,Urban,4,0
Hyderabad,34,9512,Secondary,Self-Employed,4.0,7,Urban,1,0
Delhi,45,122907,Postgraduate,Private,2.45,7,Rural,0,1
Hyderabad,36,136708,Primary,Private,7.25,4,Semi-Urban,4,1
Delhi,63,139847,Secondary,Self-Employed,1.37,3,Urban,2,0
Chennai,40,69591,Primary,Self-Employed,9.72,2,Semi-Urban,4,1
Hyderabad,49,16351,Primary,Government,9.8,5,Rural,4,0
Jaipur,57,120400,Postgraduate,Private,1.74,1,Rural,4,0
Jaipur,30,125533,Postgraduate,Self-Employed,1.49,6,Rural,4,0
Lucknow,37,108627,Secondary,Private,4.42,3,Semi-Urban,2,0
Bangalore,52,133381,Postgraduate,Private,9.65,2,Semi-Urban,1,1
Delhi,22,100707,Postgraduate,Private,4.3,2,Semi-Urban,0,1
Delhi,26,86678,Graduate,Unemployed,3.96,1,Semi-Urban,2,0
Bangalore,46,78309,Graduate,Government,7.18,1,Semi-Urban,2,1
Kolkata,23,15778,Secondary,Unemployed,2.2,4,Rural,3,0
Lucknow,42,148573,Postgraduate,Government,3.95,4,Rural,0,1
Kolkata,48,117713,Secondary,Private,3.27,6,Rural,1,0
Kolkata,39,138180,Graduate,Private,6.21,6,Urban,1,1
Kolkata,19,41382,Graduate,Self-Employed,2.05,1,Rural,3,0
Bangalore,62,80787,Graduate,Government,5.71,1,Semi-Urban,3,1
Kolkata,22,28341,Secondary,Government,8.65,3,Rural,2,1
Jaipur,44,124967,Postgraduate,Unemployed,5.38,4,Urban,1,1
Mumbai,42,136066,Primary,Government,6.99,2,Urban,1,1
Chennai,25,148074,Postgraduate,Private,1.21,7,Urban,1,1
Delhi,18,90820,Secondary,Self-Employed,4.77,7,Urban,2,1
Delhi,37,64949,Graduate,Unemployed,1.4,7,Urban,1,0
Chennai,61,67543,Primary,Self-Employed,6.19,4,Semi-Urban,4,0
Bangalore,40,32610,Secondary,Government,3.17,4,Rural,3,0
Hyderabad,49,70226,Graduate,Government,3.23,1,Semi-Urban,3,0
Bangalore,28,50167,Secondary,Unemployed,1.23,7,Semi-Urban,3,0
Delhi,56,72381,Primary,Government,3.45,1,Urban,3,0
Delhi,64,51710,Graduate,Self-Employed,5.31,4,Rural,4,0
Chennai,41,21766,Postgraduate,Private,6.05,5,Rural,0,1
Kolkata,28,107416,Secondary,Unemployed,1.13,5,Rural,1,0
Bangalore,46,17780,Primary,Government,6.69,6,Urban,3,0
Pune,43,53458,Postgraduate,Self-Employed,5.14,4,Semi-Urban,1,1
Chennai,33,61221,Primary,Private,5.6,7,Rural,1,0
Jaipur,52,6509,Secondary,Government,8.41,5,Semi-Urban,4,0
Delhi,37,94493,Primary,Unemployed,3.75,6,Rural,1,0
Chennai,63,121850,Graduate,Government,2.15,6,Rural,3,0
Bangalore,20,36533,Primary,Government,5.74,4,Rural,1,0
Delhi,18,113144,Secondary,Government,9.48,6,Rural,4,1
Hyderabad,64,127402,Graduate,Private,5.42,1,Urban,3,1
Chennai,18,83467,Primary,Private,8.4,1,Urban,4,1
Lucknow,34,6359,Primary,Government,7.69,1,Semi-Urban,2,0
Delhi,19,124119,Graduate,Government,5.42,2,Urban,0,1
Bangalore,46,25344,Postgraduate,Unemployed,6.65,1,Rural,1,0
Mumbai,37,123499,Postgraduate,Government,4.36,7,Semi-Urban,1,1
Pune,23,74778,Graduate,Self-Employed,5.54,1,Semi-Urban,1,1
Ahmedabad,25,25601,Primary,Self-Employed,5.32,4,Semi-Urban,2,0
Kolkata,46,106013,Postgraduate,Unemployed,7.24,5,Rural,0,1
Ahmedabad,65,35782,Graduate,Private,4.39,7,Rural,4,0
Bangalore,68,116095,Secondary,Government,1.45,5,Semi-Urban,2,0
Jaipur,50,102123,Primary,Unemployed,7.99,1,Urban,2,0
Jaipur,20,49458,Secondary,Private,7.01,1,Rural,3,0
Mumbai,52,129225,Primary,Unemployed,9.53,1,Rural,2,0
Kolkata,22,144152,Postgraduate,Private,4.57,6,Urban,2,1
Lucknow,44,149980,Secondary,Government,1.24,4,Semi-Urban,1,0
Mumbai,61,101188,Secondary,Unemployed,1.66,4,Urban,3,0
Ahmedabad,29,126292,Graduate,Government,7.85,4,Rural,4,1
Mumbai,37,95570,Postgraduate,Unemployed,1.14,5,Semi-Urban,0,0
Ahmedabad,62,128791,Postgraduate,Private,9.12,7,Semi-Urban,4,1
Delhi,37,130291,Primary,Unemployed,3.18,7,Urban,3,0
Jaipur,26,103375,Graduate,Self-Employed,9.04,2,Rural,1,1
Delhi,56,43314,Graduate,Self-Employed,7.85,5,Rural,0,1
Pune,21,113880,Primary,Unemployed,8.78,4,Semi-Urban,4,0
Kolkata,68,105326,Secondary,Self-Employed,2.53,3,Rural,0,0
Lucknow,36,126026,Primary,Government,6.16,2,Semi-Urban,0,1
Ahmedabad,55,67451,Primary,Self-Employed,1.39,1,Semi-Urban,0,0
Lucknow,44,50708,Primary,Self-Employed,2.42,6,Semi-Urban,2,0
Ahmedabad,62,22682,Graduate,Government,3.44,5,Rural,3,0
Bangalore,60,107406,Primary,Government,7.54,6,Urban,3,1
Mumbai,30,64372,Primary,Private,0.73,2,Semi-Urban,1,0
Pune,30,44477,Primary,Government,9.08,7,Urban,4,1
Jaipur,39,138692,Postgraduate,Unemployed,1.17,3,Urban,1,0
Ahmedabad,45,58024,Secondary,Self-Employed,4.08,2,Urban,4,0
Lucknow,69,145749,Secondary,Private,1.27,5,Urban,0,0
Pune,64,22824,Secondary,Government,7.81,4,Urban,4,1
Hyderabad,62,136837,Secondary,Self-Employed,1.84,1,Semi-Urban,4,0
Hyderabad,39,102151,Graduate,Unemployed,8.91,4,Rural,0,1
Delhi,60,53926,Graduate,Unemployed,5.54,4,Urban,1,0
Jaipur,36,17975,Primary,Private,9.51,5,Rural,4,0
Bangalore,25,79877,Graduate,Unemployed,3.26,4,Rural,1,0
Lucknow,69,82870,Secondary,Self-Employed,4.82,4,Semi-Urban,1,0
Mumbai,25,86371,Postgraduate,Government,7.1,5,Urban,3,1
Mumbai,59,105970,Primary,Unemployed,8.4,5,Rural,0,0
Lucknow,43,103066,Primary,Government,4.5,3,Rural,0,0
Kolkata,65,66562,Secondary,Self-Employed,8.98,4,Urban,2,1
Bangalore,68,45409,Secondary,Self-Employed,1.62,2,Semi-Urban,1,0
Pune,43,14834,Secondary,Government,7.23,7,Semi-Urban,2,1
Ahmedabad,40,107192,Graduate,Self-Employed,3.81,1,Urban,0,1
Kolkata,60,5840,Primary,Private,1.46,6,Rural,0,0
Ahmedabad,30,36568,Secondary,Unemployed,4.17,1,Semi-Urban,2,0
Ahmedabad,45,15846,Postgraduate,Private,8.86,5,Semi-Urban,0,1
Kolkata,26,141971,Primary,Private,9.82,6,Rural,0,1
Delhi,37,91038,Primary,Private,4.23,5,Rural,3,0
Hyderabad,36,134789,Graduate,Government,8.92,7,Rural,4,1
Ahmedabad,65,112460,Primary,Government,5.34,7,Rural,3,0
Kolkata,56,79723,Secondary,Self-Employed,7.31,3,Urban,4,1
Kolkata,68,109194,Secondary,Government,0.93,4,Rural,3,0
Chennai,29,116417,Postgraduate,Self-Employed,5.79,5,Semi-Urban,3,1
Delhi,32,140383,Primary,Government,1.17,7,Rural,1,0
Jaipur,48,61888,Primary,Self-Employed,3.05,5,Rural,2,0
Chennai,31,46616,Graduate,Unemployed,5.88,1,Urban,3,0
Chennai,28,11083,Secondary,Self-Employed,8.17,4,Urban,1,1
Lucknow,43,148670,Postgraduate,Unemployed,5.83,3,Rural,3,1
Hyderabad,59,87476,Secondary,Self-Employed,9.39,7,Urban,2,1
Kolkata,44,97416,Primary,Government,8.2,5,Urban,1,1
Hyderabad,28,7580,Primary,Government,1.98,5,Urban,4,0
Bangalore,55,127834,Postgraduate,Unemployed,4.2,5,Urban,2,1
Lucknow,51,117148,Primary,Private,6.85,1,Rural,0,1
Jaipur,60,47321,Postgraduate,Private,9.41,7,Urban,1,1
Hyderabad,36,14386,Postgraduate,Self-Employed,9.88,5,Urban,0,1
Mumbai,23,58171,Secondary,Government,7.75,5,Semi-Urban,1,1
Ahmedabad,63,136743,Postgraduate,Private,5.95,1,Rural,4,1
Bangalore,69,38545,Primary,Government,7.69,5,Urban,1,1
Delhi,55,31855,Graduate,Government,3.1,4,Semi-Urban,3,0
Jaipur,66,40790,Graduate,Government,3.19,4,Urban,0,1
Bangalore,59,56012,Primary,Self-Employed,6.72,1,Rural,0,0
Ahmedabad,45,122827,Graduate,Unemployed,8.78,4,Semi-Urban,1,1
Lucknow,18,19260,Graduate,Self-Employed,9.71,6,Semi-Urban,3,1
Ahmedabad,52,6074,Postgraduate,Private,3.74,6,Rural,3,0
Chennai,57,145547,Graduate,Unemployed,8.07,6,Semi-Urban,1,1
Ahmedabad,25,6986,Graduate,Private,8.59,3,Semi-Urban,2,1
Chennai,69,60479,Graduate,Unemployed,6.42,5,Urban,4,0
Lucknow,64,135833,Secondary,Unemployed,3.8,3,Semi-Urban,1,0
Pune,24,7176,Primary,Self-Employed,6.38,4,Rural,3,0
Chennai,28,89258,Postgraduate,Government,6.05,1,Urban,4,1
Delhi,56,120188,Graduate,Government,6.26,6,Semi-Urban,1,1
Ahmedabad,21,89153,Primary,Unemployed,6.38,1,Urban,4,0
Ahmedabad,42,82442,Graduate,Self-Employed,8.55,3,Rural,2,1
Delhi,29,45002,Secondary,Private,2.12,4,Semi-Urban,3,0
Mumbai,43,62124,Secondary,Private,3.99,7,Rural,2,0
Kolkata,55,142682,Graduate,Government,6.07,5,Rural,2,1
Pune,63,54752,Graduate,Government,3.19,7,Semi-Urban,3,0
Jaipur,29,83947,Graduate,Private,9.79,4,Semi-Urban,2,1
Chennai,60,123972,Secondary,Private,3.0,6,Urban,1,1
Delhi,68,79716,Secondary,Self-Employed,4.96,4,Rural,1,0
Lucknow,54,15073,Primary,Private,8.83,1,Semi-Urban,4,0
Chennai,63,42251,Postgraduate,Self-Employed,1.26,2,Rural,1,0
Kolkata,41,101496,Postgraduate,Government,8.3,6,Semi-Urban,1,1
Lucknow,33,43897,Secondary,Private,5.92,7,Rural,4,0
Bangalore,30,56616,Postgraduate,Government,0.8,5,Urban,0,1
Ahmedabad,42,9482,Graduate,Unemployed,9.08,6,Rural,3,0
Bangalore,69,112990,Primary,Unemployed,0.87,6,Semi-Urban,1,0
Chennai,21,48284,Secondary,Unemployed,5.39,5,Urban,4,0
Kolkata,28,77932,Secondary,Private,0.97,7,Urban,2,0
Pune,49,12338,Postgraduate,Government,1.18,6,Semi-Urban,2,0
Chennai,66,148572,Graduate,Private,8.93,1,Urban,1,1
Delhi,24,147617,Primary,Government,7.78,4,Rural,3,1
Hyderabad,63,66480,Postgraduate,Self-Employed,2.37,1,Rural,4,0
Chennai,28,141313,Secondary,Private,6.39,4,Semi-Urban,4,1
Ahmedabad,45,9695,Secondary,Unemployed,8.05,2,Rural,4,0
Ahmedabad,58,19318,Postgraduate,Self-Employed,8.95,6,Semi-Urban,4,1
Chennai,40,55934,Graduate,Government,4.95,2,Urban,4,1
Lucknow,62,126282,Primary,Private,9.03,3,Rural,3,1
Hyderabad,40,96891,Primary,Government,5.32,7,Semi-Urban,4,0
Delhi,67,73754,Primary,Government,7.04,4,Rural,3,0
Chennai,45,90677,Primary,Private,9.8,1,Urban,3,1
Lucknow,60,107320,Graduate,Private,2.74,1,Urban,3,0
Ahmedabad,64,138909,Secondary,Government,2.1,6,Rural,2,0
Ahmedabad,43,130261,Secondary,Government,3.75,1,Urban,0,1
Kolkata,42,110338,Primary,Self-Employed,2.06,3,Semi-Urban,1,0
Chennai,46,45077,Primary,Unemployed,3.2,5,Rural,2,0
Hyderabad,36,84915,Primary,Government,7.56,1,Rural,0,1
Mumbai,50,140311,Postgraduate,Unemployed,5.04,6,Urban,2,1
Hyderabad,53,34669,Postgraduate,Self-Employed,4.06,2,Semi-Urban,3,0
Ahmedabad,31,53624,Secondary,Unemployed,4.0,7,Rural,3,0
Ahmedabad,31,80147,Secondary,Unemployed,2.35,1,Rural,4,0
Bangalore,52,140222,Primary,Self-Employed,4.75,1,Urban,3,0
Ahmedabad,47,147181,Postgraduate,Government,6.43,1,Urban,2,1
Delhi,45,148008,Graduate,Unemployed,1.82,6,Semi-Urban,1,0
Jaipur,34,147108,Postgraduate,Government,9.74,7,Semi-Urban,3,1
Chennai,20,41943,Secondary,Government,4.71,5,Urban,0,1
Hyderabad,33,118694,Postgraduate,Private,9.51,1,Semi-Urban,2,1
Jaipur,63,128351,Secondary,Government,1.78,5,Urban,0,1
Lucknow,47,43985,Primary,Government,7.79,5,Rural,4,0
Mumbai,69,137574,Graduate,Unemployed,6.37,7,Urban,4,1
Delhi,46,58836,Primary,Government,8.29,7,Urban,1,1
Hyderabad,62,104714,Primary,Government,6.21,3,Urban,2,1
Jaipur,32,8770,Graduate,Private,9.65,2,Rural,1,1
Mumbai,63,47865,Graduate,Private,6.46,1,Semi-Urban,0,1
Bangalore,42,58811,Graduate,Unemployed,7.95,1,Semi-Urban,1,1
Delhi,68,9001,Secondary,Unemployed,8.84,1,Semi-Urban,0,0
Delhi,55,65848,Primary,Private,7.29,5,Urban,1,1
Bangalore,59,57635,Secondary,Private,5.48,7,Urban,4,0
Chennai,64,25946,Graduate,Self-Employed,3.09,4,Semi-Urban,2,0
Bangalore,69,100852,Secondary,Government,8.62,2,Rural,1,1
Delhi,55,96103,Graduate,Unemployed,5.07,6,Rural,0,0
Delhi,40,48744,Postgraduate,Unemployed,6.4,1,Rural,2,0
Jaipur,42,122729,Graduate,Government,1.25,4,Rural,4,0
Ahmedabad,59,28671,Primary,Government,5.22,4,Urban,4,0
Mumbai,24,62813,Primary,Unemployed,7.13,7,Semi-Urban,3,0
Bangalore,39,101748,Primary,Private,6.05,4,Rural,2,0
Mumbai,34,142878,Secondary,Private,4.76,2,Urban,1,1
Bangalore,35,109733,Primary,Government,2.62,4,Urban,4,0
Lucknow,66,131865,Graduate,Unemployed,3.44,6,Urban,1,0
Delhi,58,88551,Postgraduate,Government,7.16,1,Semi-Urban,1,1
Ahmedabad,27,134335,Primary,Private,2.63,6,Urban,0,0
Jaipur,27,44220,Secondary,Self-Employed,6.41,1,Semi-Urban,1,0
Ahmedabad,24,22158,Postgraduate,Self-Employed,6.1,3,Semi-Urban,3,1
Ahmedabad,65,85992,Primary,Private,9.72,5,Semi-Urban,2,1
Ahmedabad,67,67576,Primary,Government,1.08,4,Semi-Urban,2,0
Mumbai,55,93027,Postgraduate,Self-Employed,1.53,6,Urban,0,1
Bangalore,44,63830,Primary,Private,5.31,5,Urban,3,0
Pune,69,140091,Secondary,Unemployed,5.51,5,Urban,3,0
Lucknow,50,17419,Graduate,Government,0.88,5,Rural,2,0
Hyderabad,18,38697,Graduate,Government,8.35,5,Rural,3,1
Ahmedabad,61,89932,Postgraduate,Self-Employed,5.2,5,Semi-Urban,4,1
Chennai,51,124712,Graduate,Government,3.79,1,Semi-Urban,1,1
Mumbai,21,100428,Primary,Self-Employed,3.53,2,Semi-Urban,1,0
Jaipur,34,144045,Primary,Self-Employed,8.68,4,Semi-Urban,2,1
Hyderabad,21,91649,Secondary,Private,2.37,4,Semi-Urban,2,0
Pune,60,127649,Graduate,Self-Employed,2.02,1,Rural,3,0
Chennai,43,16136,Postgraduate,Unemployed,2.53,6,Semi-Urban,0,0
Pune,21,89739,Primary,Government,6.44,1,Urban,2,1
Hyderabad,18,67502,Postgraduate,Self-Employed,8.2,7,Semi-Urban,2,1
Ahmedabad,24,28039,Primary,Government,3.64,5,Urban,2,0
Chennai,47,71720,Primary,Self-Employed,2.15,2,Urban,3,0
Pune,67,128168,Secondary,Private,2.49,4,Urban,4,0
Jaipur,26,93263,Graduate,Unemployed,6.38,6,Urban,2,1
Bangalore,52,64155,Secondary,Government,2.84,3,Semi-Urban,4,0
Delhi,25,21911,Graduate,Private,8.83,1,Semi-Urban,3,1
Bangalore,41,5916,Postgraduate,Government,1.49,3,Semi-Urban,0,0
Hyderabad,36,64052,Graduate,Private,0.81,4,Semi-Urban,1,0
Mumbai,53,22790,Postgraduate,Unemployed,1.34,1,Semi-Urban,1,0
Delhi,67,141278,Primary,Self-Employed,8.53,4,Rural,1,1
Lucknow,69,126937,Postgraduate,Private,6.69,1,Urban,1,1
Jaipur,60,90053,Postgraduate,Government,9.6,6,Urban,3,1
Lucknow,44,54950,Primary,Government,3.69,4,Rural,1,0
Chennai,49,121211,Postgraduate,Private,2.52,7,Rural,3,1
Delhi,31,61361,Postgraduate,Unemployed,5.84,3,Semi-Urban,0,1
Lucknow,35,66451,Primary,Unemployed,5.61,2,Semi-Urban,2,0
Lucknow,45,42696,Primary,Self-Employed,6.11,6,Urban,2,0
Pune,46,107395,Primary,Self-Employed,3.8,7,Semi-Urban,2,0
Bangalore,33,129121,Graduate,Government,0.56,6,Urban,3,1
Pune,52,51728,Primary,Government,0.83,1,Semi-Urban,3,0
Delhi,64,60401,Primary,Self-Employed,6.81,3,Semi-Urban,3,0
Delhi,48,30103,Postgraduate,Self-Employed,5.47,4,Urban,0,1
Hyderabad,21,55044,Secondary,Self-Employed,8.3,3,Rural,4,0
Pune,54,62730,Secondary,Private,3.35,6,Rural,3,0
Kolkata,34,30825,Graduate,Self-Employed,8.25,1,Semi-Urban,3,1
Bangalore,56,42271,Graduate,Private,4.54,3,Rural,2,0
Delhi,65,82256,Secondary,Private,1.42,7,Semi-Urban,1,0
Hyderabad,63,71433,Secondary,Self-Employed,9.79,4,Rural,1,1
Pune,43,106999,Primary,Unemployed,5.36,5,Rural,0,0
Bangalore,65,28572,Postgraduate,Unemployed,6.48,6,Urban,1,1
Pune,56,43546,Primary,Government,6.87,2,Rural,4,0
Lucknow,58,59165,Graduate,Self-Employed,3.94,2,Semi-Urban,2,0
Hyderabad,21,68690,Secondary,Government,7.6,6,Urban,0,1
Bangalore,47,41948,Graduate,Self-Employed,8.77,5,Rural,1,1
Ahmedabad,47,32007,Primary,Government,4.18,1,Urban,1,0
Chennai,39,105819,Graduate,Private,6.74,3,Rural,2,1
Chennai,28,96207,Graduate,Self-Employed,7.69,3,Semi-Urban,0,1
Bangalore,19,81772,Postgraduate,Unemployed,2.31,5,Semi-Urban,2,0
Pune,61,27024,Graduate,Self-Employed,3.66,7,Urban,0,0
Hyderabad,29,87912,Primary,Government,1.53,5,Rural,1,0
Chennai,47,90481,Postgraduate,Government,6.22,4,Rural,2,1
Hyderabad,53,93553,Graduate,Government,8.11,4,Urban,2,1
Chennai,35,137828,Primary,Government,6.3,2,Urban,4,1
Lucknow,43,107488,Secondary,Government,2.21,1,Semi-Urban,2,0
Pune,24,101741,Postgraduate,Government,5.69,1,Urban,0,1
Lucknow,18,83210,Graduate,Unemployed,8.43,7,Rural,4,0
Chennai,43,140607,Graduate,Government,3.38,5,Urban,2,1
Ahmedabad,40,52367,Postgraduate,Unemployed,8.41,2,Semi-Urban,2,1
Ahmedabad,43,64884,Primary,Self-Employed,7.95,2,Urban,4,0
Lucknow,62,149352,Graduate,Private,0.71,4,Rural,1,0
Ahmedabad,23,107572,Primary,Unemployed,2.77,3,Urban,2,0
Chennai,23,58251,Postgraduate,Self-Employed,5.66,7,Urban,3,1
Bangalore,61,89821,Graduate,Private,7.32,1,Urban,1,1
Lucknow,25,88583,Secondary,Unemployed,8.87,7,Semi-Urban,2,1
Mumbai,41,15207,Secondary,Unemployed,6.59,2,Semi-Urban,1,0
Pune,39,32757,Secondary,Self-Employed,4.11,4,Semi-Urban,0,0
Ahmedabad,36,38822,Postgraduate,Government,2.25,4,Semi-Urban,1,1
Ahmedabad,54,46340,Graduate,Unemployed,7.72,4,Rural,4,0
Delhi,35,48351,Postgraduate,Unemployed,2.46,7,Rural,2,0
Kolkata,48,111311,Graduate,Self-Employed,7.11,3,Semi-Urban,1,1
Lucknow,54,80320,Secondary,Government,2.22,2,Semi-Urban,3,0
Jaipur,47,107565,Secondary,Private,1.37,5,Semi-Urban,0,0
Ahmedabad,59,24937,Primary,Government,2.89,5,Urban,0,0
Pune,50,16219,Postgraduate,Government,3.21,4,Rural,1,0
Mumbai,27,14399,Postgraduate,Self-Employed,6.65,4,Urban,4,1
Ahmedabad,54,131733,Primary,Government,2.03,3,Semi-Urban,0,0
Mumbai,29,25047,Secondary,Self-Employed,9.34,4,Rural,1,1
Chennai,47,90693,Secondary,Private,5.77,6,Semi-Urban,1,1
Chennai,44,105931,Postgraduate,Unemployed,5.16,2,Urban,0,1
Kolkata,56,142852,Graduate,Unemployed,4.63,4,Rural,1,0
Bangalore,26,32050,Secondary,Self-Employed,5.88,4,Urban,1,0
Jaipur,38,78551,Primary,Self-Employed,0.71,2,Rural,3,0
Delhi,29,73666,Primary,Government,9.91,1,Semi-Urban,1,1
Kolkata,46,87016,Primary,Government,5.8,6,Rural,1,0
Hyderabad,50,118135,Postgraduate,Unemployed,0.83,6,Urban,4,0
Delhi,60,58010,Postgraduate,Unemployed,6.1,5,Urban,0,1
Lucknow,32,43165,Postgraduate,Unemployed,4.65,4,Urban,4,0
Pune,19,16528,Postgraduate,Self-Employed,0.73,2,Urban,2,0
Hyderabad,69,125840,Primary,Private,9.28,5,Semi-Urban,4,1
Hyderabad,56,141986,Primary,Private,0.6,7,Urban,2,0
Kolkata,61,42136,Postgraduate,Self-Employed,5.99,7,Semi-Urban,2,1
Bangalore,35,147251,Postgraduate,Government,9.64,3,Rural,4,1
Kolkata,20,91008,Primary,Private,2.76,7,Urban,3,0
Lucknow,24,17076,Postgraduate,Government,2.91,7,Rural,4,0
Ahmedabad,60,128911,Postgraduate,Unemployed,0.5,1,Rural,0,0
Ahmedabad,35,121625,Postgraduate,Unemployed,1.13,4,Semi-Urban,4,0
Bangalore,61,55298,Postgraduate,Government,0.93,1,Urban,3,0
Lucknow,55,59304,Secondary,Unemployed,8.32,4,Semi-Urban,4,0
Bangalore,54,84360,Postgraduate,Self-Employed,8.45,4,Urban,3,1
Mumbai,50,74835,Primary,Government,7.4,4,Rural,0,1
Ahmedabad,61,117424,Primary,Government,3.85,1,Semi-Urban,1,0
Hyderabad,48,144190,Primary,Government,8.3,6,Urban,3,1
Jaipur,28,61911,Primary,Private,5.63,3,Rural,3,0
Pune,21,108088,Postgraduate,Government,3.39,6,Semi-Urban,3,1
Lucknow,35,20185,Secondary,Government,4.65,2,Semi-Urban,0,0
Delhi,21,55613,Graduate,Government,1.12,2,Semi-Urban,2,0
Bangalore,66,5386,Graduate,Private,9.48,7,Semi-Urban,3,1
Pune,51,35020,Graduate,Unemployed,6.38,6,Rural,0,0
Delhi,46,47678,Graduate,Private,7.45,3,Rural,1,1
Pune,41,66394,Primary,Self-Employed,6.93,7,Rural,3,0
Jaipur,39,120377,Postgraduate,Government,6.84,3,Rural,2,1
Delhi,19,126716,Postgraduate,Self-Employed,0.66,4,Urban,0,1
Kolkata,61,60918,Graduate,Private,5.49,4,Rural,1,1
Chennai,23,120640,Graduate,Unemployed,8.31,2,Semi-Urban,2,1
Kolkata,59,109446,Secondary,Unemployed,0.92,4,Semi-Urban,1,0
Ahmedabad,42,99702,Secondary,Government,9.58,7,Semi-Urban,2,1
Chennai,38,110509,Secondary,Unemployed,4.53,4,Semi-Urban,4,0
Kolkata,33,98608,Primary,Private,3.25,3,Urban,4,0
Chennai,48,119310,Postgraduate,Private,5.55,1,Semi-Urban,4,1
Chennai,31,148181,Primary,Unemployed,8.11,6,Semi-Urban,1,1
Hyderabad,56,50802,Primary,Government,5.01,5,Semi-Urban,4,0
Bangalore,45,39622,Postgraduate,Government,6.63,5,Rural,0,1
Bangalore,49,114935,Secondary,Private,5.25,4,Rural,0,1
Hyderabad,45,122919,Postgraduate,Unemployed,6.5,4,Urban,4,1
Pune,68,138669,Graduate,Private,1.81,6,Urban,2,1
Mumbai,66,74519,Secondary,Private,0.87,5,Urban,2,0
Pune,26,49772,Postgraduate,Self-Employed,1.8,3,Semi-Urban,1,0
Delhi,62,127431,Primary,Private,3.22,5,Urban,2,0
Delhi,39,101090,Postgraduate,Government,2.91,5,Rural,3,1
Chennai,49,49871,Secondary,Unemployed,6.34,7,Rural,2,0
Kolkata,22,31372,Graduate,Unemployed,4.83,5,Rural,0,0
Kolkata,40,44080,Primary,Self-Employed,0.87,4,Semi-Urban,2,0
Bangalore,22,111242,Graduate,Self-Employed,0.83,7,Semi-Urban,1,0
Lucknow,59,47722,Graduate,Government,1.36,4,Urban,2,0
Pune,49,34048,Primary,Self-Employed,3.85,6,Urban,1,0
Ahmedabad,27,90205,Postgraduate,Private,0.56,5,Urban,3,0
Jaipur,56,145849,Postgraduate,Private,5.19,4,Urban,4,1
Kolkata,32,59711,Graduate,Government,3.93,6,Semi-Urban,3,0
Jaipur,24,25968,Postgraduate,Unemployed,5.78,5,Rural,0,0
Chennai,46,16292,Secondary,Government,7.35,3,Semi-Urban,3,0
Jaipur,64,84459,Graduate,Self-Employed,2.88,4,Urban,3,0
Ahmedabad,20,55192,Graduate,Unemployed,1.99,1,Semi-Urban,0,0
Hyderabad,36,89193,Graduate,Unemployed,3.14,6,Rural,0,0
Ahmedabad,27,74165,Secondary,Unemployed,0.52,4,Semi-Urban,4,0
Jaipur,45,72650,Graduate,Self-Employed,1.64,3,Rural,4,0
Ahmedabad,46,134858,Postgraduate,Private,7.63,3,Urban,2,1
Mumbai,32,106398,Postgraduate,Private,2.62,4,Semi-Urban,1,1
Chennai,52,102885,Postgraduate,Self-Employed,9.95,2,Urban,0,1
Pune,23,105588,Postgraduate,Self-Employed,2.09,6,Urban,3,1
Hyderabad,29,108356,Graduate,Government,7.99,5,Rural,3,1
Kolkata,64,88509,Secondary,Government,7.2,5,Rural,4,1
Delhi,55,56672,Primary,Private,3.56,3,Urban,1,0
Pune,30,27113,Postgraduate,Self-Employed,3.64,4,Rural,0,0
Delhi,46,5694,Primary,Government,5.85,2,Rural,4,0
Chennai,36,20588,Primary,Self-Employed,8.6,6,Urban,1,0
Hyderabad,20,69373,Graduate,Self-Employed,4.17,1,Urban,0,1
Bangalore,25,90603,Postgraduate,Private,1.08,5,Rural,3,0
Kolkata,25,11704,Postgraduate,Private,4.06,7,Urban,3,0
Mumbai,37,45136,Postgraduate,Self-Employed,2.47,6,Urban,4,0
Bangalore,64,72507,Primary,Unemployed,9.42,6,Rural,1,0
Chennai,21,52361,Postgraduate,Unemployed,7.12,2,Semi-Urban,3,1
Pune,68,63847,Postgraduate,Self-Employed,0.98,6,Semi-Urban,1,0
Mumbai,38,111359,Secondary,Private,3.28,5,Urban,4,0
Ahmedabad,20,147513,Graduate,Unemployed,0.98,4,Rural,2,0
Jaipur,62,123906,Postgraduate,Private,8.39,5,Urban,1,1
Mumbai,25,19677,Postgraduate,Unemployed,9.11,1,Rural,1,1
Chennai,40,32818,Graduate,Self-Employed,1.57,4,Urban,4,0
Lucknow,33,6868,Graduate,Government,4.68,3,Urban,2,1
Jaipur,30,88591,Primary,Government,9.35,2,Rural,3,1
Delhi,20,128962,Primary,Private,1.88,5,Urban,0,0
Kolkata,65,72264,Primary,Private,3.27,4,Semi-Urban,4,0
Delhi,26,78168,Graduate,Unemployed,3.39,6,Semi-Urban,0,0
Mumbai,31,148115,Secondary,Self-Employed,0.79,4,Rural,2,0
Delhi,30,76939,Postgraduate,Unemployed,0.84,5,Urban,2,0
Chennai,24,20732,Graduate,Self-Employed,9.55,3,Semi-Urban,1,1
Ahmedabad,32,60244,Secondary,Self-Employed,5.93,5,Rural,0,0
Pune,24,14340,Graduate,Private,3.41,3,Rural,0,0
Kolkata,55,27394,Secondary,Government,4.1,6,Rural,2,0
Delhi,51,103557,Graduate,Government,7.29,5,Semi-Urban,0,1
Delhi,58,140174,Graduate,Private,3.98,4,Semi-Urban,3,1
Mumbai,39,24159,Secondary,Government,2.66,1,Semi-Urban,2,0
Pune,41,127366,Secondary,Private,1.47,1,Semi-Urban,1,0
Bangalore,66,11212,Secondary,Unemployed,7.42,6,Urban,1,0
Delhi,54,42405,Secondary,Self-Employed,2.22,7,Semi-Urban,1,0
Chennai,61,135632,Secondary,Government,1.16,7,Rural,0,0
Lucknow,18,82061,Secondary,Government,4.56,4,Urban,2,1
Kolkata,27,99296,Secondary,Unemployed,0.88,1,Semi-Urban,1,0
Delhi,60,60186,Secondary,Unemployed,9.67,6,Urban,2,1
Chennai,33,128145,Graduate,Government,6.46,3,Rural,0,1
Chennai,63,15532,Secondary,Government,1.95,4,Semi-Urban,3,0
Kolkata,25,71540,Secondary,Private,2.14,7,Urban,3,0
Bangalore,66,108021,Graduate,Private,5.91,3,Semi-Urban,3,1
Chennai,42,8271,Graduate,Government,3.89,4,Urban,0,1
Lucknow,67,5209,Primary,Private,7.86,3,Urban,1,0
Chennai,29,141611,Primary,Unemployed,5.69,3,Rural,0,0
Chennai,42,24977,Secondary,Self-Employed,4.62,1,Rural,2,0
Chennai,34,114920,Secondary,Private,9.65,4,Semi-Urban,3,1
Ahmedabad,43,133156,Primary,Self-Employed,4.21,5,Semi-Urban,2,0
Ahmedabad,63,104588,Primary,Private,4.31,1,Urban,0,0
Bangalore,65,73684,Postgraduate,Government,6.82,3,Rural,4,1
Delhi,31,128862,Postgraduate,Private,8.19,3,Rural,4,1
Chennai,58,10607,Secondary,Self-Employed,6.45,7,Urban,0,0
Pune,53,99786,Postgraduate,Self-Employed,7.14,5,Rural,1,1
Delhi,40,131406,Primary,Government,4.04,7,Rural,2,0
Bangalore,60,12399,Secondary,Self-Employed,5.06,5,Urban,0,0
Hyderabad,23,131812,Graduate,Government,2.37,3,Semi-Urban,0,1
Delhi,64,103662,Graduate,Government,6.96,5,Semi-Urban,4,1
Delhi,22,38617,Primary,Self-Employed,2.6,2,Semi-Urban,3,0
Jaipur,60,143570,Postgraduate,Unemployed,0.51,7,Urban,3,0
Mumbai,42,107826,Graduate,Self-Employed,9.37,7,Semi-Urban,1,1
Jaipur,35,134851,Postgraduate,Self-Employed,3.41,1,Urban,1,1
Lucknow,30,116077,Graduate,Private,2.37,4,Urban,1,1
Ahmedabad,60,55624,Postgraduate,Self-Employed,3.05,7,Rural,4,0
Ahmedabad,31,14628,Graduate,Private,3.64,5,Rural,0,0
Mumbai,45,136401,Graduate,Private,5.01,5,Semi-Urban,1,1
Kolkata,35,43619,Secondary,Self-Employed,1.16,2,Urban,4,0
Kolkata,45,12032,Secondary,Government,1.0,4,Semi-Urban,2,0
Bangalore,68,43034,Primary,Unemployed,3.28,2,Semi-Urban,0,0
Mumbai,44,107658,Graduate,Self-Employed,3.31,4,Rural,2,0
Delhi,49,126123,Postgraduate,Self-Employed,1.62,7,Semi-Urban,3,1
Kolkata,64,91158,Graduate,Government,4.35,7,Semi-Urban,3,1
Chennai,26,60264,Postgraduate,Private,3.2,1,Rural,0,1
Pune,57,99120,Postgraduate,Government,0.75,5,Semi-Urban,1,1
Delhi,49,52850,Graduate,Government,8.91,1,Semi-Urban,0,1
Lucknow,37,9722,Postgraduate,Private,8.92,4,Urban,1,1
Chennai,45,22772,Primary,Self-Employed,2.49,5,Semi-Urban,3,0
Chennai,50,91105,Secondary,Government,2.05,7,Rural,0,0
Mumbai,21,9576,Postgraduate,Government,5.7,2,Rural,0,1
Bangalore,63,104404,Graduate,Self-Employed,6.49,7,Urban,1,1
Lucknow,51,46476,Secondary,Self-Employed,9.6,7,Rural,3,1
Kolkata,65,29154,Primary,Unemployed,4.08,3,Rural,3,0
Mumbai,20,22165,Postgraduate,Government,6.37,2,Rural,1,1
Kolkata,43,19439,Postgraduate,Unemployed,8.84,3,Semi-Urban,1,1
Mumbai,25,123211,Secondary,Private,4.77,2,Urban,1,1
Mumbai,23,49518,Postgraduate,Self-Employed,1.66,4,Urban,3,0
Mumbai,33,31962,Graduate,Self-Employed,4.09,1,Urban,3,0
Bangalore,41,42763,Secondary,Unemployed,1.8,3,Urban,0,0
Mumbai,65,121189,Secondary,Government,0.66,4,Rural,3,0
Hyderabad,56,115290,Postgraduate,Private,7.64,1,Semi-Urban,2,1
Pune,47,115814,Primary,Government,2.77,1,Rural,2,0
Kolkata,62,24464,Primary,Government,0.52,5,Rural,1,0
Delhi,30,128980,Primary,Unemployed,8.79,7,Rural,1,0
Jaipur,22,47299,Primary,Government,4.72,5,Rural,1,0
Lucknow,42,36541,Secondary,Unemployed,2.77,7,Urban,0,0
Ahmedabad,37,78545,Secondary,Self-Employed,3.0,5,Urban,2,0
Bangalore,35,134188,Postgraduate,Self-Employed,2.79,3,Semi-Urban,2,1
Delhi,64,34765,Primary,Self-Employed,2.35,3,Rural,3,0
Chennai,35,28769,Primary,Private,8.49,7,Urban,2,0
Hyderabad,19,25156,Postgraduate,Private,2.12,1,Semi-Urban,3,0
Ahmedabad,27,149507,Postgraduate,Government,5.84,3,Rural,0,1
Jaipur,62,78631,Postgraduate,Unemployed,1.23,1,Rural,1,0
Delhi,67,42909,Graduate,Government,9.52,4,Urban,1,1
Ahmedabad,64,74487,Postgraduate,Self-Employed,6.23,2,Rural,3,1
Delhi,29,52655,Postgraduate,Government,9.08,1,Rural,4,1
Hyderabad,64,56786,Graduate,Government,4.28,1,Urban,3,1
Jaipur,30,73304,Primary,Government,8.2,4,Semi-Urban,0,1
Chennai,67,108606,Secondary,Self-Employed,8.61,7,Semi-Urban,2,1
Mumbai,64,125938,Primary,Unemployed,7.18,5,Urban,3,0
Kolkata,28,85981,Secondary,Government,1.38,6,Urban,0,0
Chennai,36,60107,Secondary,Self-Employed,0.65,7,Semi-Urban,1,0
Mumbai,52,137232,Postgraduate,Private,2.1,5,Semi-Urban,4,1
Bangalore,56,92897,Postgraduate,Unemployed,1.62,5,Urban,4,0
Pune,43,77577,Graduate,Self-Employed,7.39,7,Urban,3,1
Lucknow,63,146918,Primary,Government,5.79,7,Urban,2,1
Lucknow,31,109180,Primary,Self-Employed,5.5,1,Rural,3,0
Kolkata,62,24924,Secondary,Unemployed,2.9,1,Urban,4,0
Jaipur,61,116193,Postgraduate,Government,1.97,3,Rural,4,1
Hyderabad,41,149954,Postgraduate,Private,2.46,3,Semi-Urban,1,1
Jaipur,58,6095,Primary,Private,4.3,2,Semi-Urban,2,0
Hyderabad,18,109205,Graduate,Private,7.53,2,Urban,2,1
Jaipur,68,19123,Postgraduate,Self-Employed,2.92,6,Urban,4,0
Pune,60,50278,Graduate,Unemployed,7.14,7,Semi-Urban,4,0
Bangalore,39,102911,Primary,Private,5.17,3,Semi-Urban,3,0
Bangalore,40,56999,Primary,Government,8.91,7,Semi-Urban,3,1
Mumbai,36,36153,Graduate,Government,2.71,1,Semi-Urban,1,0
Ahmedabad,35,23344,Postgraduate,Government,4.78,4,Urban,4,1
Bangalore,29,42656,Primary,Self-Employed,1.42,3,Rural,3,0
Bangalore,45,6212,Secondary,Unemployed,3.68,1,Semi-Urban,1,0
Chennai,45,125385,Primary,Unemployed,5.32,7,Semi-Urban,2,0
Chennai,50,145073,Postgraduate,Private,7.46,3,Rural,4,1
Mumbai,36,83784,Secondary,Unemployed,2.38,5,Urban,0,0
Ahmedabad,45,103723,Primary,Government,2.57,3,Rural,4,0
Kolkata,69,86144,Postgraduate,Government,6.5,7,Urban,3,1
Chennai,66,36368,Postgraduate,Self-Employed,4.13,7,Urban,4,0
Kolkata,54,66160,Primary,Government,5.08,6,Urban,0,1
Delhi,43,15715,Postgraduate,Unemployed,8.44,7,Urban,4,1
Chennai,52,63784,Graduate,Government,5.24,5,Urban,3,1
Pune,51,134193,Secondary,Private,6.7,1,Semi-Urban,2,1
Ahmedabad,52,104644,Graduate,Self-Employed,6.74,5,Urban,3,1
Mumbai,57,31797,Primary,Self-Employed,8.13,3,Semi-Urban,1,0
Delhi,33,52573,Graduate,Unemployed,6.56,5,Urban,3,0
Ahmedabad,55,81120,Primary,Government,1.12,6,Semi-Urban,1,0
Pune,30,19780,Primary,Government,3.75,4,Rural,4,0
Ahmedabad,40,42905,Postgraduate,Unemployed,9.9,5,Rural,1,1
Pune,39,121049,Postgraduate,Unemployed,2.37,7,Semi-Urban,4,0
Pune,33,134651,Primary,Private,6.07,6,Urban,1,1
Kolkata,45,38359,Secondary,Unemployed,8.51,5,Semi-Urban,3,0
Jaipur,65,71062,Secondary,Government,6.07,2,Semi-Urban,0,1
Delhi,52,78391,Secondary,Private,4.04,4,Urban,4,0
Ahmedabad,62,48463,Graduate,Self-Employed,1.26,1,Rural,1,0
Hyderabad,63,104596,Primary,Government,3.94,7,Semi-Urban,0,0
Delhi,25,100018,Postgraduate,Self-Employed,2.23,6,Rural,1,1
Jaipur,61,21571,Graduate,Self-Employed,9.63,5,Rural,1,1
Delhi,39,30104,Graduate,Self-Employed,7.29,4,Rural,1,1
Bangalore,38,13625,Postgraduate,Government,7.62,1,Semi-Urban,3,1
Hyderabad,43,44199,Primary,Self-Employed,4.64,4,Semi-Urban,1,0
Jaipur,57,125725,Graduate,Government,1.54,6,Urban,0,1
Kolkata,38,36218,Primary,Self-Employed,3.03,2,Urban,1,0
Ahmedabad,42,96916,Primary,Unemployed,2.97,6,Semi-Urban,2,0
Lucknow,58,128182,Primary,Unemployed,5.12,6,Urban,4,0
Jaipur,18,25566,Postgraduate,Government,4.88,1,Rural,3,1
Mumbai,23,38205,Primary,Self-Employed,4.62,1,Rural,2,0
Ahmedabad,40,114084,Graduate,Self-Employed,5.21,5,Semi-Urban,2,1
Jaipur,68,34717,Postgraduate,Self-Employed,9.88,3,Rural,0,1
Bangalore,40,112292,Postgraduate,Unemployed,3.33,6,Semi-Urban,0,1
Lucknow,60,43562,Graduate,Self-Employed,6.35,1,Semi-Urban,3,1
Bangalore,60,25169,Postgraduate,Self-Employed,2.78,6,Semi-Urban,3,0
Lucknow,40,26604,Graduate,Government,4.93,6,Rural,4,0
Mumbai,49,94670,Secondary,Self-Employed,2.4,1,Semi-Urban,1,0
Ahmedabad,47,119605,Graduate,Unemployed,5.8,2,Semi-Urban,3,0
Kolkata,30,93738,Postgraduate,Self-Employed,3.02,2,Urban,3,1
Bangalore,60,136756,Graduate,Unemployed,0.85,6,Rural,1,0
Bangalore,35,133140,Secondary,Unemployed,8.25,2,Semi-Urban,4,0
Pune,40,107537,Primary,Private,1.72,6,Urban,0,0
Lucknow,32,116301,Primary,Unemployed,4.0,5,Semi-Urban,4,0
Chennai,50,13007,Primary,Private,5.03,1,Rural,1,0
Ahmedabad,38,119915,Postgraduate,Private,4.61,6,Urban,0,1
Lucknow,56,122419,Secondary,Self-Employed,7.39,2,Urban,0,1
Pune,40,46787,Graduate,Private,6.17,2,Semi-Urban,0,1
Delhi,44,54582,Graduate,Government,3.31,4,Semi-Urban,4,0
Lucknow,62,88629,Graduate,Unemployed,0.99,4,Rural,1,0
Kolkata,61,10782,Graduate,Government,7.79,7,Rural,4,1
Ahmedabad,35,71770,Postgraduate,Private,3.85,2,Semi-Urban,4,0
Pune,41,62645,Postgraduate,Self-Employed,8.95,7,Urban,2,1
Delhi,68,108509,Secondary,Unemployed,4.25,7,Rural,3,0
Hyderabad,64,34204,Graduate,Government,7.32,7,Rural,4,1
Pune,57,22152,Primary,Self-Employed,9.43,5,Urban,2,1
Hyderabad,68,95555,Postgraduate,Private,6.69,3,Semi-Urban,1,1
Ahmedabad,59,24689,Secondary,Self-Employed,4.43,6,Rural,2,0
Bangalore,24,88251,Secondary,Government,5.89,4,Urban,4,1
Pune,67,111565,Postgraduate,Self-Employed,5.66,6,Rural,1,1
Mumbai,65,43712,Primary,Government,6.06,4,Urban,2,0
Hyderabad,37,54632,Primary,Self-Employed,1.89,1,Rural,4,0
Kolkata,44,25478,Graduate,Unemployed,7.14,1,Semi-Urban,1,0
Mumbai,23,27551,Postgraduate,Self-Employed,1.88,2,Urban,1,0
Jaipur,44,53068,Primary,Unemployed,0.64,1,Rural,3,0
Jaipur,26,98608,Postgraduate,Government,6.44,1,Rural,4,1
Delhi,62,40561,Secondary,Unemployed,1.61,3,Urban,3,0
Bangalore,48,138964,Secondary,Self-Employed,7.82,7,Urban,1,1
Ahmedabad,38,29395,Secondary,Unemployed,8.73,5,Semi-Urban,1,0
Pune,43,23756,Postgraduate,Government,9.47,2,Urban,2,1
Chennai,57,71333,Graduate,Self-Employed,6.81,3,Rural,3,1
Kolkata,65,118561,Graduate,Unemployed,5.08,2,Semi-Urban,0,1
Hyderabad,62,33024,Primary,Unemployed,3.85,5,Urban,4,0
Ahmedabad,30,10947,Postgraduate,Private,5.16,2,Rural,3,0
Mumbai,66,132192,Graduate,Unemployed,2.31,6,Urban,1,0
Jaipur,40,99238,Postgraduate,Private,3.81,6,Rural,2,1
Kolkata,37,72428,Graduate,Government,7.32,6,Rural,4,1
Chennai,54,68355,Secondary,Private,2.57,1,Semi-Urban,4,0
Pune,45,134958,Secondary,Government,3.01,5,Semi-Urban,2,1
Delhi,34,149490,Primary,Unemployed,7.62,3,Urban,1,1
Chennai,45,140905,Secondary,Unemployed,2.19,3,Semi-Urban,0,0
Kolkata,58,136637,Graduate,Private,2.84,4,Urban,2,1
Chennai,19,23402,Primary,Government,0.67,3,Semi-Urban,0,0
Kolkata,42,80851,Primary,Unemployed,7.34,7,Semi-Urban,3,0
Kolkata,67,17834,Secondary,Private,6.37,6,Urban,4,0
Lucknow,58,72850,Postgraduate,Private,7.1,7,Semi-Urban,1,1
Hyderabad,23,42180,Secondary,Private,2.54,7,Semi-Urban,0,0
Jaipur,28,139955,Secondary,Unemployed,7.03,6,Semi-Urban,1,1
Lucknow,55,114688,Primary,Government,6.17,4,Semi-Urban,3,1
Pune,23,111520,Secondary,Unemployed,3.98,1,Urban,0,0
Lucknow,62,16695,Graduate,Self-Employed,4.66,3,Rural,1,0
Bangalore,28,132135,Primary,Self-Employed,5.9,5,Urban,1,1
Bangalore,31,63481,Secondary,Unemployed,5.19,4,Urban,3,0
Jaipur,19,78438,Postgraduate,Government,6.6,3,Urban,2,1
Chennai,57,116491,Graduate,Private,2.22,1,Semi-Urban,3,0
Hyderabad,20,126844,Postgraduate,Self-Employed,5.64,7,Semi-Urban,0,1
Jaipur,52,99910,Graduate,Self-Employed,4.78,5,Rural,0,1
Kolkata,50,61494,Postgraduate,Unemployed,4.88,5,Semi-Urban,4,0
Mumbai,41,148360,Secondary,Self-Employed,4.96,7,Rural,1,1
Hyderabad,36,51978,Graduate,Self-Employed,8.87,1,Rural,0,1
Hyderabad,35,122845,Primary,Private,8.28,3,Semi-Urban,2,1
Kolkata,66,135621,Primary,Private,6.48,7,Rural,2,0
Kolkata,69,59672,Postgraduate,Government,7.31,2,Urban,3,1
Delhi,41,66821,Postgraduate,Self-Employed,0.91,3,Urban,0,1
Jaipur,62,88661,Postgraduate,Government,7.57,7,Urban,0,1
Kolkata,52,74224,Graduate,Government,5.12,7,Rural,4,0
Bangalore,18,94405,Primary,Private,3.52,4,Rural,4,0
Pune,53,59796,Secondary,Private,1.83,4,Urban,4,0
Mumbai,42,133554,Graduate,Unemployed,1.21,3,Semi-Urban,0,0
Jaipur,62,128777,Postgraduate,Private,0.93,6,Urban,3,1
Ahmedabad,66,9023,Primary,Government,2.04,4,Semi-Urban,3,0
Bangalore,60,77959,Postgraduate,Self-Employed,0.79,2,Semi-Urban,3,0
Chennai,51,44218,Secondary,Government,7.46,6,Rural,3,0
Kolkata,42,148285,Secondary,Government,2.86,2,Rural,2,0
Ahmedabad,33,33460,Primary,Government,4.0,5,Semi-Urban,0,0
Kolkata,51,129579,Graduate,Private,8.32,4,Semi-Urban,1,1
Hyderabad,46,69680,Secondary,Government,1.59,7,Semi-Urban,0,0
Bangalore,36,36017,Secondary,Unemployed,8.44,6,Rural,3,0
Hyderabad,40,97038,Secondary,Self-Employed,6.58,3,Urban,2,1
Delhi,36,24515,Secondary,Private,3.75,6,Semi-Urban,2,0
Hyderabad,42,143706,Postgraduate,Government,1.62,7,Rural,0,1
Delhi,33,38001,Postgraduate,Unemployed,1.37,5,Urban,1,0
Delhi,68,6391,Graduate,Self-Employed,3.69,2,Rural,3,0
Ahmedabad,26,114388,Primary,Government,1.83,5,Urban,2,0
Kolkata,18,47215,Primary,Self-Employed,3.04,1,Rural,3,0
Chennai,59,84720,Primary,Private,1.0,4,Urban,3,0
Hyderabad,36,32114,Secondary,Private,6.15,3,Semi-Urban,3,0
Bangalore,50,147954,Postgraduate,Unemployed,1.88,2,Rural,4,0
Delhi,51,118142,Postgraduate,Private,7.69,5,Urban,3,1
Kolkata,33,111206,Graduate,Unemployed,2.57,3,Urban,3,0
Mumbai,61,50647,Primary,Government,8.08,4,Urban,1,1
Jaipur,57,47679,Postgraduate,Self-Employed,2.3,7,Semi-Urban,1,0
Ahmedabad,35,5427,Graduate,Private,7.35,3,Rural,4,0
Chennai,51,134669,Primary,Self-Employed,3.66,4,Urban,4,0
Lucknow,42,71267,Secondary,Self-Employed,6.04,4,Semi-Urban,3,0
Ahmedabad,62,5799,Postgraduate,Government,0.87,4,Semi-Urban,2,0
Mumbai,23,60659,Postgraduate,Government,5.2,5,Semi-Urban,2,1
Jaipur,38,12025,Primary,Private,1.91,7,Semi-Urban,0,0
Mumbai,23,19481,Secondary,Government,5.12,4,Semi-Urban,2,0
Hyderabad,49,30411,Secondary,Self-Employed,1.84,3,Semi-Urban,2,0
Delhi,58,110928,Postgraduate,Unemployed,4.65,7,Semi-Urban,1,1
Chennai,65,128014,Primary,Unemployed,1.55,1,Rural,0,0
Pune,60,56690,Graduate,Unemployed,2.59,3,Rural,0,0
Delhi,56,57870,Postgraduate,Private,6.15,5,Semi-Urban,1,1
Pune,48,91928,Secondary,Government,9.78,4,Urban,2,1
Jaipur,59,75765,Graduate,Government,4.77,7,Urban,2,1
Kolkata,27,28772,Primary,Government,7.03,1,Urban,0,1
Lucknow,47,135417,Secondary,Government,5.62,5,Semi-Urban,2,1
Bangalore,69,23799,Graduate,Self-Employed,5.23,2,Urban,0,1
Delhi,35,117051,Postgraduate,Unemployed,1.11,2,Rural,2,0
Chennai,41,134941,Secondary,Self-Employed,1.87,2,Rural,3,0
Mumbai,69,28555,Primary,Private,8.89,1,Rural,1,0
Chennai,26,97152,Secondary,Unemployed,4.4,7,Rural,4,0
Jaipur,48,132219,Postgraduate,Unemployed,6.34,3,Semi-Urban,3,1
Pune,32,140333,Primary,Self-Employed,5.52,1,Rural,2,0
Mumbai,21,124833,Postgraduate,Private,4.1,7,Urban,4,1
Bangalore,57,74002,Graduate,Private,4.18,1,Urban,3,1
Bangalore,26,51553,Secondary,Unemployed,5.78,7,Rural,1,0
Delhi,62,8088,Postgraduate,Government,1.84,1,Rural,4,0
Jaipur,26,50783,Graduate,Private,4.18,2,Rural,4,0
Kolkata,43,6115,Primary,Self-Employed,4.75,6,Urban,1,0
Jaipur,21,77908,Primary,Private,9.86,7,Urban,3,1
Pune,34,74109,Graduate,Unemployed,3.84,7,Rural,4,0
Chennai,33,7978,Graduate,Government,6.62,7,Urban,1,1
Bangalore,32,113943,Primary,Private,1.81,3,Urban,3,0
Chennai,52,14422,Postgraduate,Unemployed,1.12,6,Semi-Urban,2,0
Chennai,69,94233,Graduate,Private,8.78,6,Rural,0,1
Chennai,22,61174,Postgraduate,Government,7.44,1,Rural,2,1
Bangalore,22,42743,Primary,Self-Employed,3.52,3,Semi-Urban,2,0
Ahmedabad,37,135288,Postgraduate,Unemployed,5.29,6,Semi-Urban,0,1
Hyderabad,32,134000,Postgraduate,Unemployed,1.79,4,Urban,2,0
Pune,35,127778,Graduate,Government,7.22,1,Semi-Urban,2,1
Ahmedabad,64,34430,Postgraduate,Unemployed,1.17,1,Rural,1,0
Pune,19,33834,Postgraduate,Government,7.69,1,Rural,1,1
Mumbai,46,29435,Postgraduate,Unemployed,5.69,4,Rural,3,0
Jaipur,30,92212,Primary,Government,3.15,4,Urban,4,0
Jaipur,21,60797,Primary,Private,8.69,2,Urban,3,1
Lucknow,59,59555,Secondary,Private,9.87,5,Rural,1,1
Jaipur,62,90350,Primary,Private,2.92,3,Rural,1,0
Bangalore,27,19716,Primary,Unemployed,8.16,5,Urban,0,0
Kolkata,48,65261,Secondary,Government,7.63,1,Urban,0,1
Delhi,58,6995,Secondary,Government,7.6,6,Semi-Urban,1,1
Lucknow,25,27414,Graduate,Self-Employed,9.59,1,Urban,2,1
Delhi,20,149916,Graduate,Private,5.12,6,Urban,3,1
Pune,65,20522,Primary,Self-Employed,6.9,2,Rural,1,0
Delhi,63,134632,Postgraduate,Private,8.33,7,Rural,1,1
Delhi,26,79034,Graduate,Self-Employed,5.06,5,Rural,0,1
Lucknow,47,47322,Graduate,Private,5.07,7,Semi-Urban,3,0
Mumbai,28,72638,Primary,Government,3.53,7,Urban,3,0
Chennai,52,106334,Postgraduate,Private,7.92,1,Semi-Urban,4,1
Jaipur,54,144596,Secondary,Unemployed,7.02,5,Urban,1,1
Jaipur,59,35846,Secondary,Private,4.79,2,Urban,4,0
Bangalore,30,78643,Primary,Private,4.48,5,Rural,0,0
Lucknow,53,119930,Primary,Government,1.19,6,Urban,4,0
Bangalore,30,29399,Postgraduate,Unemployed,0.56,3,Semi-Urban,2,0
Kolkata,29,128182,Primary,Government,5.52,7,Rural,1,1
Kolkata,54,53591,Primary,Self-Employed,4.47,2,Semi-Urban,1,0
Bangalore,27,40877,Primary,Self-Employed,8.06,5,Semi-Urban,3,0
Lucknow,26,89106,Postgraduate,Unemployed,5.66,1,Rural,4,0
Bangalore,69,83018,Primary,Self-Employed,9.4,4,Urban,3,1
Jaipur,24,104854,Graduate,Unemployed,2.36,4,Semi-Urban,4,0
Ahmedabad,19,125832,Postgraduate,Private,9.91,2,Urban,4,1
Hyderabad,40,91576,Graduate,Self-Employed,3.33,4,Rural,0,0
Delhi,56,97508,Postgraduate,Private,6.6,3,Urban,4,1
Hyderabad,57,51835,Graduate,Government,5.27,2,Urban,3,1
Lucknow,56,47464,Postgraduate,Self-Employed,3.92,1,Rural,4,0
Hyderabad,38,117454,Secondary,Government,1.82,1,Urban,4,0
Kolkata,40,121062,Primary,Government,1.78,2,Semi-Urban,1,0
Pune,46,72445,Primary,Unemployed,7.26,4,Semi-Urban,1,0
Delhi,31,115454,Postgraduate,Government,4.09,4,Semi-Urban,1,1
Chennai,43,126906,Graduate,Unemployed,9.63,1,Urban,2,1
Lucknow,68,103384,Secondary,Unemployed,3.59,3,Semi-Urban,1,0
Delhi,22,65032,Graduate,Unemployed,9.84,6,Urban,2,1
Hyderabad,48,118521,Primary,Unemployed,2.45,4,Urban,2,0
Kolkata,42,121378,Primary,Unemployed,1.48,3,Urban,3,0
Mumbai,48,22140,Graduate,Private,3.47,7,Urban,1,0
Ahmedabad,67,7670,Postgraduate,Unemployed,8.91,4,Rural,4,0
Chennai,37,41519,Postgraduate,Self-Employed,5.46,6,Semi-Urban,0,1
Ahmedabad,61,49512,Graduate,Unemployed,1.79,2,Semi-Urban,4,0
Delhi,34,108565,Primary,Private,2.42,5,Urban,1,0
Kolkata,62,110156,Graduate,Self-Employed,3.46,1,Rural,4,0
Kolkata,19,30595,Primary,Self-Employed,6.11,2,Urban,1,0
Hyderabad,42,13630,Graduate,Private,3.66,4,Semi-Urban,1,0
Jaipur,30,112461,Postgraduate,Self-Employed,7.6,6,Semi-Urban,4,1
Hyderabad,56,79191,Secondary,Private,6.35,1,Rural,2,0
Jaipur,45,105591,Primary,Government,8.8,5,Urban,3,1
Jaipur,59,68753,Secondary,Government,5.26,5,Rural,3,0
Chennai,23,65520,Postgraduate,Unemployed,3.65,6,Urban,3,0
Hyderabad,20,9008,Graduate,Unemployed,9.96,6,Rural,3,0
Mumbai,52,112408,Postgraduate,Unemployed,3.88,4,Semi-Urban,0,1
Bangalore,35,5496,Secondary,Unemployed,4.57,1,Rural,1,0
Bangalore,28,104767,Postgraduate,Private,8.19,7,Semi-Urban,0,1
Hyderabad,37,28212,Postgraduate,Government,1.34,7,Semi-Urban,3,0
Hyderabad,22,25637,Graduate,Private,4.17,4,Urban,3,0
Ahmedabad,36,50227,Secondary,Self-Employed,1.31,5,Rural,4,0
Chennai,39,124753,Secondary,Self-Employed,1.82,2,Rural,3,0
Hyderabad,36,125118,Secondary,Self-Employed,0.54,2,Rural,1,0
Ahmedabad,64,14884,Primary,Self-Employed,0.59,3,Rural,3,0
Jaipur,33,121481,Postgraduate,Self-Employed,4.11,5,Urban,3,1
Kolkata,41,73259,Secondary,Government,8.19,7,Urban,0,1
Kolkata,58,54810,Postgraduate,Private,6.08,7,Urban,1,1
Jaipur,21,134926,Graduate,Self-Employed,6.53,5,Semi-Urban,2,1
Lucknow,32,9761,Graduate,Unemployed,5.43,4,Semi-Urban,4,0
Ahmedabad,42,21375,Primary,Government,8.29,3,Semi-Urban,2,0
Ahmedabad,61,107654,Primary,Unemployed,8.86,6,Urban,0,1
Jaipur,52,37975,Graduate,Government,8.57,3,Semi-Urban,3,1
Mumbai,31,137955,Secondary,Government,8.22,1,Rural,4,1
Pune,66,79489,Graduate,Unemployed,2.24,4,Semi-Urban,1,0
Delhi,36,13381,Postgraduate,Unemployed,6.14,6,Urban,4,0
Jaipur,55,149867,Primary,Self-Employed,6.03,6,Urban,0,1
Hyderabad,53,67999,Primary,Unemployed,5.52,7,Urban,3,0
Hyderabad,24,54907,Graduate,Private,5.07,2,Urban,0,1
Chennai,47,145710,Secondary,Government,1.35,1,Rural,1,0
Jaipur,36,75467,Secondary,Government,1.47,3,Semi-Urban,2,0
Chennai,66,47623,Postgraduate,Self-Employed,9.07,2,Semi-Urban,3,1
Jaipur,42,115724,Primary,Government,6.49,5,Urban,3,1
Ahmedabad,33,108069,Graduate,Unemployed,2.99,4,Semi-Urban,0,0
Delhi,64,24996,Graduate,Government,3.15,3,Rural,0,0
Ahmedabad,57,110682,Primary,Government,6.3,5,Urban,0,1
Pune,68,88609,Graduate,Unemployed,4.37,6,Semi-Urban,3,0
Kolkata,25,106490,Primary,Unemployed,4.69,7,Semi-Urban,0,0
Bangalore,35,76325,Secondary,Government,1.08,3,Semi-Urban,4,0
Jaipur,45,33930,Secondary,Private,1.82,2,Semi-Urban,4,0
Pune,33,119426,Graduate,Unemployed,4.24,1,Urban,4,0
Kolkata,69,22529,Secondary,Private,7.15,2,Urban,3,0
Lucknow,36,58546,Secondary,Private,0.96,4,Rural,0,0
Delhi,59,12942,Postgraduate,Self-Employed,3.68,7,Urban,1,1
Chennai,34,12548,Primary,Private,7.1,4,Semi-Urban,0,0
Chennai,62,120248,Primary,Self-Employed,8.02,3,Semi-Urban,3,1
Ahmedabad,30,102780,Graduate,Private,2.31,2,Semi-Urban,4,0
Hyderabad,24,5296,Primary,Self-Employed,7.45,1,Rural,3,0
Kolkata,44,72945,Postgraduate,Unemployed,9.58,6,Urban,0,1
Lucknow,27,64980,Graduate,Government,9.11,4,Urban,3,1
Pune,51,61782,Graduate,Government,8.0,1,Urban,1,1
Delhi,53,101382,Primary,Self-Employed,7.27,5,Semi-Urban,3,0
Kolkata,42,58444,Secondary,Unemployed,2.73,3,Semi-Urban,2,0
Lucknow,23,40036,Secondary,Self-Employed,6.52,1,Semi-Urban,3,0
Bangalore,41,44322,Secondary,Self-Employed,6.61,3,Rural,0,0
Jaipur,35,56667,Secondary,Unemployed,4.36,5,Rural,2,0
Chennai,40,99527,Postgraduate,Private,5.18,1,Semi-Urban,4,1
Pune,23,88337,Graduate,Private,7.09,7,Rural,0,1
Chennai,46,56468,Secondary,Unemployed,9.54,1,Rural,1,0
Pune,42,77894,Postgraduate,Self-Employed,3.31,6,Rural,3,0
Ahmedabad,34,68138,Graduate,Government,2.84,5,Urban,3,1
Hyderabad,63,27588,Primary,Self-Employed,6.22,7,Rural,0,0
Pune,41,67901,Primary,Private,1.74,7,Semi-Urban,3,0
Chennai,28,88038,Postgraduate,Unemployed,6.03,2,Urban,3,1
Ahmedabad,43,143709,Graduate,Unemployed,1.34,1,Rural,4,0
Pune,68,136732,Secondary,Unemployed,5.16,6,Semi-Urban,3,0
Bangalore,51,112211,Graduate,Private,6.39,1,Rural,3,1
Hyderabad,45,11922,Secondary,Self-Employed,1.17,6,Semi-Urban,4,0
Pune,20,98697,Postgraduate,Unemployed,2.47,7,Semi-Urban,3,0
Ahmedabad,28,122217,Secondary,Government,3.69,4,Rural,4,0
Kolkata,55,74506,Postgraduate,Unemployed,4.0,7,Rural,1,0
Mumbai,31,129338,Graduate,Self-Employed,6.92,2,Urban,3,1
Lucknow,68,32843,Graduate,Private,5.53,1,Rural,0,0
Mumbai,43,145118,Secondary,Government,4.13,5,Semi-Urban,2,1
Mumbai,65,108064,Graduate,Government,4.78,3,Urban,1,1
Delhi,38,131417,Secondary,Unemployed,0.62,5,Semi-Urban,3,0
Bangalore,56,121585,Graduate,Self-Employed,7.82,2,Semi-Urban,0,1
Kolkata,47,35346,Primary,Unemployed,0.89,4,Rural,2,0
Jaipur,25,128152,Secondary,Government,8.38,4,Semi-Urban,4,1
Pune,68,116769,Postgraduate,Unemployed,5.64,4,Rural,3,1
Lucknow,37,107391,Primary,Self-Employed,5.51,6,Semi-Urban,4,0
Hyderabad,65,78143,Postgraduate,Private,7.19,5,Urban,1,1
Kolkata,49,41787,Graduate,Government,8.67,3,Rural,2,1
Chennai,39,38583,Primary,Self-Employed,9.46,7,Urban,2,1
Jaipur,24,148635,Graduate,Unemployed,5.66,7,Rural,4,0
Delhi,26,126943,Secondary,Government,1.93,3,Urban,4,0
Delhi,62,116233,Postgraduate,Unemployed,8.85,7,Rural,1,1
Kolkata,18,19925,Graduate,Unemployed,0.89,6,Urban,0,0
Ahmedabad,46,88184,Postgraduate,Private,8.17,1,Urban,3,1
Mumbai,25,81515,Postgraduate,Unemployed,6.96,6,Rural,0,1
Chennai,21,141427,Graduate,Unemployed,9.09,3,Rural,2,1
Delhi,52,51069,Secondary,Self-Employed,9.03,3,Semi-Urban,3,1
Lucknow,20,105854,Postgraduate,Unemployed,1.0,1,Semi-Urban,1,0
Delhi,62,59471,Graduate,Private,6.29,5,Rural,0,1
Hyderabad,57,37705,Secondary,Unemployed,1.68,5,Rural,0,0
Pune,24,133501,Graduate,Unemployed,1.25,2,Urban,3,0
Delhi,44,121361,Secondary,Unemployed,4.76,5,Urban,1,0
Hyderabad,18,92273,Postgraduate,Government,1.43,4,Semi-Urban,1,1
Kolkata,44,28241,Primary,Private,7.42,4,Semi-Urban,0,0
Kolkata,33,55818,Graduate,Government,9.7,2,Semi-Urban,0,1
Jaipur,55,97307,Postgraduate,Private,5.91,3,Urban,4,1
Delhi,24,71920,Graduate,Private,2.73,2,Urban,3,0
Lucknow,61,123642,Graduate,Self-Employed,8.51,1,Urban,1,1
Delhi,40,70453,Secondary,Government,8.6,2,Semi-Urban,2,1
Lucknow,58,27689,Graduate,Private,7.46,2,Rural,3,0
Bangalore,28,144324,Secondary,Private,6.34,6,Semi-Urban,4,1
Jaipur,59,35844,Postgraduate,Self-Employed,8.74,4,Urban,3,1
Bangalore,50,100687,Graduate,Government,2.05,1,Semi-Urban,0,1
Delhi,67,28365,Postgraduate,Unemployed,9.35,6,Semi-Urban,3,1
Jaipur,53,142098,Primary,Self-Employed,9.5,1,Semi-Urban,3,1
Bangalore,54,103303,Postgraduate,Private,8.78,2,Semi-Urban,3,1
Mumbai,58,33523,Graduate,Government,2.88,6,Urban,2,0
Delhi,34,146554,Primary,Private,8.65,6,Semi-Urban,4,1
Bangalore,52,117105,Secondary,Self-Employed,5.23,1,Urban,3,1
Mumbai,65,53888,Primary,Self-Employed,6.15,1,Semi-Urban,3,0
Mumbai,22,118884,Graduate,Government,8.49,5,Urban,2,1
Kolkata,65,111968,Graduate,Self-Employed,0.78,7,Rural,1,0
Delhi,49,55110,Postgraduate,Self-Employed,3.95,1,Urban,3,1
Mumbai,20,136565,Secondary,Unemployed,8.25,6,Urban,3,1
Kolkata,69,87001,Graduate,Private,8.23,3,Rural,1,1
Bangalore,64,44767,Graduate,Unemployed,8.56,1,Rural,3,0
Hyderabad,52,34550,Secondary,Unemployed,2.11,4,Rural,3,0
Delhi,69,149905,Secondary,Government,7.21,5,Rural,3,1
Jaipur,31,139042,Postgraduate,Self-Employed,1.89,4,Rural,4,0
Lucknow,65,103315,Primary,Private,7.96,7,Rural,0,1
Lucknow,48,100494,Secondary,Private,2.83,4,Semi-Urban,4,0
Bangalore,48,132424,Graduate,Private,7.51,3,Semi-Urban,1,1
Ahmedabad,34,118855,Secondary,Self-Employed,4.82,5,Rural,4,0
Ahmedabad,41,87681,Graduate,Private,9.87,7,Urban,4,1
Bangalore,69,106489,Postgraduate,Private,6.01,2,Urban,2,1
Mumbai,40,135546,Primary,Self-Employed,6.51,6,Rural,1,1
Delhi,35,33900,Postgraduate,Government,4.0,6,Semi-Urban,1,1
Lucknow,67,19126,Secondary,Private,7.48,1,Semi-Urban,1,0
Lucknow,31,116198,Graduate,Self-Employed,5.2,6,Urban,4,1
Mumbai,67,84303,Secondary,Unemployed,0.67,3,Rural,1,0
Lucknow,32,72061,Secondary,Self-Employed,6.28,6,Semi-Urban,2,0
Jaipur,32,21978,Secondary,Unemployed,8.39,3,Rural,3,0
Delhi,23,61344,Secondary,Self-Employed,2.75,2,Rural,4,0
Pune,44,51648,Primary,Private,2.6,3,Urban,3,0
Lucknow,32,6055,Graduate,Government,6.28,2,Rural,3,0
Bangalore,67,80582,Secondary,Government,8.27,2,Rural,4,1
Jaipur,53,86214,Graduate,Private,2.87,2,Urban,4,0
Lucknow,25,112954,Primary,Unemployed,9.36,3,Semi-Urban,1,1
Jaipur,32,43725,Graduate,Self-Employed,9.31,7,Rural,2,1
Kolkata,20,141327,Graduate,Private,2.41,2,Urban,4,1
Pune,64,58380,Primary,Self-Employed,3.01,7,Semi-Urban,3,0
Chennai,30,58333,Secondary,Private,7.16,3,Rural,4,0
Bangalore,58,47459,Graduate,Private,9.54,5,Semi-Urban,2,1
Bangalore,51,121518,Postgraduate,Self-Employed,7.24,2,Urban,0,1
Delhi,41,41163,Graduate,Government,4.73,3,Rural,3,0
Jaipur,57,89730,Secondary,Government,2.11,3,Urban,0,1
Mumbai,49,24476,Postgraduate,Unemployed,4.88,7,Urban,0,0
Bangalore,49,73580,Secondary,Self-Employed,6.26,3,Rural,2,0
Jaipur,47,110576,Graduate,Unemployed,3.64,1,Urban,4,0
Jaipur,69,91593,Primary,Private,5.35,7,Semi-Urban,0,0
Hyderabad,66,114071,Secondary,Unemployed,1.74,7,Urban,1,0
Hyderabad,30,119832,Secondary,Private,4.8,1,Rural,4,0
Chennai,18,143579,Primary,Self-Employed,1.36,2,Rural,3,0
Kolkata,51,148190,Graduate,Self-Employed,0.97,6,Semi-Urban,4,0
Chennai,32,73682,Secondary,Self-Employed,8.64,5,Rural,2,1
Lucknow,61,96713,Graduate,Self-Employed,2.45,6,Urban,2,0
Mumbai,31,109060,Graduate,Unemployed,5.96,2,Urban,3,1
Lucknow,46,140486,Graduate,Private,1.92,4,Rural,3,0
Ahmedabad,51,88030,Primary,Government,2.99,4,Semi-Urban,3,0
Lucknow,35,125360,Graduate,Self-Employed,3.93,5,Semi-Urban,2,1
Delhi,24,90973,Graduate,Self-Employed,1.86,7,Rural,4,0
Lucknow,46,140009,Postgraduate,Private,0.94,5,Urban,0,1
Chennai,48,41731,Postgraduate,Government,8.83,5,Rural,0,1
Bangalore,42,119360,Postgraduate,Self-Employed,0.61,1,Rural,1,0
Bangalore,55,6750,Secondary,Government,1.08,1,Semi-Urban,2,0
Hyderabad,31,70018,Secondary,Self-Employed,8.15,4,Urban,3,1
Mumbai,25,140099,Postgraduate,Unemployed,3.18,5,Semi-Urban,4,0
Mumbai,44,141817,Primary,Unemployed,7.37,3,Semi-Urban,2,0
Delhi,19,91984,Primary,Government,1.89,6,Urban,1,0
Chennai,34,112983,Postgraduate,Private,2.75,4,Urban,0,1
Hyderabad,54,33451,Secondary,Private,5.94,5,Urban,4,0
Ahmedabad,31,98743,Secondary,Unemployed,9.89,3,Rural,0,1
Mumbai,42,76474,Primary,Private,1.2,5,Urban,4,0
Bangalore,47,17150,Graduate,Private,4.31,7,Rural,3,0
Lucknow,46,18406,Primary,Private,0.91,2,Semi-Urban,4,0
Lucknow,37,121047,Graduate,Government,2.39,3,Urban,3,1
Hyderabad,38,128971,Secondary,Government,9.12,7,Rural,2,1
Chennai,39,108157,Secondary,Private,1.42,6,Rural,0,0
Chennai,52,23325,Postgraduate,Unemployed,8.64,2,Rural,4,0
Kolkata,54,99415,Secondary,Private,2.19,7,Rural,4,0
Pune,33,145508,Graduate,Self-Employed,8.69,1,Semi-Urban,1,1
Mumbai,67,22669,Primary,Unemployed,5.61,4,Urban,0,0
Chennai,66,132385,Postgraduate,Government,8.84,5,Urban,2,1
Bangalore,60,77010,Graduate,Self-Employed,1.94,4,Urban,3,0
Hyderabad,34,137915,Primary,Private,7.74,6,Urban,2,1
Ahmedabad,33,55812,Primary,Private,6.97,5,Urban,1,0
Kolkata,19,21059,Primary,Unemployed,5.66,2,Urban,2,0
Jaipur,21,91269,Secondary,Unemployed,8.2,3,Rural,3,0
Delhi,38,30395,Primary,Private,6.66,3,Urban,0,0
Ahmedabad,56,25202,Secondary,Private,8.83,5,Rural,1,1
Jaipur,51,149345,Primary,Unemployed,4.12,2,Semi-Urban,4,0
Lucknow,47,108235,Primary,Self-Employed,6.1,5,Rural,4,0
Delhi,23,50510,Secondary,Government,8.77,5,Semi-Urban,0,1
Mumbai,34,92945,Secondary,Unemployed,2.54,7,Urban,2,0
Bangalore,56,75649,Graduate,Self-Employed,5.11,5,Semi-Urban,4,0
Delhi,42,111723,Primary,Private,9.63,3,Semi-Urban,1,1
Pune,22,7881,Secondary,Government,5.0,6,Rural,3,0
Jaipur,22,50913,Graduate,Self-Employed,2.9,5,Rural,2,0
Mumbai,37,116860,Graduate,Government,3.84,3,Semi-Urban,3,1
Pune,33,89785,Secondary,Government,8.91,1,Semi-Urban,2,1
Lucknow,68,67457,Primary,Government,9.57,2,Urban,1,1
Pune,58,144728,Graduate,Self-Employed,9.53,1,Rural,3,1
Kolkata,54,10741,Primary,Self-Employed,7.14,5,Semi-Urban,1,0
Kolkata,57,102091,Primary,Private,5.34,3,Rural,3,0
Hyderabad,26,33690,Graduate,Government,2.24,2,Urban,2,0
Ahmedabad,22,37833,Secondary,Unemployed,1.67,4,Urban,1,0
Ahmedabad,59,107566,Primary,Unemployed,1.07,2,Semi-Urban,2,0
Mumbai,19,76240,Postgraduate,Unemployed,0.67,2,Urban,2,0
Lucknow,26,111898,Secondary,Self-Employed,8.84,5,Semi-Urban,3,1
Chennai,60,82711,Graduate,Private,8.19,7,Rural,3,1
Kolkata,53,44023,Postgraduate,Self-Employed,5.89,1,Rural,1,1
Mumbai,39,45209,Primary,Government,9.99,1,Semi-Urban,4,1
Chennai,39,98590,Secondary,Unemployed,9.55,4,Semi-Urban,0,1
Ahmedabad,39,91612,Postgraduate,Self-Employed,6.72,5,Semi-Urban,3,1
Hyderabad,51,85522,Secondary,Unemployed,4.91,2,Rural,2,0
Pune,46,116654,Primary,Self-Employed,1.95,7,Rural,0,0
Kolkata,55,124107,Secondary,Unemployed,5.4,6,Urban,1,0
Mumbai,63,144032,Postgraduate,Government,2.0,1,Urban,0,1
Delhi,50,27462,Secondary,Unemployed,4.29,1,Rural,0,0
Chennai,35,22821,Graduate,Government,9.46,3,Rural,4,1
Pune,24,97889,Graduate,Government,3.75,2,Semi-Urban,4,1
Kolkata,18,93952,Postgraduate,Self-Employed,1.95,5,Rural,0,1
Ahmedabad,50,123066,Secondary,Self-Employed,6.03,1,Rural,4,0
Lucknow,18,84364,Postgraduate,Self-Employed,6.22,7,Urban,4,1
Chennai,41,75077,Secondary,Government,2.34,5,Urban,0,0
Ahmedabad,21,45644,Primary,Private,2.37,2,Semi-Urban,3,0
Kolkata,21,67643,Graduate,Private,9.9,2,Urban,4,1
Chennai,35,18311,Primary,Government,2.81,1,Semi-Urban,0,0
Pune,44,134466,Secondary,Government,8.46,4,Rural,3,1
Kolkata,60,35531,Primary,Self-Employed,4.97,5,Rural,4,0
Jaipur,49,19588,Postgraduate,Self-Employed,4.63,5,Semi-Urban,0,1
Mumbai,50,54416,Postgraduate,Self-Employed,3.3,3,Urban,4,0
Pune,45,148452,Secondary,Private,7.85,7,Urban,3,1
Chennai,59,26711,Graduate,Private,8.87,2,Rural,0,1
Lucknow,58,141169,Postgraduate,Government,2.98,2,Urban,3,1
Ahmedabad,53,121348,Graduate,Private,1.4,1,Semi-Urban,2,0
Delhi,23,27076,Secondary,Self-Employed,1.8,1,Rural,1,0
Ahmedabad,33,89274,Graduate,Self-Employed,8.03,1,Urban,2,1
Chennai,51,62609,Secondary,Self-Employed,4.64,3,Rural,4,0
Ahmedabad,40,63480,Primary,Self-Employed,1.75,7,Rural,3,0
Mumbai,67,12044,Secondary,Self-Employed,3.73,4,Urban,0,0
Kolkata,59,60486,Primary,Unemployed,5.39,1,Semi-Urban,3,0
Delhi,41,60162,Secondary,Government,8.59,1,Urban,4,1
Bangalore,66,34882,Postgraduate,Government,6.6,6,Urban,0,1
Chennai,30,59078,Postgraduate,Private,2.17,7,Urban,2,1
Hyderabad,35,63734,Graduate,Self-Employed,2.01,1,Urban,3,0
Bangalore,30,113730,Secondary,Unemployed,4.42,3,Urban,1,0
Ahmedabad,66,92985,Secondary,Self-Employed,1.21,5,Urban,4,0
Chennai,54,49028,Secondary,Self-Employed,7.68,4,Semi-Urban,4,0
Jaipur,60,103938,Graduate,Private,4.31,5,Rural,3,0
Hyderabad,56,123319,Postgraduate,Unemployed,3.76,6,Semi-Urban,2,0
Delhi,59,37543,Secondary,Unemployed,5.34,2,Urban,2,0
Lucknow,34,129279,Graduate,Government,7.24,2,Semi-Urban,1,1
Jaipur,32,34362,Secondary,Self-Employed,5.91,1,Rural,1,0
Bangalore,35,146129,Primary,Unemployed,8.12,6,Semi-Urban,3,0
Kolkata,40,47915,Secondary,Government,6.48,5,Urban,0,1
Mumbai,68,56370,Primary,Unemployed,7.99,3,Rural,2,0
Lucknow,47,116375,Graduate,Self-Employed,7.12,4,Urban,0,1
Jaipur,51,147394,Graduate,Government,2.33,7,Urban,0,1
Kolkata,21,74812,Postgraduate,Unemployed,1.0,5,Rural,3,0
Kolkata,20,39017,Secondary,Private,9.08,6,Rural,1,1
Chennai,24,61792,Graduate,Unemployed,9.48,6,Urban,0,1
Jaipur,35,134198,Postgraduate,Self-Employed,7.41,7,Semi-Urban,3,1
Delhi,59,22629,Secondary,Private,7.38,5,Rural,1,0
Ahmedabad,24,133614,Graduate,Unemployed,3.07,4,Semi-Urban,0,0
Hyderabad,57,144317,Primary,Unemployed,5.65,5,Semi-Urban,0,0
Hyderabad,23,101950,Graduate,Government,9.93,5,Rural,1,1
Bangalore,39,69829,Primary,Self-Employed,8.63,4,Semi-Urban,1,1
Bangalore,18,15588,Postgraduate,Unemployed,3.39,3,Rural,4,0
Hyderabad,21,136514,Postgraduate,Unemployed,3.36,7,Rural,4,0
Delhi,63,110280,Secondary,Unemployed,5.09,6,Rural,3,0
Mumbai,66,45721,Secondary,Self-Employed,4.34,4,Rural,3,0
Pune,69,15599,Secondary,Private,4.03,1,Semi-Urban,2,0
Ahmedabad,67,77594,Postgraduate,Self-Employed,6.46,1,Semi-Urban,4,1
Mumbai,60,139011,Primary,Government,0.61,1,Rural,1,0
Chennai,46,27149,Secondary,Government,7.75,1,Rural,4,0
Pune,38,132616,Secondary,Self-Employed,7.53,7,Rural,3,1
Pune,43,146280,Postgraduate,Unemployed,8.39,2,Rural,3,1
Jaipur,31,114034,Primary,Unemployed,8.49,3,Urban,3,0
Delhi,26,25951,Graduate,Private,5.88,2,Semi-Urban,1,1
Delhi,64,51766,Secondary,Self-Employed,7.91,5,Semi-Urban,0,1
Pune,29,62014,Graduate,Self-Employed,5.18,5,Rural,3,0
Jaipur,59,92122,Graduate,Unemployed,9.54,4,Urban,4,1
Ahmedabad,68,14308,Secondary,Government,2.31,1,Urban,0,0
Pune,68,64252,Postgraduate,Government,9.2,4,Urban,4,1
Lucknow,23,88211,Secondary,Private,2.96,5,Rural,3,0
Bangalore,37,131534,Primary,Private,1.48,1,Urban,1,0
Bangalore,41,13720,Primary,Government,4.67,7,Rural,0,0
Mumbai,44,131204,Secondary,Self-Employed,6.34,6,Urban,0,1
Chennai,55,84993,Graduate,Private,2.69,3,Rural,3,0
Bangalore,25,52113,Primary,Unemployed,5.78,5,Rural,3,0
Kolkata,18,53926,Primary,Self-Employed,8.17,6,Semi-Urban,3,0
Mumbai,66,141464,Secondary,Unemployed,2.94,4,Rural,2,0
Bangalore,66,30905,Secondary,Private,6.01,6,Urban,1,0
Chennai,41,55385,Postgraduate,Government,3.72,4,Semi-Urban,1,1
Delhi,64,35653,Secondary,Private,5.53,5,Urban,3,0
Delhi,24,96865,Secondary,Government,6.84,2,Rural,2,1
Ahmedabad,36,130813,Primary,Self-Employed,3.83,7,Semi-Urban,3,0
Pune,39,20052,Primary,Private,9.95,7,Rural,3,0
Lucknow,52,142116,Primary,Private,5.86,3,Rural,1,0
Delhi,47,26381,Graduate,Private,8.33,7,Urban,2,1
Jaipur,46,88108,Primary,Self-Employed,7.39,6,Urban,1,1
Bangalore,39,54892,Primary,Unemployed,8.6,7,Urban,3,0
Jaipur,28,96501,Secondary,Unemployed,2.15,6,Semi-Urban,4,0
Chennai,37,88391,Postgraduate,Government,2.61,5,Urban,0,1
Delhi,46,22920,Primary,Private,5.13,7,Rural,3,0
Lucknow,68,21702,Postgraduate,Unemployed,8.6,5,Semi-Urban,2,1
Chennai,58,6894,Primary,Self-Employed,2.38,7,Urban,4,0
Kolkata,59,35985,Primary,Private,9.73,4,Urban,2,1
Kolkata,51,130702,Postgraduate,Government,1.71,1,Urban,3,1
Jaipur,18,78527,Secondary,Unemployed,2.16,1,Rural,3,0
Pune,48,133676,Primary,Self-Employed,2.09,1,Urban,0,0
Mumbai,47,47235,Postgraduate,Self-Employed,6.07,4,Rural,2,1
Pune,65,29976,Primary,Government,9.22,1,Semi-Urban,4,0
Ahmedabad,35,87643,Graduate,Unemployed,2.92,5,Urban,0,0
Pune,34,112631,Graduate,Private,5.75,2,Rural,2,1
Ahmedabad,55,61697,Graduate,Self-Employed,2.17,2,Urban,3,0
Ahmedabad,31,75382,Graduate,Government,6.5,7,Urban,0,1
Lucknow,40,21651,Secondary,Self-Employed,1.67,2,Semi-Urban,3,0
Delhi,42,19633,Graduate,Self-Employed,5.17,1,Semi-Urban,1,0
Lucknow,32,84164,Postgraduate,Unemployed,6.72,2,Rural,1,1
Ahmedabad,63,5569,Primary,Unemployed,6.0,6,Rural,0,0
Chennai,39,72509,Postgraduate,Private,1.83,1,Rural,0,0
Kolkata,20,128425,Graduate,Self-Employed,2.03,6,Semi-Urban,2,0
Ahmedabad,36,106126,Secondary,Government,6.88,5,Rural,4,1
Lucknow,61,132522,Graduate,Self-Employed,8.18,6,Semi-Urban,4,1
Chennai,51,38038,Graduate,Government,9.13,5,Semi-Urban,1,1
Lucknow,52,43138,Secondary,Self-Employed,8.23,4,Urban,1,1
Pune,67,115740,Secondary,Government,9.75,4,Urban,1,1
Bangalore,18,116174,Secondary,Self-Employed,4.38,7,Rural,3,0
Jaipur,69,54272,Secondary,Self-Employed,3.65,6,Semi-Urban,4,0
Mumbai,38,142980,Secondary,Private,0.77,3,Semi-Urban,0,0
Lucknow,46,146916,Secondary,Unemployed,4.77,5,Semi-Urban,1,0
Mumbai,23,56455,Primary,Unemployed,6.69,1,Urban,2,0
Hyderabad,54,73447,Graduate,Government,8.25,3,Semi-Urban,0,1
Lucknow,18,82108,Graduate,Self-Employed,3.04,5,Rural,0,0
Bangalore,68,43333,Secondary,Self-Employed,5.38,1,Rural,0,0
Mumbai,18,126219,Postgraduate,Unemployed,6.79,5,Urban,4,1
Ahmedabad,44,88029,Secondary,Government,5.74,5,Rural,1,1
Lucknow,38,44697,Primary,Private,3.1,1,Semi-Urban,2,0
Delhi,33,22634,Postgraduate,Private,8.06,5,Semi-Urban,3,1
Jaipur,61,130520,Primary,Private,2.15,5,Rural,2,0
Bangalore,57,29561,Postgraduate,Self-Employed,9.1,5,Urban,2,1
Mumbai,43,60063,Postgraduate,Government,9.55,7,Semi-Urban,2,1
Bangalore,33,30921,Secondary,Unemployed,3.97,4,Semi-Urban,3,0
Chennai,45,24340,Primary,Self-Employed,4.07,2,Urban,2,0
Jaipur,18,67781,Postgraduate,Self-Employed,7.56,5,Semi-Urban,2,1
Ahmedabad,53,19901,Primary,Private,4.83,7,Rural,1,0
Lucknow,27,15638,Secondary,Government,0.77,1,Rural,1,0
Lucknow,60,49324,Secondary,Government,9.24,6,Urban,1,1
Lucknow,34,93356,Secondary,Private,4.59,5,Urban,0,1
Jaipur,40,37642,Secondary,Private,2.43,7,Rural,2,0
Delhi,24,30378,Graduate,Private,5.78,4,Urban,4,0
Hyderabad,61,55867,Postgraduate,Self-Employed,2.58,7,Rural,4,0
Kolkata,24,78686,Graduate,Self-Employed,2.46,4,Urban,4,0
Pune,61,47875,Secondary,Self-Employed,5.68,6,Rural,3,0
Mumbai,32,123171,Postgraduate,Unemployed,4.21,5,Semi-Urban,1,1
Delhi,51,105061,Postgraduate,Unemployed,5.94,3,Semi-Urban,1,1
Ahmedabad,63,69377,Primary,Government,9.97,6,Rural,1,1
Mumbai,62,59691,Secondary,Private,8.66,2,Semi-Urban,3,1
Lucknow,21,54063,Graduate,Private,0.57,1,Rural,2,0
Bangalore,31,96782,Primary,Self-Employed,0.98,7,Urban,0,0
Ahmedabad,31,83343,Postgraduate,Unemployed,6.3,1,Semi-Urban,1,1
Mumbai,33,88071,Graduate,Private,6.45,1,Semi-Urban,2,1
Lucknow,24,141564,Secondary,Government,8.84,1,Semi-Urban,4,1
Mumbai,49,126399,Graduate,Private,6.48,4,Rural,0,1
Bangalore,36,36357,Graduate,Self-Employed,2.66,7,Semi-Urban,4,0
Lucknow,19,37314,Graduate,Self-Employed,4.95,2,Urban,2,1
Hyderabad,27,75283,Primary,Unemployed,8.19,5,Semi-Urban,2,0
Delhi,67,64567,Postgraduate,Government,9.27,5,Urban,4,1
Chennai,34,52006,Graduate,Government,2.75,3,Semi-Urban,0,1
Pune,54,146758,Postgraduate,Private,5.63,5,Semi-Urban,4,1
Jaipur,29,66606,Primary,Government,2.01,2,Urban,4,0
Pune,23,23891,Secondary,Private,5.22,5,Semi-Urban,4,0
Ahmedabad,39,106732,Secondary,Private,1.36,4,Urban,0,0
Pune,49,34877,Graduate,Unemployed,9.45,6,Urban,3,1
Lucknow,58,19026,Primary,Government,6.56,5,Urban,0,1
Hyderabad,37,25422,Secondary,Self-Employed,8.62,1,Semi-Urban,4,0
Chennai,18,145316,Primary,Private,9.98,1,Semi-Urban,1,1
Delhi,64,38481,Primary,Private,2.24,6,Urban,1,0
Delhi,23,94180,Graduate,Private,7.09,1,Semi-Urban,2,1
Bangalore,36,114384,Graduate,Government,8.93,1,Rural,3,1
Jaipur,35,63031,Primary,Government,5.97,4,Urban,2,0
Mumbai,23,144593,Primary,Government,6.58,4,Urban,2,1
Hyderabad,62,137818,Graduate,Private,4.37,4,Rural,1,1
Mumbai,50,88127,Primary,Self-Employed,6.91,5,Rural,0,0
Chennai,40,97254,Graduate,Self-Employed,4.26,6,Urban,2,1
Pune,40,73232,Postgraduate,Government,5.03,1,Rural,2,1
Delhi,43,148084,Primary,Self-Employed,1.48,3,Urban,3,0
Chennai,30,85224,Graduate,Private,0.57,6,Semi-Urban,1,0
Pune,24,34960,Primary,Government,1.02,3,Rural,0,0
Delhi,32,92695,Graduate,Government,2.33,1,Urban,3,1
Pune,61,135066,Primary,Private,4.84,2,Urban,0,1
Jaipur,44,143982,Secondary,Government,0.7,6,Urban,0,1
Hyderabad,43,7693,Secondary,Private,1.98,5,Rural,2,0
Ahmedabad,50,120313,Primary,Government,7.92,3,Semi-Urban,3,1
Chennai,32,33810,Secondary,Self-Employed,7.74,6,Semi-Urban,2,0
Chennai,53,25092,Primary,Government,8.0,6,Rural,4,0
Kolkata,62,63105,Primary,Government,9.25,4,Urban,0,1
Lucknow,44,33555,Postgraduate,Government,1.63,2,Urban,3,0
Jaipur,22,76934,Postgraduate,Unemployed,2.05,4,Urban,1,0
Jaipur,19,77788,Secondary,Self-Employed,3.67,2,Rural,2,0
Mumbai,50,82257,Postgraduate,Private,9.19,2,Rural,4,1
Pune,33,22939,Postgraduate,Unemployed,7.87,5,Urban,4,1
Lucknow,40,147897,Primary,Self-Employed,3.58,6,Urban,4,0
Hyderabad,55,133068,Graduate,Government,1.33,4,Urban,2,1
Hyderabad,33,5036,Primary,Government,6.36,4,Rural,1,0
Jaipur,31,98948,Postgraduate,Private,2.94,3,Rural,3,0
Hyderabad,46,88707,Primary,Private,5.55,6,Semi-Urban,0,0
Kolkata,43,44051,Secondary,Self-Employed,9.45,1,Urban,1,1
Chennai,52,85738,Graduate,Self-Employed,5.94,1,Urban,2,1
Bangalore,32,78596,Postgraduate,Private,9.28,3,Semi-Urban,3,1
Ahmedabad,20,65071,Postgraduate,Self-Employed,4.23,2,Urban,0,1
Mumbai,40,135613,Primary,Private,6.52,3,Semi-Urban,3,0
Pune,46,78601,Primary,Government,8.99,3,Rural,0,1
Ahmedabad,51,34873,Primary,Private,6.09,4,Semi-Urban,0,0
Pune,50,76468,Primary,Unemployed,6.34,3,Semi-Urban,4,0
Delhi,58,31470,Postgraduate,Private,7.3,7,Rural,2,1
Ahmedabad,58,13328,Primary,Private,8.88,2,Urban,1,0
Bangalore,40,142405,Postgraduate,Unemployed,1.34,1,Semi-Urban,4,0
Jaipur,24,126173,Primary,Unemployed,3.7,5,Semi-Urban,4,0
Kolkata,20,51638,Graduate,Unemployed,4.28,6,Urban,3,0
Chennai,49,16268,Graduate,Unemployed,9.14,3,Semi-Urban,0,1
Chennai,48,118920,Primary,Private,9.58,6,Rural,0,1
Kolkata,35,115379,Primary,Self-Employed,1.64,3,Semi-Urban,3,0
Lucknow,60,12887,Secondary,Unemployed,1.63,7,Urban,2,0
Delhi,24,29918,Graduate,Government,9.38,6,Urban,0,1
Pune,58,40497,Postgraduate,Private,3.31,4,Semi-Urban,4,0
Bangalore,18,98562,Graduate,Self-Employed,2.8,4,Urban,4,0
Hyderabad,31,16929,Postgraduate,Government,0.84,6,Urban,0,0
Ahmedabad,69,107201,Primary,Private,3.12,3,Semi-Urban,0,0
Delhi,49,121566,Graduate,Private,7.09,7,Semi-Urban,2,1
Ahmedabad,23,33546,Graduate,Government,4.55,7,Urban,0,1
Bangalore,56,87494,Secondary,Unemployed,5.41,3,Semi-Urban,2,0
Mumbai,27,51566,Secondary,Unemployed,9.21,2,Rural,4,0
Mumbai,24,90464,Graduate,Government,1.59,1,Semi-Urban,2,0
Delhi,43,133279,Graduate,Self-Employed,1.18,1,Urban,0,1
Jaipur,51,86991,Graduate,Unemployed,8.59,7,Rural,1,1
Bangalore,47,97680,Postgraduate,Private,7.86,5,Urban,0,1
Bangalore,53,33013,Primary,Private,3.01,1,Urban,1,0
Kolkata,38,57132,Secondary,Self-Employed,3.58,5,Rural,4,0
Jaipur,34,112855,Primary,Private,3.45,4,Semi-Urban,3,0
Pune,50,96627,Secondary,Unemployed,6.65,5,Urban,4,0
Pune,27,127772,Secondary,Self-Employed,1.08,5,Semi-Urban,4,0
Hyderabad,68,146294,Secondary,Unemployed,5.15,1,Semi-Urban,4,0
Chennai,64,69068,Graduate,Self-Employed,1.77,7,Rural,2,0
Mumbai,59,21116,Secondary,Government,8.29,3,Urban,4,1
Pune,68,56369,Primary,Private,4.12,7,Rural,3,0
Jaipur,29,108100,Secondary,Self-Employed,5.51,4,Rural,0,1
Bangalore,33,34655,Primary,Government,0.78,2,Urban,1,0
Pune,58,52632,Secondary,Unemployed,1.05,5,Urban,4,0
Bangalore,49,23895,Secondary,Government,6.91,5,Rural,1,0
Pune,32,28086,Graduate,Unemployed,7.78,6,Rural,4,0
Mumbai,44,90637,Primary,Self-Employed,7.25,5,Rural,2,0
Ahmedabad,45,112334,Secondary,Self-Employed,7.5,7,Urban,1,1
Pune,34,68083,Secondary,Private,1.49,3,Urban,4,0
Jaipur,63,100028,Primary,Private,7.09,2,Rural,4,0
Pune,67,71957,Secondary,Self-Employed,2.23,7,Urban,3,0
Chennai,19,102551,Postgraduate,Unemployed,1.43,6,Urban,3,0
Mumbai,53,83506,Graduate,Unemployed,7.69,7,Urban,3,1
Jaipur,67,143355,Primary,Self-Employed,8.95,1,Semi-Urban,2,1
Kolkata,24,99024,Graduate,Unemployed,7.31,4,Semi-Urban,1,1
Jaipur,30,86481,Postgraduate,Self-Employed,8.15,3,Rural,2,1
Chennai,32,5255,Postgraduate,Private,9.92,2,Semi-Urban,0,1
Ahmedabad,42,20487,Postgraduate,Unemployed,1.78,4,Rural,4,0
Mumbai,40,24346,Primary,Private,9.67,1,Rural,4,0
Kolkata,39,40050,Postgraduate,Government,6.21,4,Urban,4,1
Chennai,43,13744,Primary,Private,8.23,6,Rural,3,0
Chennai,50,66596,Primary,Government,6.68,5,Rural,4,0
Delhi,28,124640,Secondary,Private,5.92,5,Rural,3,0
Mumbai,27,60032,Primary,Private,7.18,3,Rural,0,0
Jaipur,42,47687,Postgraduate,Unemployed,3.54,4,Urban,2,0
Bangalore,54,67863,Primary,Private,9.28,7,Urban,2,1
Ahmedabad,65,136663,Primary,Self-Employed,1.6,5,Rural,2,0
Bangalore,60,11277,Graduate,Unemployed,3.52,3,Semi-Urban,3,0
Jaipur,55,66860,Postgraduate,Unemployed,0.8,3,Semi-Urban,1,0
Jaipur,58,138332,Primary,Unemployed,3.08,6,Rural,1,0
Mumbai,62,29741,Secondary,Private,2.57,3,Urban,0,0
Jaipur,41,124720,Primary,Unemployed,0.97,1,Rural,1,0
Delhi,57,42211,Primary,Government,5.17,7,Rural,0,0
Kolkata,63,11869,Graduate,Government,4.95,5,Urban,4,0
Jaipur,50,92616,Postgraduate,Private,1.24,5,Semi-Urban,2,0
Bangalore,34,99515,Postgraduate,Unemployed,2.99,2,Rural,3,0
Jaipur,41,65110,Secondary,Self-Employed,9.56,1,Urban,0,1
Delhi,54,39033,Secondary,Self-Employed,1.55,5,Urban,3,0
Pune,19,50213,Secondary,Government,3.4,6,Rural,3,0
Pune,49,17938,Primary,Private,0.84,5,Urban,2,0
Chennai,41,135842,Primary,Private,1.91,2,Rural,4,0
Ahmedabad,26,7274,Secondary,Private,7.14,4,Semi-Urban,4,0
Hyderabad,21,89390,Postgraduate,Private,3.98,4,Rural,1,1
Kolkata,34,25044,Postgraduate,Private,4.79,1,Semi-Urban,4,0
Lucknow,34,104372,Secondary,Unemployed,1.99,3,Urban,2,0
Chennai,67,19706,Graduate,Unemployed,6.98,2,Rural,3,0
Ahmedabad,65,142046,Postgraduate,Unemployed,7.64,2,Urban,0,1
Pune,47,81464,Postgraduate,Self-Employed,2.22,5,Rural,0,1
Bangalore,57,26213,Secondary,Unemployed,0.93,6,Urban,4,0
Lucknow,28,6950,Postgraduate,Private,1.27,5,Semi-Urban,1,0
Ahmedabad,38,15411,Primary,Private,6.74,6,Rural,0,0
Ahmedabad,38,133603,Primary,Self-Employed,1.79,2,Urban,1,0
Chennai,35,67744,Postgraduate,Self-Employed,5.19,3,Rural,0,1
Lucknow,46,40053,Primary,Government,1.95,4,Rural,1,0
Mumbai,41,143117,Graduate,Self-Employed,2.12,1,Semi-Urban,1,1
Hyderabad,27,62623,Postgraduate,Government,0.54,7,Urban,3,0
Mumbai,62,34714,Secondary,Unemployed,3.55,6,Rural,2,0
Lucknow,34,114283,Primary,Private,1.35,4,Rural,0,0
Mumbai,35,13562,Graduate,Government,4.24,1,Rural,4,0
Delhi,59,60048,Graduate,Government,6.18,3,Rural,2,1
Pune,65,98295,Primary,Government,3.99,2,Rural,3,0
Delhi,37,17026,Graduate,Self-Employed,7.2,3,Urban,3,1
Jaipur,54,111147,Postgraduate,Self-Employed,7.54,6,Rural,3,1
Mumbai,62,36589,Graduate,Self-Employed,7.12,2,Rural,4,0
Jaipur,35,113199,Primary,Government,9.4,5,Rural,0,1
Bangalore,34,102274,Graduate,Unemployed,2.75,1,Urban,0,0
Kolkata,26,31844,Primary,Private,2.3,5,Rural,1,0
Bangalore,31,95415,Primary,Self-Employed,6.29,2,Rural,1,0
Lucknow,66,59708,Graduate,Unemployed,6.15,7,Semi-Urban,1,0
Ahmedabad,46,75825,Primary,Self-Employed,5.35,1,Semi-Urban,4,0
Pune,48,56574,Primary,Self-Employed,0.54,1,Rural,2,0
Mumbai,21,90548,Secondary,Government,5.77,5,Rural,0,1
Chennai,35,69230,Postgraduate,Government,9.36,1,Semi-Urban,1,1
Kolkata,37,45581,Primary,Self-Employed,3.68,2,Urban,4,0
Hyderabad,64,30105,Postgraduate,Private,9.69,7,Urban,4,1
Hyderabad,60,84830,Secondary,Self-Employed,3.89,6,Semi-Urban,1,0
Hyderabad,61,74157,Secondary,Private,1.83,6,Rural,3,0
Mumbai,26,92235,Secondary,Unemployed,4.28,2,Semi-Urban,3,0
Hyderabad,30,7347,Secondary,Self-Employed,5.2,5,Urban,3,0
Delhi,32,52650,Postgraduate,Private,6.48,3,Semi-Urban,1,1
Kolkata,44,140995,Graduate,Unemployed,5.3,2,Urban,4,1
Delhi,32,129926,Graduate,Unemployed,5.6,6,Rural,4,0
Ahmedabad,45,86147,Postgraduate,Government,0.73,2,Rural,0,1
Kolkata,54,53135,Primary,Unemployed,2.91,1,Rural,3,0
Delhi,36,24199,Postgraduate,Government,3.45,1,Urban,1,1
Kolkata,43,145138,Primary,Unemployed,9.88,2,Semi-Urban,0,1
Ahmedabad,69,106583,Primary,Unemployed,3.31,5,Rural,4,0
Jaipur,43,97290,Graduate,Private,9.02,3,Urban,0,1
Mumbai,42,125787,Secondary,Private,3.39,1,Rural,3,0
Mumbai,43,119427,Graduate,Government,1.41,6,Semi-Urban,2,1
Hyderabad,43,92493,Graduate,Self-Employed,2.85,7,Rural,3,0
Bangalore,63,136706,Postgraduate,Private,3.09,1,Urban,3,1
Hyderabad,45,17771,Postgraduate,Unemployed,9.79,6,Urban,1,1
Lucknow,66,130607,Primary,Government,6.91,7,Rural,2,1
Delhi,35,84876,Postgraduate,Government,9.35,3,Rural,2,1
Kolkata,49,64648,Primary,Government,8.43,7,Urban,2,1
Bangalore,20,80783,Primary,Unemployed,6.0,1,Rural,4,0
Ahmedabad,19,49440,Secondary,Private,6.92,7,Rural,0,0
Lucknow,50,36655,Secondary,Self-Employed,6.44,5,Rural,4,0
Ahmedabad,59,48039,Graduate,Government,6.83,6,Semi-Urban,2,1
Mumbai,36,60255,Secondary,Unemployed,3.02,1,Semi-Urban,1,0
Mumbai,34,77219,Primary,Private,4.38,1,Semi-Urban,3,0
Hyderabad,61,16244,Postgraduate,Private,6.13,2,Rural,3,0
Delhi,50,99594,Secondary,Self-Employed,0.84,5,Urban,4,0
Bangalore,29,63595,Secondary,Government,5.09,5,Rural,4,0
Pune,66,108898,Secondary,Unemployed,8.67,2,Rural,1,1
Lucknow,20,33371,Secondary,Private,5.18,7,Semi-Urban,3,0
Lucknow,60,10914,Primary,Unemployed,5.75,6,Urban,4,0
Hyderabad,66,32180,Primary,Private,2.42,4,Semi-Urban,0,0
Mumbai,43,139760,Graduate,Government,8.05,3,Urban,4,1
Hyderabad,52,85219,Postgraduate,Government,3.91,5,Rural,4,1
Kolkata,25,83616,Graduate,Self-Employed,9.59,4,Rural,2,1
Bangalore,69,145988,Graduate,Private,9.94,6,Rural,0,1
Delhi,53,100213,Secondary,Unemployed,9.2,3,Urban,0,1
Jaipur,24,42805,Postgraduate,Private,1.31,5,Semi-Urban,1,0
Chennai,63,149525,Secondary,Unemployed,3.67,1,Semi-Urban,2,0
Chennai,63,131599,Primary,Self-Employed,9.48,5,Semi-Urban,0,1
Hyderabad,53,79176,Graduate,Private,8.14,3,Urban,2,1
Kolkata,33,99799,Postgraduate,Government,9.16,7,Urban,2,1
Bangalore,41,103385,Primary,Unemployed,5.94,4,Rural,3,0
Pune,18,93919,Graduate,Government,5.06,7,Semi-Urban,0,1
Chennai,66,143482,Postgraduate,Self-Employed,1.51,1,Urban,3,1
Bangalore,42,86462,Graduate,Self-Employed,8.47,3,Semi-Urban,4,1
Delhi,27,36159,Postgraduate,Unemployed,7.58,6,Semi-Urban,4,0
Ahmedabad,33,47039,Graduate,Private,1.06,7,Urban,3,0
Kolkata,33,52800,Secondary,Government,2.49,3,Urban,4,0
Mumbai,25,45761,Graduate,Government,5.79,5,Rural,3,1
Bangalore,46,99626,Graduate,Unemployed,7.0,6,Rural,1,1
Delhi,56,123368,Postgraduate,Unemployed,1.81,2,Rural,2,0
Pune,45,85903,Postgraduate,Unemployed,2.83,2,Semi-Urban,1,0
Jaipur,23,123998,Secondary,Self-Employed,2.33,7,Semi-Urban,0,0
Mumbai,33,141885,Postgraduate,Self-Employed,2.59,1,Rural,1,1
Jaipur,37,64894,Graduate,Government,9.25,3,Semi-Urban,1,1
Pune,33,56444,Postgraduate,Private,7.3,4,Semi-Urban,4,1
Delhi,24,66748,Postgraduate,Unemployed,7.5,1,Semi-Urban,3,1
Chennai,58,46190,Postgraduate,Self-Employed,8.04,6,Semi-Urban,0,1
Jaipur,31,45318,Secondary,Private,3.89,7,Urban,4,0
Mumbai,60,129078,Secondary,Unemployed,7.79,1,Urban,0,1
Hyderabad,43,44759,Primary,Private,9.79,7,Rural,2,0
Lucknow,43,21498,Secondary,Unemployed,7.13,5,Rural,3,0
Bangalore,31,30989,Secondary,Private,4.46,6,Semi-Urban,4,0
Chennai,24,122035,Secondary,Government,7.31,4,Semi-Urban,1,1
Jaipur,50,71577,Graduate,Unemployed,9.06,3,Urban,2,1
Ahmedabad,43,110231,Primary,Unemployed,1.72,6,Semi-Urban,1,0
Bangalore,62,94900,Graduate,Government,3.02,3,Semi-Urban,0,1
Hyderabad,37,109679,Secondary,Unemployed,9.23,3,Rural,2,1
Pune,20,28482,Secondary,Unemployed,9.49,1,Semi-Urban,4,0
Lucknow,69,74212,Primary,Self-Employed,5.1,5,Urban,1,0
Delhi,21,35048,Primary,Government,4.06,1,Semi-Urban,1,0
Hyderabad,43,139137,Postgraduate,Self-Employed,3.19,2,Semi-Urban,0,1
Hyderabad,28,138108,Secondary,Government,5.24,2,Semi-Urban,0,1
Pune,19,40814,Secondary,Private,9.38,3,Semi-Urban,3,1
Kolkata,31,134493,Graduate,Government,1.92,5,Semi-Urban,3,1
Pune,61,65204,Postgraduate,Government,4.49,6,Urban,0,1
Kolkata,47,37844,Secondary,Self-Employed,9.16,3,Rural,3,0
Kolkata,66,86943,Graduate,Unemployed,3.82,6,Semi-Urban,1,0
Chennai,29,26518,Primary,Government,7.8,3,Rural,0,0
Chennai,43,28052,Graduate,Unemployed,4.2,1,Rural,2,0
Mumbai,61,74803,Secondary,Government,8.15,3,Urban,0,1
Jaipur,50,76524,Graduate,Self-Employed,9.82,3,Rural,4,1
Jaipur,30,94572,Graduate,Government,4.18,5,Semi-Urban,4,1
Delhi,31,144752,Postgraduate,Private,8.53,5,Semi-Urban,0,1
Jaipur,41,72021,Postgraduate,Government,9.89,7,Semi-Urban,2,1
Chennai,51,25043,Primary,Government,9.85,6,Semi-Urban,0,1
Mumbai,61,7419,Postgraduate,Unemployed,4.62,5,Urban,2,0
Mumbai,43,126831,Graduate,Unemployed,5.11,3,Rural,1,0
Kolkata,38,106799,Postgraduate,Private,3.38,5,Urban,1,1
Pune,45,62600,Secondary,Government,3.48,5,Rural,2,0
Delhi,65,121467,Graduate,Unemployed,5.18,4,Urban,3,0
Kolkata,53,83497,Graduate,Government,2.4,4,Urban,1,1
Pune,57,113611,Graduate,Self-Employed,7.26,2,Urban,4,1
Jaipur,19,142559,Secondary,Self-Employed,5.59,1,Semi-Urban,0,1
Kolkata,59,65692,Graduate,Private,9.03,7,Semi-Urban,3,1
Bangalore,26,67112,Postgraduate,Self-Employed,8.2,7,Urban,4,1
Jaipur,40,21360,Secondary,Unemployed,3.56,1,Rural,0,0
Pune,32,88038,Graduate,Unemployed,5.31,5,Rural,4,0
Delhi,30,8017,Postgraduate,Private,7.63,2,Semi-Urban,3,1
Pune,40,91261,Postgraduate,Government,2.34,2,Urban,2,1
Kolkata,34,71320,Primary,Unemployed,0.8,6,Semi-Urban,0,0
Kolkata,65,36127,Postgraduate,Self-Employed,8.6,7,Semi-Urban,4,1
Hyderabad,19,139268,Postgraduate,Unemployed,1.81,4,Semi-Urban,4,0
Delhi,37,80088,Primary,Private,8.95,2,Urban,3,1
Ahmedabad,37,36921,Primary,Self-Employed,9.18,3,Urban,3,0
Jaipur,63,9746,Secondary,Self-Employed,4.88,6,Semi-Urban,3,0
Mumbai,20,73535,Postgraduate,Self-Employed,8.16,7,Urban,2,1
Delhi,29,70350,Secondary,Private,3.95,5,Rural,1,0
Mumbai,57,86131,Secondary,Private,8.65,3,Rural,4,1
Delhi,19,27063,Graduate,Government,8.33,1,Semi-Urban,2,1
Delhi,53,122116,Secondary,Government,1.25,7,Rural,4,0
Pune,31,93913,Secondary,Government,6.03,4,Semi-Urban,2,1
Delhi,33,83946,Secondary,Private,6.58,3,Semi-Urban,0,1
Hyderabad,36,139670,Secondary,Self-Employed,0.51,5,Semi-Urban,1,0
Ahmedabad,51,15564,Primary,Self-Employed,9.81,3,Urban,4,0
Kolkata,61,54725,Postgraduate,Unemployed,4.36,3,Urban,3,0
Lucknow,63,91134,Graduate,Government,5.41,2,Urban,1,1
Mumbai,23,110940,Primary,Self-Employed,2.35,4,Urban,4,0
Kolkata,30,67085,Graduate,Self-Employed,6.3,1,Semi-Urban,0,1
Lucknow,53,22862,Graduate,Self-Employed,8.2,5,Urban,4,1
Ahmedabad,39,15265,Primary,Self-Employed,6.07,6,Rural,4,0
Ahmedabad,35,145777,Secondary,Private,7.99,6,Rural,4,1
Mumbai,29,67471,Primary,Government,7.45,5,Urban,1,1
Mumbai,69,96080,Graduate,Self-Employed,2.76,1,Rural,4,0
Ahmedabad,47,60828,Graduate,Self-Employed,4.64,5,Rural,3,0
Lucknow,68,121884,Secondary,Self-Employed,1.91,2,Urban,2,0
Delhi,57,113007,Primary,Self-Employed,0.9,6,Semi-Urban,3,0
Jaipur,24,51104,Postgraduate,Unemployed,1.1,7,Semi-Urban,0,0
Bangalore,49,45934,Graduate,Self-Employed,9.45,6,Semi-Urban,1,1
Kolkata,65,119420,Primary,Self-Employed,9.85,7,Urban,2,1
Pune,36,11050,Secondary,Self-Employed,1.4,3,Semi-Urban,1,0
Kolkata,23,13484,Secondary,Unemployed,3.68,2,Semi-Urban,1,0
Pune,37,67648,Postgraduate,Private,1.59,6,Rural,4,0
Lucknow,44,64945,Graduate,Unemployed,8.43,2,Semi-Urban,3,0
Pune,60,36323,Postgraduate,Self-Employed,5.21,2,Urban,2,1
Mumbai,54,91332,Postgraduate,Private,6.4,1,Semi-Urban,4,1
Jaipur,65,99605,Postgraduate,Self-Employed,5.63,6,Rural,2,1
Jaipur,24,15315,Postgraduate,Private,7.25,7,Rural,3,1
Mumbai,22,52968,Secondary,Self-Employed,3.53,4,Rural,4,0
Hyderabad,28,14107,Graduate,Self-Employed,1.81,7,Rural,2,0
Lucknow,32,60781,Postgraduate,Private,0.67,1,Semi-Urban,4,0
Hyderabad,20,8869,Graduate,Private,4.73,1,Rural,1,0
Hyderabad,22,85983,Secondary,Self-Employed,9.12,2,Rural,0,1
Kolkata,40,12971,Secondary,Unemployed,3.4,4,Rural,2,0
Ahmedabad,54,101805,Primary,Unemployed,2.36,1,Semi-Urban,3,0
Kolkata,26,30651,Primary,Unemployed,9.3,4,Urban,2,0
Ahmedabad,32,61974,Graduate,Unemployed,1.5,6,Rural,0,0
Bangalore,20,28446,Primary,Private,0.99,2,Rural,2,0
Pune,46,8823,Postgraduate,Private,8.85,1,Rural,2,1
Ahmedabad,23,149526,Graduate,Unemployed,7.16,4,Semi-Urban,2,1
Mumbai,34,140004,Secondary,Government,4.51,5,Semi-Urban,3,1
Kolkata,43,146292,Secondary,Government,7.65,7,Rural,0,1
Lucknow,38,72965,Postgraduate,Government,7.54,1,Urban,0,1
Pune,25,15510,Primary,Self-Employed,0.88,1,Rural,3,0
Bangalore,38,146609,Graduate,Unemployed,6.92,1,Urban,2,1
Ahmedabad,28,110935,Graduate,Self-Employed,6.59,4,Urban,2,1
Bangalore,55,74134,Postgraduate,Private,9.66,3,Semi-Urban,0,1
Lucknow,25,77254,Primary,Private,9.68,6,Semi-Urban,2,1
Hyderabad,59,149854,Graduate,Government,4.09,7,Semi-Urban,1,1
Jaipur,41,119780,Postgraduate,Government,6.1,1,Urban,2,1
Lucknow,52,130544,Graduate,Private,1.84,5,Urban,2,1
Chennai,31,70587,Secondary,Government,1.13,5,Urban,4,0
Lucknow,31,87238,Graduate,Government,4.61,2,Semi-Urban,0,1
Bangalore,27,80720,Graduate,Private,7.05,3,Semi-Urban,0,1
Mumbai,29,83004,Graduate,Self-Employed,5.89,3,Semi-Urban,1,1
Kolkata,55,27072,Primary,Government,4.58,4,Rural,1,0
Mumbai,61,86015,Primary,Self-Employed,8.27,2,Urban,1,1
Bangalore,63,77746,Postgraduate,Government,8.05,7,Urban,0,1
Kolkata,51,107260,Primary,Unemployed,7.45,4,Rural,4,0
Chennai,58,142129,Graduate,Self-Employed,1.23,2,Urban,4,0
Jaipur,27,133259,Graduate,Self-Employed,8.07,6,Urban,3,1
Pune,34,35916,Primary,Government,9.23,3,Rural,0,1
Bangalore,34,32268,Primary,Self-Employed,1.06,7,Urban,3,0
Ahmedabad,20,28259,Graduate,Unemployed,4.32,6,Semi-Urban,2,0
Bangalore,48,84400,Graduate,Private,9.89,7,Rural,1,1
Bangalore,68,39293,Secondary,Unemployed,6.19,4,Urban,3,0
Kolkata,18,116581,Postgraduate,Private,5.38,2,Semi-Urban,3,1
Delhi,29,12043,Primary,Unemployed,2.19,3,Urban,0,0
Lucknow,56,112009,Postgraduate,Unemployed,5.87,3,Rural,1,1
Delhi,21,43893,Graduate,Self-Employed,4.67,7,Semi-Urban,1,0
Chennai,59,31309,Postgraduate,Unemployed,1.71,7,Urban,4,0
Ahmedabad,30,28284,Primary,Government,4.91,7,Rural,3,0
Jaipur,51,131801,Primary,Government,2.06,1,Urban,4,0
Hyderabad,59,118259,Postgraduate,Government,7.44,4,Urban,3,1
Chennai,38,105804,Primary,Government,9.75,1,Semi-Urban,0,1
Hyderabad,39,74000,Secondary,Self-Employed,4.96,7,Urban,0,1
Hyderabad,21,89179,Graduate,Government,6.51,7,Rural,2,1
Jaipur,35,70049,Graduate,Unemployed,4.59,3,Rural,3,0
Mumbai,22,34265,Primary,Government,1.82,4,Semi-Urban,3,0
Delhi,36,28880,Graduate,Self-Employed,9.72,4,Semi-Urban,1,1
Bangalore,19,89579,Secondary,Private,1.73,6,Urban,1,0
Pune,29,136327,Primary,Unemployed,1.56,5,Rural,4,0
Hyderabad,34,137574,Secondary,Unemployed,4.86,2,Semi-Urban,2,0
Ahmedabad,27,70424,Secondary,Self-Employed,6.76,5,Urban,0,1
Chennai,51,75966,Graduate,Private,3.87,5,Urban,3,0
Mumbai,23,72396,Graduate,Government,2.33,7,Rural,4,0
Hyderabad,25,76694,Postgraduate,Private,8.28,3,Rural,2,1
Mumbai,68,141878,Secondary,Unemployed,3.95,6,Urban,1,0
Mumbai,28,22106,Graduate,Unemployed,2.35,2,Rural,2,0
Hyderabad,29,61731,Secondary,Unemployed,3.97,7,Urban,4,0
Kolkata,26,80010,Postgraduate,Private,2.54,7,Urban,0,1
Lucknow,19,37599,Secondary,Government,5.43,5,Rural,1,0
Ahmedabad,25,76326,Primary,Unemployed,6.85,5,Semi-Urban,1,0
Bangalore,28,80706,Postgraduate,Self-Employed,8.1,4,Urban,0,1
Bangalore,53,14004,Postgraduate,Government,2.66,3,Rural,1,0
Ahmedabad,27,120018,Secondary,Unemployed,2.09,5,Urban,4,0
Kolkata,38,30792,Secondary,Government,0.69,2,Urban,1,0
Bangalore,37,59645,Graduate,Self-Employed,2.67,1,Urban,3,0
Mumbai,65,12232,Primary,Private,0.73,7,Rural,2,0
Jaipur,25,59766,Postgraduate,Unemployed,3.78,1,Rural,4,0
Chennai,53,125601,Postgraduate,Self-Employed,1.88,3,Rural,0,1
Delhi,46,86588,Postgraduate,Unemployed,6.01,1,Semi-Urban,4,0
Bangalore,59,10913,Graduate,Unemployed,4.15,4,Urban,3,0
Ahmedabad,29,117406,Primary,Private,1.39,4,Semi-Urban,1,0
Jaipur,31,118693,Postgraduate,Private,4.3,2,Urban,1,1
Hyderabad,65,98449,Postgraduate,Government,2.49,6,Rural,4,1
Lucknow,67,15567,Graduate,Self-Employed,6.96,3,Urban,1,1
Ahmedabad,38,43379,Secondary,Self-Employed,3.96,3,Urban,1,0
Mumbai,39,5319,Postgraduate,Private,1.9,7,Urban,3,0
Lucknow,38,95005,Primary,Unemployed,3.82,1,Semi-Urban,0,0
Chennai,61,115990,Primary,Government,2.63,5,Rural,2,0
Chennai,67,9791,Primary,Private,8.06,5,Rural,4,0
Kolkata,47,136401,Primary,Government,9.84,6,Urban,0,1
Pune,56,66032,Graduate,Government,0.74,7,Rural,2,0
Kolkata,37,93662,Postgraduate,Self-Employed,7.06,5,Semi-Urban,0,1
Jaipur,41,26300,Graduate,Government,3.01,6,Semi-Urban,4,0
Lucknow,40,80700,Primary,Self-Employed,1.13,7,Rural,3,0
Pune,24,60609,Primary,Unemployed,0.64,2,Semi-Urban,3,0
Hyderabad,26,95045,Primary,Unemployed,8.87,3,Semi-Urban,3,0
Mumbai,18,66901,Graduate,Private,3.86,1,Rural,0,0
Lucknow,43,10703,Primary,Unemployed,9.95,2,Rural,4,0
Kolkata,55,68115,Postgraduate,Self-Employed,4.7,4,Urban,1,1
Delhi,55,32676,Primary,Government,2.28,4,Urban,1,0
Pune,61,126332,Postgraduate,Government,7.88,4,Semi-Urban,3,1
Pune,39,34802,Postgraduate,Unemployed,9.3,6,Rural,0,1
Mumbai,61,95331,Primary,Self-Employed,8.25,6,Semi-Urban,1,1
Bangalore,27,129786,Graduate,Government,7.58,7,Rural,0,1
Chennai,23,70169,Secondary,Unemployed,3.68,3,Semi-Urban,4,0
Chennai,34,73147,Secondary,Self-Employed,1.11,4,Semi-Urban,3,0
Delhi,68,27075,Postgraduate,Self-Employed,2.41,6,Semi-Urban,2,0
Jaipur,67,87015,Graduate,Government,4.74,7,Urban,3,1
Jaipur,55,14304,Secondary,Private,9.58,6,Rural,2,0
Hyderabad,41,134851,Primary,Private,7.37,5,Semi-Urban,1,1
Lucknow,68,125729,Primary,Self-Employed,8.37,6,Urban,2,1
Ahmedabad,27,64622,Postgraduate,Self-Employed,3.13,4,Semi-Urban,0,1
Bangalore,25,59215,Graduate,Unemployed,7.0,2,Semi-Urban,2,0
Kolkata,38,78973,Graduate,Self-Employed,8.69,4,Rural,1,1
Ahmedabad,23,113654,Secondary,Unemployed,5.05,7,Semi-Urban,1,0
Ahmedabad,38,148593,Secondary,Unemployed,4.58,7,Rural,3,0
Pune,56,29028,Primary,Unemployed,7.33,7,Urban,1,0
Delhi,41,44328,Postgraduate,Self-Employed,5.82,5,Urban,0,1
Chennai,50,32301,Graduate,Self-Employed,9.94,4,Semi-Urban,2,1
Hyderabad,35,43015,Secondary,Unemployed,4.54,1,Urban,4,0
Jaipur,45,41845,Secondary,Government,2.17,5,Rural,1,0
Delhi,69,91818,Postgraduate,Self-Employed,4.98,3,Rural,2,1
Pune,49,81394,Postgraduate,Private,2.73,4,Urban,3,1
Kolkata,29,48714,Primary,Government,5.83,6,Rural,4,0
Hyderabad,65,85722,Postgraduate,Private,1.7,2,Rural,3,0
Pune,59,30230,Primary,Self-Employed,9.52,4,Semi-Urban,0,1
Chennai,44,97554,Primary,Government,8.67,2,Semi-Urban,3,1
Chennai,27,54262,Postgraduate,Self-Employed,1.98,7,Rural,2,0
Chennai,63,46722,Postgraduate,Self-Employed,2.14,7,Urban,4,0
Delhi,69,67796,Postgraduate,Government,5.37,1,Rural,3,1
Delhi,59,92052,Postgraduate,Self-Employed,7.84,3,Semi-Urban,3,1
Jaipur,49,105808,Postgraduate,Government,2.58,6,Urban,0,1
Jaipur,59,141311,Primary,Self-Employed,1.08,5,Rural,2,0
Kolkata,43,96951,Secondary,Unemployed,5.68,5,Urban,3,0
Hyderabad,42,55886,Graduate,Private,7.07,3,Urban,2,1
Mumbai,28,108424,Graduate,Unemployed,2.82,1,Urban,1,0
Mumbai,40,109697,Primary,Self-Employed,7.53,1,Rural,0,1
Pune,51,101299,Primary,Self-Employed,9.53,7,Semi-Urban,0,1
Chennai,69,19497,Secondary,Self-Employed,1.8,4,Urban,0,0
Hyderabad,57,137888,Postgraduate,Unemployed,5.35,1,Urban,2,1
Ahmedabad,40,123915,Primary,Self-Employed,1.04,4,Rural,3,0
Delhi,46,97019,Graduate,Government,2.46,2,Semi-Urban,3,0
Lucknow,48,114017,Postgraduate,Private,1.35,3,Semi-Urban,2,1
Bangalore,24,74385,Primary,Self-Employed,4.34,2,Rural,2,0
Kolkata,57,110153,Postgraduate,Self-Employed,8.3,2,Urban,1,1
Chennai,50,38826,Graduate,Private,5.98,2,Rural,4,0
Chennai,38,115034,Postgraduate,Private,2.61,2,Semi-Urban,4,1
Chennai,19,89242,Primary,Private,0.88,5,Urban,0,0
Delhi,35,128066,Primary,Unemployed,5.76,1,Urban,3,0
Delhi,64,55100,Graduate,Unemployed,1.76,3,Semi-Urban,0,0
Bangalore,50,130170,Secondary,Self-Employed,3.76,3,Urban,3,0
Ahmedabad,54,140431,Secondary,Private,5.35,6,Rural,3,0
Hyderabad,51,101205,Postgraduate,Self-Employed,9.09,2,Semi-Urban,1,1
Chennai,37,17809,Primary,Self-Employed,1.28,3,Semi-Urban,2,0
Mumbai,52,69450,Primary,Self-Employed,6.85,7,Urban,2,0
Jaipur,68,43428,Graduate,Unemployed,0.63,4,Semi-Urban,2,0
Mumbai,67,77790,Graduate,Private,6.48,3,Rural,4,0
Pune,35,116126,Primary,Self-Employed,5.74,7,Semi-Urban,2,0
Mumbai,63,95321,Graduate,Unemployed,8.21,2,Urban,4,1
Pune,41,7093,Secondary,Government,5.55,3,Semi-Urban,0,0
Lucknow,25,49498,Secondary,Government,3.85,1,Urban,4,0
Jaipur,47,121251,Postgraduate,Self-Employed,2.81,2,Urban,3,1
Mumbai,61,45985,Graduate,Self-Employed,1.31,5,Rural,1,0
Lucknow,27,37009,Postgraduate,Private,5.58,7,Semi-Urban,1,1
Kolkata,40,133515,Graduate,Private,8.94,1,Rural,3,1
Hyderabad,69,22718,Graduate,Self-Employed,5.39,3,Rural,0,0
Lucknow,66,21705,Secondary,Unemployed,7.52,5,Semi-Urban,1,0
Hyderabad,28,92618,Primary,Self-Employed,3.34,6,Rural,3,0
Mumbai,19,67598,Graduate,Private,4.76,1,Rural,1,0
Ahmedabad,43,82878,Graduate,Private,3.58,6,Urban,4,0
Lucknow,53,17239,Graduate,Unemployed,1.54,4,Rural,1,0
Jaipur,50,51622,Primary,Self-Employed,4.46,1,Semi-Urban,4,0
Mumbai,64,51665,Postgraduate,Private,7.76,5,Urban,4,1
Chennai,30,37274,Postgraduate,Self-Employed,4.25,6,Rural,1,0
Delhi,57,147491,Graduate,Private,6.68,4,Rural,1,1
Lucknow,42,113368,Graduate,Government,7.71,6,Semi-Urban,4,1
Jaipur,21,113563,Postgraduate,Government,3.57,3,Rural,1,1
Kolkata,59,141746,Postgraduate,Government,8.08,2,Semi-Urban,0,1
Chennai,36,98103,Secondary,Private,3.72,6,Rural,2,0
Kolkata,35,71446,Graduate,Unemployed,2.93,3,Rural,2,0
Mumbai,54,34072,Postgraduate,Government,2.61,2,Semi-Urban,3,0
Delhi,47,38717,Secondary,Private,2.4,2,Urban,2,0
Lucknow,36,122202,Primary,Self-Employed,7.5,5,Semi-Urban,0,1
Lucknow,40,127389,Graduate,Government,8.93,7,Urban,2,1
Ahmedabad,33,114525,Postgraduate,Unemployed,2.69,4,Urban,2,0
Ahmedabad,18,9646,Graduate,Unemployed,1.31,7,Semi-Urban,0,0
Mumbai,29,44713,Secondary,Unemployed,3.48,4,Semi-Urban,4,0
Mumbai,41,72936,Postgraduate,Self-Employed,6.75,1,Rural,2,1
Delhi,51,27185,Primary,Self-Employed,4.0,3,Rural,3,0
Ahmedabad,25,89263,Primary,Unemployed,5.72,5,Urban,2,0
Jaipur,35,57107,Secondary,Unemployed,7.57,6,Rural,2,0
Jaipur,65,22563,Primary,Unemployed,4.38,3,Semi-Urban,0,0
Delhi,22,75729,Primary,Self-Employed,10.0,6,Urban,0,1
Jaipur,43,20701,Primary,Self-Employed,3.33,7,Rural,3,0
Pune,47,133331,Primary,Private,9.79,6,Rural,1,1
Hyderabad,30,104280,Primary,Government,2.43,7,Semi-Urban,0,0
Delhi,36,43665,Primary,Self-Employed,1.55,7,Semi-Urban,1,0
Delhi,46,20957,Primary,Unemployed,7.63,6,Rural,3,0
Bangalore,20,51008,Postgraduate,Government,7.17,1,Urban,2,1
Chennai,43,66920,Primary,Self-Employed,8.21,7,Urban,2,1
Chennai,57,118828,Postgraduate,Government,3.76,1,Semi-Urban,1,1
Pune,29,128852,Graduate,Private,9.34,5,Semi-Urban,3,1
Ahmedabad,19,137698,Secondary,Self-Employed,1.64,1,Semi-Urban,3,0
Mumbai,28,95815,Primary,Unemployed,0.79,5,Rural,0,0
Mumbai,61,43311,Secondary,Unemployed,3.36,1,Rural,1,0
Kolkata,45,37356,Primary,Private,8.07,4,Semi-Urban,0,0
Pune,35,8809,Postgraduate,Private,6.89,5,Urban,1,1
Delhi,30,39875,Primary,Private,4.64,4,Semi-Urban,0,0
Pune,54,14465,Graduate,Private,2.93,7,Semi-Urban,0,0
Pune,39,78844,Secondary,Private,1.06,4,Urban,3,0
Pune,29,91889,Secondary,Self-Employed,3.71,5,Urban,3,0
Chennai,19,20250,Graduate,Self-Employed,4.87,3,Urban,2,0
Pune,54,51023,Postgraduate,Government,7.03,7,Urban,2,1
Hyderabad,24,106350,Postgraduate,Private,6.64,7,Rural,3,1
Mumbai,43,21427,Graduate,Unemployed,9.5,2,Rural,3,0
Kolkata,43,76643,Secondary,Unemployed,1.45,1,Semi-Urban,0,0
Hyderabad,41,139511,Primary,Private,3.7,6,Rural,2,0
Kolkata,29,83672,Postgraduate,Private,5.07,1,Semi-Urban,3,1
Bangalore,33,22300,Primary,Private,6.87,6,Semi-Urban,1,0
Kolkata,40,65289,Secondary,Private,5.21,3,Urban,1,1
Mumbai,57,24659,Primary,Private,9.17,2,Urban,2,1
Mumbai,26,15360,Graduate,Unemployed,6.28,3,Rural,1,0
Pune,49,26424,Postgraduate,Government,0.88,2,Rural,0,0
Lucknow,32,103035,Postgraduate,Private,1.58,5,Rural,2,0
Bangalore,54,53791,Graduate,Private,7.66,5,Rural,3,1
Delhi,30,139137,Graduate,Private,7.3,6,Urban,1,1
Jaipur,22,17300,Postgraduate,Self-Employed,1.96,4,Urban,0,0
Kolkata,28,38370,Postgraduate,Unemployed,1.06,4,Rural,3,0
Lucknow,27,32209,Postgraduate,Unemployed,6.0,6,Semi-Urban,4,0
Pune,69,25927,Secondary,Government,6.54,5,Urban,0,1
Chennai,30,39579,Secondary,Self-Employed,1.79,6,Urban,1,0
Delhi,58,14032,Secondary,Self-Employed,5.0,4,Urban,0,0
Ahmedabad,63,98254,Primary,Self-Employed,3.41,6,Urban,4,0
Lucknow,67,83413,Secondary,Government,9.35,5,Rural,4,1
Chennai,32,118528,Postgraduate,Government,2.58,3,Rural,0,1
Bangalore,59,128916,Secondary,Government,7.47,1,Semi-Urban,3,1
Pune,24,77302,Postgraduate,Self-Employed,5.42,5,Urban,3,1
Delhi,57,90757,Graduate,Unemployed,0.61,6,Rural,4,0
Delhi,45,20932,Primary,Self-Employed,5.41,5,Rural,2,0
Delhi,49,30714,Primary,Government,1.44,5,Urban,2,0
Bangalore,52,62803,Graduate,Self-Employed,6.76,4,Rural,3,1
Kolkata,32,138624,Postgraduate,Private,5.87,6,Rural,2,1
Ahmedabad,65,61627,Primary,Self-Employed,0.6,4,Rural,3,0
Bangalore,53,84810,Secondary,Self-Employed,2.44,6,Semi-Urban,1,0
Jaipur,38,50380,Postgraduate,Unemployed,7.87,4,Rural,3,0
Ahmedabad,23,69686,Primary,Unemployed,3.12,4,Urban,1,0
Mumbai,18,125321,Graduate,Unemployed,5.24,3,Urban,4,0
Pune,21,50028,Postgraduate,Private,3.46,5,Urban,2,1
Bangalore,28,118141,Primary,Unemployed,9.25,3,Rural,4,0
Chennai,61,60248,Graduate,Private,5.6,4,Semi-Urban,0,1
Ahmedabad,43,15523,Postgraduate,Government,7.11,3,Rural,0,1
Jaipur,54,50530,Secondary,Unemployed,1.29,7,Urban,4,0
Mumbai,40,18769,Postgraduate,Self-Employed,0.88,7,Semi-Urban,3,0
Kolkata,46,117035,Secondary,Self-Employed,2.96,5,Semi-Urban,3,0
Chennai,38,84782,Postgraduate,Private,3.44,5,Rural,2,1
Ahmedabad,65,83382,Graduate,Unemployed,7.03,4,Urban,4,0
Pune,62,115939,Secondary,Self-Employed,5.91,5,Rural,0,1
Chennai,62,149542,Secondary,Government,4.06,3,Urban,4,1
Mumbai,66,83712,Postgraduate,Unemployed,6.71,2,Semi-Urban,4,1
Chennai,44,123643,Primary,Government,2.05,5,Rural,2,0
Hyderabad,56,112417,Secondary,Self-Employed,1.1,3,Semi-Urban,3,0
Lucknow,57,142877,Postgraduate,Unemployed,8.62,7,Urban,0,1
Kolkata,30,133256,Graduate,Private,5.86,7,Semi-Urban,2,1
Mumbai,40,106422,Postgraduate,Self-Employed,6.67,3,Semi-Urban,0,1
Chennai,33,94300,Postgraduate,Government,3.42,7,Semi-Urban,0,1
Lucknow,47,11630,Secondary,Unemployed,4.03,3,Rural,3,0
Lucknow,21,129474,Primary,Government,1.28,5,Urban,3,0
Chennai,57,103869,Graduate,Government,8.64,2,Semi-Urban,2,1
Pune,33,20701,Secondary,Private,6.13,4,Semi-Urban,1,0
Hyderabad,48,102285,Secondary,Private,1.29,4,Semi-Urban,2,0
Bangalore,59,122556,Secondary,Self-Employed,8.14,5,Semi-Urban,2,1
Hyderabad,42,20021,Graduate,Private,4.72,5,Urban,1,0
Chennai,61,69361,Primary,Private,7.77,7,Urban,0,1
Kolkata,29,137317,Graduate,Self-Employed,0.62,1,Rural,4,0
Bangalore,43,15355,Graduate,Self-Employed,0.77,6,Urban,1,0
Mumbai,54,103841,Primary,Self-Employed,2.12,2,Urban,4,0
Hyderabad,65,22198,Graduate,Self-Employed,2.5,3,Semi-Urban,0,0
Chennai,50,71951,Postgraduate,Government,7.76,6,Rural,1,1
Hyderabad,45,137724,Graduate,Government,7.21,3,Rural,3,1
Bangalore,26,23740,Secondary,Self-Employed,6.35,6,Semi-Urban,2,0
Jaipur,29,8810,Graduate,Self-Employed,8.91,4,Rural,1,1
Ahmedabad,22,128743,Secondary,Unemployed,2.85,6,Urban,1,0
Hyderabad,69,104855,Graduate,Unemployed,9.09,5,Rural,0,1
Mumbai,45,31783,Secondary,Unemployed,9.14,2,Semi-Urban,3,0
Mumbai,52,126701,Secondary,Private,4.63,4,Rural,1,0
Delhi,22,83047,Secondary,Government,1.4,7,Rural,3,0
Hyderabad,51,14471,Primary,Government,7.4,6,Rural,4,0
Ahmedabad,63,115771,Graduate,Unemployed,3.7,2,Semi-Urban,1,0
Pune,51,11163,Graduate,Unemployed,8.05,5,Urban,3,0
Lucknow,30,67071,Postgraduate,Government,2.06,7,Rural,2,0
Ahmedabad,56,21065,Postgraduate,Private,5.63,3,Urban,0,1
Lucknow,59,127323,Postgraduate,Unemployed,5.33,7,Urban,3,1
Lucknow,62,122969,Graduate,Self-Employed,1.45,1,Urban,0,1
Jaipur,65,88456,Primary,Unemployed,3.95,2,Rural,1,0
Delhi,31,24154,Secondary,Government,1.31,3,Urban,1,0
Ahmedabad,28,110703,Graduate,Government,4.92,2,Rural,4,1
Ahmedabad,59,25229,Primary,Unemployed,8.51,2,Rural,0,0
Jaipur,55,57587,Primary,Unemployed,3.07,2,Rural,2,0
Hyderabad,21,54713,Graduate,Self-Employed,7.77,5,Urban,2,1
Hyderabad,50,26101,Secondary,Self-Employed,2.24,4,Rural,3,0
Hyderabad,24,45391,Primary,Private,6.9,2,Semi-Urban,2,0
Kolkata,58,77723,Graduate,Private,9.2,5,Semi-Urban,0,1
Lucknow,25,105264,Secondary,Self-Employed,3.58,1,Semi-Urban,1,0
Kolkata,54,42921,Postgraduate,Private,9.05,4,Rural,0,1
Delhi,68,33460,Primary,Private,5.3,5,Semi-Urban,0,0
Jaipur,27,96725,Primary,Unemployed,3.51,7,Rural,1,0
Ahmedabad,60,63445,Graduate,Self-Employed,9.02,1,Rural,0,1
Lucknow,32,87208,Graduate,Unemployed,0.8,7,Rural,2,0
Kolkata,55,111283,Secondary,Unemployed,0.77,4,Urban,3,0
Kolkata,32,90779,Postgraduate,Private,6.2,5,Semi-Urban,3,1
Chennai,22,8060,Postgraduate,Unemployed,8.07,1,Rural,0,1
Kolkata,46,130806,Graduate,Government,7.64,5,Semi-Urban,1,1
Pune,36,18731,Graduate,Private,1.25,1,Semi-Urban,4,0
Ahmedabad,68,82830,Secondary,Government,9.53,2,Urban,0,1
Pune,27,120871,Graduate,Private,7.18,2,Semi-Urban,0,1
Ahmedabad,29,25719,Secondary,Unemployed,9.52,4,Rural,4,0
Jaipur,21,54116,Secondary,Private,3.63,1,Rural,3,0
Ahmedabad,48,31325,Postgraduate,Government,7.09,2,Semi-Urban,3,1
Pune,35,19551,Secondary,Private,8.67,4,Semi-Urban,4,0
Ahmedabad,33,98287,Postgraduate,Government,4.11,3,Urban,1,1
Jaipur,57,29278,Postgraduate,Self-Employed,9.67,2,Rural,0,1
Jaipur,53,20141,Postgraduate,Unemployed,3.02,2,Semi-Urban,2,0
Delhi,42,72913,Graduate,Government,3.5,6,Semi-Urban,3,0
Ahmedabad,40,38615,Postgraduate,Self-Employed,9.24,5,Rural,3,1
Chennai,29,127058,Secondary,Unemployed,9.71,3,Semi-Urban,3,1
Hyderabad,51,117684,Graduate,Self-Employed,3.21,1,Urban,1,1
Mumbai,53,32452,Secondary,Government,1.8,4,Semi-Urban,4,0
Jaipur,54,55391,Graduate,Unemployed,7.71,3,Semi-Urban,1,1
Bangalore,20,125288,Secondary,Self-Employed,9.33,1,Urban,3,1
Hyderabad,26,118535,Primary,Government,6.21,2,Urban,0,1
Lucknow,35,147770,Primary,Self-Employed,6.53,7,Urban,3,1
Ahmedabad,60,91711,Primary,Unemployed,7.75,6,Rural,0,0
Pune,52,82850,Secondary,Unemployed,1.95,7,Semi-Urban,0,0
Mumbai,51,114733,Graduate,Unemployed,9.75,4,Semi-Urban,3,1
Bangalore,58,7365,Postgraduate,Government,3.96,4,Urban,3,1
Hyderabad,31,102662,Postgraduate,Self-Employed,6.47,3,Rural,0,1
Ahmedabad,21,48372,Secondary,Self-Employed,4.95,5,Urban,1,0
Delhi,46,49134,Secondary,Government,4.95,1,Semi-Urban,1,0
Lucknow,58,42823,Secondary,Unemployed,7.18,6,Rural,1,0
Mumbai,62,76158,Secondary,Private,9.95,6,Rural,2,1
Chennai,67,101076,Postgraduate,Unemployed,6.76,7,Semi-Urban,0,1
Delhi,32,138021,Graduate,Private,8.04,3,Rural,2,1
Bangalore,45,54396,Postgraduate,Unemployed,0.76,5,Rural,2,0
Mumbai,59,113336,Secondary,Government,8.2,5,Urban,0,1
Delhi,33,36912,Primary,Private,3.35,5,Rural,2,0
Lucknow,29,61947,Postgraduate,Government,1.7,4,Urban,0,1
Chennai,69,49387,Primary,Private,1.58,1,Rural,4,0
Delhi,22,21508,Primary,Self-Employed,6.96,1,Urban,4,0
Kolkata,51,50592,Secondary,Private,9.98,7,Urban,0,1
Chennai,59,114249,Postgraduate,Private,6.83,3,Rural,0,1
Bangalore,18,6919,Graduate,Private,2.99,2,Urban,0,0
Lucknow,56,47595,Postgraduate,Self-Employed,2.43,3,Semi-Urban,1,0
Ahmedabad,49,145689,Graduate,Government,5.5,1,Semi-Urban,0,1
Pune,43,38298,Graduate,Self-Employed,1.12,7,Rural,3,0
Pune,34,143001,Secondary,Private,4.29,4,Rural,4,0
Pune,65,19456,Graduate,Unemployed,6.83,3,Rural,4,0
Mumbai,44,114599,Postgraduate,Self-Employed,9.69,7,Semi-Urban,0,1
Bangalore,41,91676,Postgraduate,Unemployed,4.54,2,Rural,4,0
Lucknow,52,88721,Primary,Self-Employed,2.4,6,Rural,0,0
Chennai,63,42924,Graduate,Self-Employed,8.26,3,Urban,0,1
Mumbai,59,29240,Secondary,Private,7.57,7,Rural,4,0
Bangalore,56,92381,Secondary,Government,8.67,5,Semi-Urban,4,1
Ahmedabad,43,14228,Postgraduate,Government,2.54,2,Semi-Urban,3,0
Kolkata,66,26686,Graduate,Private,4.35,5,Rural,2,0
Lucknow,55,16920,Secondary,Self-Employed,9.82,4,Semi-Urban,3,1
Pune,40,12432,Graduate,Government,2.0,1,Urban,3,0
Delhi,39,115507,Graduate,Government,6.88,3,Urban,4,1
Lucknow,21,135509,Primary,Government,2.75,7,Rural,3,0
Jaipur,66,76725,Secondary,Private,5.25,3,Rural,4,0
Bangalore,26,126764,Primary,Unemployed,8.1,5,Urban,1,1
Hyderabad,21,64099,Secondary,Unemployed,5.14,5,Urban,0,0
Ahmedabad,24,117557,Graduate,Unemployed,8.15,1,Rural,2,1
Kolkata,40,91760,Secondary,Unemployed,4.55,7,Semi-Urban,1,0
Ahmedabad,19,23013,Postgraduate,Unemployed,9.99,3,Rural,0,1
Lucknow,66,26446,Graduate,Government,4.64,7,Rural,0,1
Hyderabad,41,110209,Secondary,Government,1.92,1,Rural,2,0
Jaipur,57,107261,Primary,Self-Employed,4.32,5,Rural,3,0
Chennai,48,100739,Primary,Government,7.55,6,Rural,0,1
Delhi,64,5557,Graduate,Private,8.56,7,Rural,2,1
Hyderabad,48,135878,Primary,Self-Employed,4.87,5,Rural,4,0
Bangalore,64,104143,Graduate,Government,6.15,2,Semi-Urban,0,1
Pune,57,29578,Graduate,Self-Employed,8.53,5,Rural,0,1
Jaipur,65,79779,Graduate,Self-Employed,8.23,5,Urban,3,1
Delhi,68,145668,Secondary,Unemployed,6.75,7,Rural,3,0
Kolkata,60,62500,Graduate,Self-Employed,8.24,6,Semi-Urban,4,1
Pune,51,77534,Primary,Government,5.97,1,Urban,0,1
Lucknow,41,15129,Postgraduate,Unemployed,0.54,2,Rural,3,0
Hyderabad,66,16596,Secondary,Government,0.89,2,Rural,2,0
Delhi,43,70355,Primary,Unemployed,9.81,3,Urban,0,1
Mumbai,33,17974,Graduate,Government,1.88,6,Rural,2,0
Chennai,64,117004,Graduate,Unemployed,4.34,4,Semi-Urban,1,0
Chennai,30,131794,Postgraduate,Unemployed,9.37,3,Rural,4,1
Jaipur,32,75202,Primary,Private,2.35,3,Semi-Urban,3,0
Kolkata,44,79442,Secondary,Government,8.52,3,Rural,1,1
Jaipur,21,60598,Primary,Self-Employed,8.27,2,Urban,3,0
Mumbai,33,138726,Graduate,Unemployed,9.87,1,Semi-Urban,1,1
Bangalore,47,38758,Secondary,Government,3.18,7,Rural,3,0
Kolkata,61,29204,Graduate,Unemployed,3.5,5,Rural,4,0
Ahmedabad,47,132309,Graduate,Private,9.08,2,Urban,0,1
Bangalore,53,35552,Primary,Private,2.72,5,Urban,2,0
Kolkata,20,146408,Postgraduate,Private,5.71,5,Semi-Urban,1,1
Kolkata,39,52037,Graduate,Private,7.22,4,Semi-Urban,2,1
Mumbai,66,39831,Primary,Self-Employed,3.08,7,Semi-Urban,2,0
Lucknow,39,48563,Secondary,Self-Employed,9.41,3,Rural,3,1
Mumbai,67,23361,Postgraduate,Unemployed,6.82,4,Rural,0,0
Kolkata,67,46335,Graduate,Government,0.95,3,Semi-Urban,3,0
Delhi,66,79469,Graduate,Private,1.79,2,Rural,2,0
Bangalore,29,30816,Secondary,Private,2.31,5,Urban,4,0
Mumbai,38,97479,Primary,Self-Employed,2.83,4,Rural,0,0
Lucknow,21,31819,Graduate,Self-Employed,7.44,6,Semi-Urban,0,1
Hyderabad,48,147813,Secondary,Private,1.34,2,Rural,2,0
Jaipur,61,127330,Graduate,Government,3.83,2,Urban,3,1
Kolkata,48,13798,Primary,Unemployed,9.16,6,Semi-Urban,4,0
Ahmedabad,40,54695,Postgraduate,Unemployed,5.79,3,Semi-Urban,1,1
Hyderabad,37,134544,Primary,Unemployed,3.02,5,Semi-Urban,3,0
Chennai,32,14415,Primary,Unemployed,9.59,3,Semi-Urban,0,0
Pune,40,147157,Primary,Government,2.82,3,Rural,3,0
Lucknow,45,92638,Secondary,Government,9.1,2,Urban,1,1
Ahmedabad,33,23452,Graduate,Government,7.39,3,Rural,4,1
Pune,54,144192,Postgraduate,Self-Employed,7.53,1,Rural,4,1
Lucknow,38,115205,Secondary,Private,7.77,6,Semi-Urban,1,1
Delhi,32,23170,Primary,Government,5.31,7,Urban,1,0
Jaipur,34,21259,Postgraduate,Unemployed,8.24,6,Rural,2,0
Hyderabad,67,27099,Primary,Government,8.44,5,Urban,0,1
Bangalore,54,145721,Primary,Private,3.92,6,Urban,2,0
Lucknow,30,134394,Primary,Self-Employed,4.3,3,Urban,3,0
Bangalore,36,64258,Postgraduate,Unemployed,8.94,3,Urban,1,1
Jaipur,47,16805,Graduate,Self-Employed,5.48,4,Rural,2,0
Kolkata,62,48147,Primary,Government,8.74,5,Urban,0,1
Chennai,35,79280,Graduate,Unemployed,6.45,5,Rural,0,0
Hyderabad,31,111777,Postgraduate,Unemployed,6.14,6,Urban,1,1
Jaipur,53,102841,Postgraduate,Government,0.79,3,Urban,2,1
Jaipur,53,129726,Primary,Government,3.14,1,Rural,4,0
Delhi,37,133359,Graduate,Private,5.27,4,Semi-Urban,1,1
Pune,69,81215,Graduate,Government,6.08,1,Rural,3,1
Chennai,36,117909,Primary,Government,6.49,3,Urban,2,1
Hyderabad,62,100365,Secondary,Government,7.3,5,Rural,2,1
Kolkata,61,15985,Secondary,Unemployed,6.73,5,Urban,1,0
Kolkata,24,17391,Postgraduate,Private,8.56,7,Rural,2,1
Mumbai,61,9861,Postgraduate,Unemployed,3.31,1,Rural,2,0
Jaipur,21,39364,Secondary,Government,6.59,7,Rural,3,0
Lucknow,51,87399,Secondary,Private,0.99,7,Semi-Urban,3,0
Delhi,19,47923,Secondary,Government,5.06,2,Rural,4,0
Chennai,22,143991,Primary,Unemployed,3.05,3,Rural,3,0
Kolkata,27,90818,Primary,Unemployed,4.12,5,Semi-Urban,4,0
Hyderabad,49,76160,Primary,Government,3.87,6,Semi-Urban,3,0
Mumbai,59,133165,Primary,Private,1.07,2,Urban,4,0
Hyderabad,58,144248,Primary,Unemployed,4.93,5,Urban,3,0
Delhi,30,38529,Primary,Government,9.95,6,Rural,3,1
Lucknow,56,149013,Postgraduate,Self-Employed,3.34,5,Urban,1,1
Mumbai,22,6669,Graduate,Government,7.49,2,Rural,3,1
Mumbai,27,122373,Postgraduate,Government,5.7,1,Semi-Urban,4,1
Pune,27,49859,Graduate,Private,3.59,3,Semi-Urban,1,0
Chennai,55,60786,Postgraduate,Government,1.35,7,Rural,4,0
Mumbai,44,25323,Postgraduate,Self-Employed,2.55,2,Urban,3,0
Pune,68,11021,Primary,Government,7.93,2,Urban,3,0
Pune,38,44807,Primary,Self-Employed,3.15,7,Urban,4,0
Delhi,25,133305,Graduate,Unemployed,1.87,5,Rural,2,0
Bangalore,18,55355,Graduate,Government,3.65,6,Urban,1,1
Hyderabad,45,118415,Primary,Private,6.05,7,Semi-Urban,1,1
Lucknow,66,13711,Postgraduate,Government,7.18,2,Semi-Urban,3,1
Ahmedabad,56,12904,Graduate,Self-Employed,4.18,3,Semi-Urban,1,0
Hyderabad,31,69033,Secondary,Self-Employed,5.23,7,Semi-Urban,4,0
Mumbai,38,91478,Secondary,Private,4.82,7,Semi-Urban,3,0
Lucknow,47,125035,Secondary,Self-Employed,0.59,1,Semi-Urban,1,0
Kolkata,38,8093,Graduate,Government,4.26,6,Semi-Urban,0,1
Bangalore,66,29918,Primary,Self-Employed,6.08,1,Semi-Urban,1,0
Kolkata,26,145466,Primary,Government,5.91,1,Semi-Urban,4,1
Kolkata,34,129501,Primary,Government,7.62,3,Rural,1,1
Chennai,22,97510,Graduate,Self-Employed,6.87,5,Rural,2,1
Hyderabad,48,98708,Graduate,Private,3.13,6,Semi-Urban,2,0
Ahmedabad,69,102819,Secondary,Unemployed,2.93,6,Semi-Urban,3,0
Delhi,57,149352,Graduate,Private,4.91,7,Semi-Urban,2,1
Ahmedabad,55,41303,Secondary,Unemployed,7.46,3,Urban,4,0
Kolkata,60,32453,Secondary,Private,1.39,6,Rural,0,0
Mumbai,36,113886,Primary,Government,9.51,2,Semi-Urban,0,1
Bangalore,53,65695,Graduate,Government,5.66,4,Rural,3,1
Jaipur,67,138412,Primary,Self-Employed,3.41,7,Semi-Urban,3,0
Ahmedabad,50,43057,Primary,Unemployed,7.09,4,Urban,2,0
Kolkata,30,136669,Graduate,Unemployed,0.92,4,Semi-Urban,4,0
Bangalore,31,99655,Graduate,Self-Employed,5.1,1,Rural,2,1
Lucknow,50,20025,Postgraduate,Private,5.12,6,Rural,4,0
Hyderabad,46,12145,Secondary,Self-Employed,2.04,7,Rural,4,0
Pune,60,106206,Postgraduate,Private,8.46,3,Rural,0,1
Chennai,66,46723,Secondary,Self-Employed,8.07,6,Semi-Urban,4,0
Bangalore,53,78230,Secondary,Unemployed,1.95,3,Urban,1,0
Mumbai,61,140902,Secondary,Unemployed,3.96,6,Urban,4,0
Mumbai,27,113138,Primary,Private,1.45,7,Semi-Urban,0,0
Bangalore,48,67040,Primary,Unemployed,8.56,7,Semi-Urban,2,0
Mumbai,23,113668,Graduate,Unemployed,3.57,1,Rural,4,0
Hyderabad,18,60030,Secondary,Unemployed,4.67,7,Semi-Urban,1,0
Mumbai,24,61815,Secondary,Unemployed,3.58,2,Urban,3,0
Ahmedabad,44,117789,Secondary,Government,3.45,4,Semi-Urban,2,1
Pune,38,62923,Primary,Self-Employed,7.6,4,Semi-Urban,3,0
Mumbai,45,72904,Graduate,Self-Employed,7.6,6,Urban,1,1
Pune,33,82088,Primary,Government,5.42,1,Urban,0,1
Kolkata,63,10608,Postgraduate,Unemployed,6.75,4,Semi-Urban,0,1
Delhi,40,50667,Postgraduate,Self-Employed,5.36,6,Rural,2,1
Hyderabad,69,60547,Postgraduate,Self-Employed,0.77,7,Rural,4,0
Delhi,37,145934,Graduate,Self-Employed,1.13,5,Rural,4,0
Kolkata,55,133391,Postgraduate,Private,4.15,6,Urban,3,1
Hyderabad,42,80948,Graduate,Government,7.62,3,Urban,0,1
Bangalore,45,76880,Primary,Private,9.18,4,Rural,4,0
Bangalore,22,62560,Primary,Private,0.78,4,Semi-Urban,4,0
Pune,38,120063,Graduate,Government,4.0,5,Semi-Urban,0,1
Kolkata,35,99218,Primary,Self-Employed,2.63,7,Semi-Urban,0,0
Pune,64,119462,Primary,Private,8.24,2,Urban,1,1
Chennai,23,22997,Graduate,Self-Employed,8.54,6,Urban,3,1
Mumbai,46,126266,Postgraduate,Private,2.46,2,Rural,0,1
Jaipur,36,8679,Graduate,Self-Employed,7.25,6,Semi-Urban,1,1
Chennai,50,45308,Secondary,Unemployed,7.45,5,Urban,0,0
Mumbai,18,10695,Primary,Unemployed,2.18,2,Urban,2,0
Hyderabad,62,63499,Graduate,Unemployed,4.62,1,Rural,2,0
Pune,20,28382,Primary,Government,6.39,5,Semi-Urban,2,0
Hyderabad,59,19235,Postgraduate,Unemployed,0.75,7,Urban,0,0
Hyderabad,38,138438,Primary,Private,4.34,6,Urban,4,0
Mumbai,52,117468,Graduate,Self-Employed,1.97,3,Urban,4,0
Kolkata,58,11764,Postgraduate,Self-Employed,5.65,7,Urban,2,1
Mumbai,57,118831,Postgraduate,Self-Employed,8.51,7,Semi-Urban,3,1
Lucknow,20,66836,Postgraduate,Self-Employed,5.49,3,Rural,1,1
Bangalore,42,36923,Secondary,Private,0.84,3,Semi-Urban,2,0
Bangalore,62,100711,Graduate,Self-Employed,0.78,6,Rural,1,0
Chennai,55,21292,Graduate,Private,6.25,7,Urban,1,1
Bangalore,62,129913,Postgraduate,Private,3.62,4,Semi-Urban,2,1
Mumbai,37,137686,Primary,Self-Employed,5.94,5,Rural,4,0
Ahmedabad,69,25939,Postgraduate,Self-Employed,2.05,5,Rural,3,0
Pune,61,23800,Secondary,Self-Employed,7.88,2,Urban,2,1
Mumbai,62,61440,Postgraduate,Private,8.68,5,Rural,1,1
Mumbai,51,132521,Graduate,Government,8.95,7,Rural,0,1
Jaipur,38,126327,Postgraduate,Private,3.39,5,Rural,0,1
Pune,65,54648,Primary,Government,6.78,7,Urban,1,1
Lucknow,40,120192,Graduate,Self-Employed,3.15,2,Semi-Urban,2,1
Bangalore,23,98498,Primary,Private,7.75,5,Urban,4,1
Pune,68,34764,Postgraduate,Self-Employed,1.64,5,Rural,2,0
Bangalore,30,37470,Graduate,Government,7.75,1,Rural,3,1
Chennai,66,62207,Secondary,Government,4.68,6,Semi-Urban,0,1
Pune,40,67157,Graduate,Private,8.63,2,Rural,1,1
Bangalore,26,139288,Primary,Private,7.52,1,Semi-Urban,4,1
Lucknow,34,98778,Graduate,Private,4.08,4,Rural,2,0
Delhi,19,135016,Secondary,Private,9.08,2,Rural,3,1
Hyderabad,36,129288,Secondary,Unemployed,3.19,7,Urban,2,0
Hyderabad,36,115573,Secondary,Unemployed,9.69,6,Urban,3,1
Lucknow,24,125730,Secondary,Self-Employed,7.79,5,Semi-Urban,2,1
Jaipur,59,69186,Primary,Government,9.91,7,Urban,4,1
Delhi,59,9960,Graduate,Government,1.01,5,Semi-Urban,4,0
Chennai,37,23781,Postgraduate,Self-Employed,3.1,1,Urban,1,1
Lucknow,26,36126,Secondary,Self-Employed,7.54,1,Semi-Urban,4,0
Hyderabad,34,111034,Postgraduate,Self-Employed,9.26,4,Rural,3,1
Hyderabad,44,22883,Postgraduate,Unemployed,0.77,4,Semi-Urban,1,0
Hyderabad,64,34782,Graduate,Self-Employed,0.5,6,Urban,4,0
Kolkata,19,61387,Postgraduate,Government,2.93,5,Semi-Urban,0,1
Lucknow,53,38746,Postgraduate,Self-Employed,8.6,7,Urban,3,1
Mumbai,36,71266,Primary,Private,7.79,3,Rural,1,0
Chennai,34,5056,Postgraduate,Government,3.73,7,Urban,3,1
Hyderabad,22,36457,Graduate,Government,0.52,4,Rural,1,0
Bangalore,56,138315,Postgraduate,Government,5.77,5,Rural,3,1
Lucknow,35,137773,Graduate,Unemployed,2.76,7,Urban,0,0
Kolkata,24,78839,Secondary,Unemployed,7.58,7,Rural,4,0
Lucknow,34,85636,Postgraduate,Government,4.74,4,Urban,2,1
Chennai,56,112697,Postgraduate,Private,6.95,7,Semi-Urban,2,1
Kolkata,53,71483,Postgraduate,Government,8.6,7,Rural,2,1
Chennai,57,25505,Secondary,Unemployed,5.59,2,Semi-Urban,1,0
Lucknow,62,142625,Primary,Private,3.69,1,Semi-Urban,4,0
Mumbai,21,38525,Postgraduate,Government,7.81,5,Urban,1,1
Chennai,55,101008,Graduate,Unemployed,3.02,7,Urban,1,0
Kolkata,42,49348,Primary,Private,8.97,4,Rural,1,0
Kolkata,22,12273,Primary,Self-Employed,1.18,1,Urban,1,0
Chennai,47,69236,Primary,Self-Employed,8.44,7,Semi-Urban,4,0
Ahmedabad,29,139607,Postgraduate,Government,1.37,7,Semi-Urban,2,1
Lucknow,21,112157,Secondary,Self-Employed,1.03,3,Semi-Urban,3,0
Ahmedabad,41,5908,Secondary,Unemployed,3.95,4,Rural,1,0
Jaipur,46,113352,Postgraduate,Private,9.59,5,Urban,4,1
Lucknow,26,100967,Graduate,Government,9.84,2,Semi-Urban,0,1
Chennai,21,93989,Graduate,Private,2.42,1,Rural,3,0
Delhi,68,40079,Graduate,Private,1.91,1,Urban,1,0
Chennai,41,116889,Postgraduate,Private,3.85,2,Urban,1,1
Ahmedabad,31,54323,Secondary,Unemployed,3.7,5,Semi-Urban,3,0
Mumbai,22,94909,Postgraduate,Government,7.72,6,Rural,3,1
Chennai,35,51105,Secondary,Self-Employed,4.72,3,Semi-Urban,1,0
Chennai,59,137957,Primary,Private,7.91,6,Semi-Urban,4,1
Mumbai,36,6049,Postgraduate,Private,7.61,7,Rural,0,1
Chennai,29,58281,Secondary,Private,5.99,2,Semi-Urban,4,0
Hyderabad,35,48271,Primary,Unemployed,8.42,3,Rural,2,0
Delhi,34,71697,Primary,Self-Employed,2.36,5,Rural,2,0
Bangalore,47,41534,Postgraduate,Private,2.04,4,Semi-Urban,2,0
Delhi,41,98034,Secondary,Unemployed,7.63,4,Semi-Urban,1,0
Chennai,28,63097,Primary,Unemployed,2.83,6,Urban,0,0
Hyderabad,52,30037,Postgraduate,Private,0.53,5,Urban,0,0
Lucknow,40,32278,Primary,Private,9.16,3,Rural,1,0
Chennai,34,144344,Graduate,Unemployed,6.42,6,Rural,1,1
Ahmedabad,18,104173,Postgraduate,Unemployed,4.73,2,Rural,1,0
Hyderabad,32,43294,Primary,Private,7.39,6,Urban,0,1
Mumbai,49,78277,Postgraduate,Unemployed,3.67,5,Semi-Urban,1,0
Hyderabad,26,9694,Postgraduate,Unemployed,9.56,7,Semi-Urban,3,1
Mumbai,32,63150,Secondary,Private,1.15,5,Urban,3,0
Jaipur,45,72470,Secondary,Private,6.59,4,Semi-Urban,3,0
Bangalore,41,26556,Primary,Government,7.88,2,Semi-Urban,1,0
Pune,52,54086,Postgraduate,Self-Employed,4.96,4,Semi-Urban,3,1
Hyderabad,39,104468,Postgraduate,Private,7.67,3,Urban,1,1
Kolkata,44,38387,Graduate,Private,9.31,3,Rural,3,1
Ahmedabad,36,73602,Postgraduate,Private,7.57,1,Semi-Urban,1,1
Chennai,62,141666,Secondary,Self-Employed,3.44,5,Semi-Urban,4,0
Ahmedabad,29,7460,Postgraduate,Government,5.84,2,Rural,2,1
Delhi,37,77356,Secondary,Unemployed,9.16,2,Semi-Urban,4,0
Pune,18,59698,Graduate,Self-Employed,4.77,4,Semi-Urban,2,0
Delhi,38,106746,Primary,Private,6.98,6,Rural,2,0
Jaipur,66,21191,Secondary,Private,4.92,6,Urban,3,0
Pune,62,89631,Primary,Government,1.65,4,Urban,2,0
Pune,18,15529,Primary,Government,1.06,7,Semi-Urban,2,0
Delhi,27,37175,Primary,Government,9.55,6,Semi-Urban,4,1
Mumbai,64,22675,Primary,Unemployed,6.32,2,Rural,2,0
Delhi,49,51798,Secondary,Self-Employed,1.49,4,Rural,1,0
Ahmedabad,56,75910,Graduate,Self-Employed,8.65,6,Semi-Urban,1,1
Mumbai,39,135400,Postgraduate,Government,5.47,1,Semi-Urban,3,1
Ahmedabad,35,83678,Secondary,Unemployed,7.83,5,Urban,4,0
Jaipur,65,67821,Graduate,Self-Employed,1.7,1,Urban,0,0
Chennai,63,17204,Postgraduate,Private,9.12,6,Urban,4,1
Lucknow,49,12394,Primary,Private,6.11,3,Urban,0,0
Mumbai,44,69814,Postgraduate,Private,7.51,2,Rural,2,1
Jaipur,45,38593,Postgraduate,Self-Employed,0.8,1,Urban,0,0
Kolkata,35,120064,Graduate,Government,3.5,1,Urban,2,1
Jaipur,56,58365,Postgraduate,Private,3.04,4,Semi-Urban,4,0
Delhi,66,136515,Primary,Government,9.52,4,Urban,4,1
Delhi,46,108700,Secondary,Unemployed,2.26,4,Semi-Urban,3,0
Lucknow,35,102077,Secondary,Private,7.22,6,Semi-Urban,3,1
Jaipur,61,139537,Graduate,Unemployed,0.91,7,Urban,2,0
Bangalore,25,73247,Primary,Government,2.38,7,Urban,2,0
Chennai,48,59740,Primary,Self-Employed,3.72,3,Semi-Urban,1,0
Delhi,51,32898,Postgraduate,Government,8.05,1,Rural,1,1
Lucknow,24,137991,Graduate,Private,8.0,5,Semi-Urban,1,1
Chennai,53,67613,Primary,Private,9.55,4,Rural,4,0
Jaipur,35,101707,Primary,Government,9.21,3,Rural,0,1
Jaipur,55,116777,Primary,Private,1.27,6,Urban,2,0
Pune,26,52003,Secondary,Private,8.38,3,Urban,3,1
Lucknow,26,53478,Secondary,Unemployed,4.79,4,Urban,2,0
Delhi,63,64030,Secondary,Self-Employed,8.73,2,Urban,0,1
Bangalore,25,138071,Postgraduate,Government,1.35,1,Semi-Urban,2,1
Jaipur,68,57800,Postgraduate,Unemployed,8.32,4,Rural,3,1
Bangalore,52,10445,Postgraduate,Private,2.02,5,Semi-Urban,3,0
Jaipur,35,5246,Primary,Unemployed,3.67,1,Rural,0,0
Delhi,22,36153,Secondary,Self-Employed,0.77,3,Semi-Urban,3,0
Chennai,31,10212,Primary,Government,1.68,7,Rural,4,0
Hyderabad,45,139411,Primary,Self-Employed,4.73,5,Urban,3,0
Chennai,47,61238,Graduate,Self-Employed,8.27,1,Rural,0,1
Jaipur,21,58871,Primary,Unemployed,7.85,5,Urban,0,0
Ahmedabad,56,105672,Postgraduate,Unemployed,2.74,3,Rural,2,0
Hyderabad,37,39607,Secondary,Self-Employed,1.94,4,Semi-Urban,3,0
Hyderabad,42,57055,Secondary,Private,4.2,7,Rural,3,0
Bangalore,45,109509,Primary,Government,8.89,5,Semi-Urban,0,1
Lucknow,29,140467,Postgraduate,Private,1.37,4,Semi-Urban,2,1
Bangalore,19,132378,Postgraduate,Private,5.66,7,Urban,2,1
Bangalore,60,92687,Postgraduate,Government,1.34,3,Rural,4,0
Ahmedabad,31,70078,Secondary,Unemployed,4.97,7,Semi-Urban,4,0
Chennai,39,139763,Postgraduate,Private,1.7,3,Rural,0,1
Chennai,48,143542,Postgraduate,Unemployed,1.26,5,Urban,2,0
Kolkata,40,139913,Primary,Government,2.31,5,Urban,2,0
Jaipur,65,107652,Graduate,Private,2.92,3,Rural,4,0
Ahmedabad,37,68197,Postgraduate,Unemployed,3.12,5,Semi-Urban,4,0
Kolkata,55,60773,Primary,Unemployed,6.63,5,Semi-Urban,0,0
Delhi,21,123943,Primary,Private,1.02,5,Semi-Urban,2,0
Jaipur,32,32584,Postgraduate,Government,1.27,6,Rural,0,0
Jaipur,41,140372,Graduate,Self-Employed,2.29,5,Semi-Urban,4,0
Pune,42,8338,Secondary,Unemployed,8.78,1,Semi-Urban,3,0
Pune,18,67601,Graduate,Government,6.47,3,Semi-Urban,4,1
Mumbai,24,141559,Postgraduate,Private,7.44,3,Urban,2,1
Mumbai,48,41282,Graduate,Unemployed,4.02,2,Semi-Urban,0,0
Bangalore,29,120447,Primary,Unemployed,2.53,4,Rural,2,0
Delhi,59,100798,Primary,Unemployed,0.86,2,Rural,4,0
Hyderabad,22,135963,Graduate,Government,5.14,5,Semi-Urban,4,1
Hyderabad,61,113611,Secondary,Unemployed,5.96,5,Rural,1,0
Pune,67,145987,Graduate,Unemployed,9.02,7,Rural,4,1
Pune,59,16158,Postgraduate,Private,8.88,1,Semi-Urban,2,1
Pune,55,15547,Secondary,Unemployed,4.53,1,Urban,0,0
Ahmedabad,29,93713,Graduate,Government,4.52,1,Semi-Urban,0,1
Lucknow,56,7459,Graduate,Private,2.03,1,Rural,1,0
Mumbai,35,68146,Secondary,Self-Employed,2.95,1,Rural,2,0
Ahmedabad,19,108577,Graduate,Private,9.29,1,Semi-Urban,4,1
Chennai,27,112761,Postgraduate,Unemployed,1.84,1,Rural,3,0
Hyderabad,32,108727,Primary,Self-Employed,9.7,1,Urban,0,1
Jaipur,47,55460,Postgraduate,Private,5.3,7,Semi-Urban,2,1
Mumbai,61,87970,Graduate,Unemployed,4.84,6,Rural,1,0
Kolkata,34,20419,Primary,Private,2.16,1,Urban,3,0
Chennai,21,40577,Secondary,Government,6.78,3,Rural,2,0
Mumbai,24,7921,Postgraduate,Unemployed,4.87,1,Urban,4,0
Ahmedabad,58,140748,Secondary,Government,4.02,4,Rural,0,1
Delhi,48,149535,Primary,Unemployed,3.01,1,Semi-Urban,4,0
Jaipur,68,45935,Graduate,Government,1.13,6,Rural,1,0
Mumbai,56,130534,Primary,Self-Employed,5.43,7,Semi-Urban,0,1
Lucknow,51,77828,Primary,Government,3.47,5,Urban,3,0
Pune,23,128649,Secondary,Private,7.22,6,Urban,0,1
Pune,67,94062,Postgraduate,Unemployed,7.37,6,Rural,4,1
Jaipur,55,60152,Primary,Private,3.66,5,Semi-Urban,2,0
Ahmedabad,62,101491,Graduate,Government,6.86,1,Semi-Urban,2,1
Pune,68,91569,Primary,Unemployed,2.96,7,Urban,2,0
Mumbai,51,77467,Secondary,Government,7.41,7,Urban,1,1
Kolkata,61,127537,Postgraduate,Self-Employed,0.65,1,Rural,1,0
Hyderabad,32,58806,Graduate,Self-Employed,1.94,5,Urban,2,0
Hyderabad,31,136332,Secondary,Self-Employed,2.83,4,Urban,3,0
Chennai,23,80992,Primary,Government,7.84,2,Semi-Urban,4,1
Bangalore,67,27320,Primary,Government,1.13,3,Semi-Urban,3,0
Delhi,54,83971,Postgraduate,Self-Employed,2.29,5,Semi-Urban,2,1
Jaipur,67,53581,Secondary,Government,3.91,1,Urban,4,0
Chennai,49,98645,Secondary,Private,0.59,3,Rural,1,0
Bangalore,20,25754,Postgraduate,Government,7.74,1,Rural,0,1
Ahmedabad,20,74837,Graduate,Private,5.82,2,Urban,0,1
Lucknow,39,143279,Secondary,Self-Employed,9.06,2,Rural,4,1
Lucknow,39,128746,Postgraduate,Government,0.79,5,Urban,3,1
Delhi,27,119780,Secondary,Self-Employed,3.08,3,Rural,4,0
Pune,68,92081,Postgraduate,Unemployed,7.45,6,Urban,3,1
Mumbai,20,29016,Primary,Government,6.91,7,Semi-Urban,3,0
Chennai,29,65522,Primary,Government,2.81,7,Rural,0,0
Chennai,46,125896,Secondary,Self-Employed,6.16,3,Semi-Urban,1,1
Jaipur,65,117099,Secondary,Self-Employed,8.04,6,Semi-Urban,2,1
Jaipur,34,109429,Primary,Self-Employed,0.82,2,Rural,1,0
Lucknow,24,6924,Graduate,Unemployed,7.32,1,Urban,2,0
Lucknow,30,90015,Postgraduate,Unemployed,2.89,7,Semi-Urban,0,0
Kolkata,19,109987,Graduate,Self-Employed,9.5,6,Semi-Urban,2,1
Kolkata,21,59333,Graduate,Government,5.61,6,Urban,3,1
Pune,27,131372,Graduate,Government,0.82,5,Urban,4,0
Kolkata,56,136378,Primary,Self-Employed,4.33,4,Rural,2,0
Mumbai,41,93495,Secondary,Private,9.68,2,Rural,1,1
Mumbai,34,74767,Graduate,Unemployed,7.44,6,Urban,0,1
Chennai,69,109332,Primary,Unemployed,3.35,2,Semi-Urban,0,0
Hyderabad,23,148279,Postgraduate,Private,5.97,5,Urban,4,1
Mumbai,36,44426,Secondary,Self-Employed,6.19,1,Rural,3,0
Bangalore,22,11336,Postgraduate,Government,0.72,3,Semi-Urban,3,0
Lucknow,49,117200,Graduate,Government,2.2,2,Semi-Urban,0,1
Jaipur,27,22256,Secondary,Unemployed,5.74,5,Rural,3,0
Kolkata,26,38719,Graduate,Private,4.33,5,Semi-Urban,4,0
Chennai,44,47017,Secondary,Government,2.31,5,Urban,0,0
Delhi,30,50704,Graduate,Unemployed,7.84,7,Rural,3,0
Jaipur,36,35013,Postgraduate,Government,5.15,7,Semi-Urban,2,1
Bangalore,38,84991,Postgraduate,Government,3.44,7,Rural,2,1
Kolkata,41,75258,Graduate,Government,2.04,3,Semi-Urban,3,0
Bangalore,55,83348,Secondary,Unemployed,6.31,7,Urban,2,0
Lucknow,21,15060,Postgraduate,Private,6.83,2,Rural,4,0
Lucknow,41,142727,Secondary,Self-Employed,6.86,6,Semi-Urban,1,1
Pune,52,54923,Secondary,Private,2.59,5,Urban,4,0
Chennai,20,83563,Postgraduate,Government,6.16,3,Urban,4,1
Jaipur,21,140102,Primary,Private,9.1,7,Urban,3,1
Ahmedabad,54,94779,Primary,Government,3.86,1,Semi-Urban,4,0
Ahmedabad,57,104704,Secondary,Unemployed,2.5,4,Semi-Urban,3,0
Jaipur,65,134157,Postgraduate,Unemployed,7.84,2,Urban,0,1
Delhi,52,115234,Primary,Unemployed,2.18,3,Urban,3,0
Chennai,48,66687,Graduate,Government,2.91,4,Urban,3,1
Bangalore,61,41491,Secondary,Private,1.46,4,Urban,0,0
Delhi,42,77115,Primary,Self-Employed,3.04,7,Urban,1,0
Hyderabad,57,122935,Postgraduate,Self-Employed,4.4,3,Semi-Urban,0,1
Jaipur,30,88778,Postgraduate,Unemployed,1.11,6,Rural,3,0
Bangalore,21,140853,Secondary,Self-Employed,8.78,6,Rural,2,1
Ahmedabad,63,25448,Postgraduate,Government,5.38,3,Rural,3,1
Mumbai,31,56550,Graduate,Private,6.09,3,Semi-Urban,0,1
Pune,30,54294,Graduate,Self-Employed,4.03,5,Rural,3,0
Ahmedabad,44,26446,Primary,Self-Employed,6.86,1,Rural,0,0
Chennai,23,81579,Postgraduate,Private,4.6,6,Rural,4,1
Lucknow,34,119679,Graduate,Self-Employed,7.73,5,Rural,1,1
Mumbai,53,90615,Secondary,Private,8.3,4,Urban,1,1
Pune,57,22101,Postgraduate,Government,6.88,4,Semi-Urban,0,1
Pune,66,33016,Primary,Government,5.17,4,Rural,1,0
Hyderabad,52,95481,Secondary,Government,7.93,3,Urban,2,1
Hyderabad,34,57802,Secondary,Unemployed,5.2,2,Rural,2,0
Kolkata,58,12549,Secondary,Government,1.56,5,Rural,1,0
Ahmedabad,19,52842,Graduate,Self-Employed,1.61,2,Rural,0,0
Ahmedabad,30,51539,Secondary,Unemployed,9.51,7,Rural,2,0
Ahmedabad,69,38717,Graduate,Unemployed,2.53,1,Rural,1,0
Kolkata,19,120042,Secondary,Unemployed,8.25,1,Urban,3,1
Delhi,69,132922,Graduate,Government,2.84,5,Rural,2,1
Pune,45,97447,Postgraduate,Unemployed,4.59,4,Urban,4,0
Mumbai,60,88402,Graduate,Government,6.72,7,Rural,2,1
Chennai,43,47607,Graduate,Government,2.01,6,Semi-Urban,1,0
Pune,39,17823,Postgraduate,Unemployed,7.5,1,Urban,1,1
Hyderabad,64,34986,Secondary,Unemployed,7.05,2,Rural,1,0
Bangalore,60,126682,Postgraduate,Self-Employed,5.66,2,Urban,0,1
Lucknow,20,69325,Secondary,Unemployed,5.88,6,Rural,0,0
Kolkata,52,132925,Graduate,Government,1.5,3,Rural,3,0
Jaipur,29,62771,Secondary,Self-Employed,4.64,4,Urban,3,0
Bangalore,41,59973,Graduate,Self-Employed,1.32,3,Rural,2,0
Chennai,22,44107,Secondary,Government,3.42,5,Rural,1,0
Ahmedabad,37,62888,Graduate,Unemployed,9.05,1,Rural,3,0
Hyderabad,56,15956,Graduate,Unemployed,5.96,6,Rural,1,0
Hyderabad,56,91839,Primary,Private,7.56,6,Rural,2,0
Hyderabad,30,106131,Secondary,Unemployed,5.95,6,Rural,0,0
Ahmedabad,58,72594,Secondary,Private,2.35,3,Urban,3,0
Jaipur,62,16519,Primary,Self-Employed,6.15,3,Semi-Urban,4,0
Kolkata,29,6832,Graduate,Self-Employed,7.68,5,Rural,4,0
Bangalore,30,118922,Graduate,Self-Employed,1.81,2,Urban,4,0
Ahmedabad,27,110474,Primary,Private,8.26,2,Semi-Urban,4,1
Chennai,50,74715,Primary,Government,5.78,7,Urban,4,0
Kolkata,57,76835,Postgraduate,Government,0.54,5,Semi-Urban,4,0
Chennai,33,78366,Graduate,Self-Employed,5.44,6,Semi-Urban,4,0
Kolkata,62,42570,Postgraduate,Private,4.26,2,Semi-Urban,3,0
Jaipur,52,142687,Secondary,Private,3.32,5,Urban,4,0
Lucknow,20,43311,Postgraduate,Self-Employed,7.83,2,Semi-Urban,4,1
Chennai,22,95245,Primary,Unemployed,9.05,7,Rural,2,0
Ahmedabad,43,108187,Primary,Self-Employed,7.75,5,Rural,3,0
Kolkata,28,28434,Primary,Private,8.54,2,Semi-Urban,2,0
Hyderabad,24,91879,Primary,Unemployed,9.13,6,Semi-Urban,1,0
Pune,27,20739,Postgraduate,Government,9.17,3,Rural,4,1
Hyderabad,59,71202,Postgraduate,Unemployed,1.59,3,Urban,0,0
Delhi,69,103580,Postgraduate,Government,4.84,7,Urban,4,1
Lucknow,51,84599,Primary,Private,0.5,6,Rural,4,0
Lucknow,20,121770,Primary,Self-Employed,5.31,2,Urban,2,0
Hyderabad,25,44470,Graduate,Self-Employed,9.28,6,Urban,1,1
Bangalore,48,79965,Graduate,Self-Employed,2.39,5,Semi-Urban,2,0
Jaipur,28,130332,Primary,Self-Employed,6.58,3,Urban,3,1
Chennai,62,134681,Graduate,Self-Employed,6.62,1,Rural,1,1
Ahmedabad,24,119300,Secondary,Private,2.02,7,Urban,1,0
Lucknow,62,42997,Secondary,Private,2.77,2,Semi-Urban,1,0
Hyderabad,19,102805,Primary,Self-Employed,4.89,1,Rural,2,0
Hyderabad,23,127202,Postgraduate,Unemployed,2.29,1,Rural,4,0
Jaipur,58,7526,Secondary,Self-Employed,6.06,7,Rural,4,0
Jaipur,49,78339,Secondary,Government,5.1,4,Semi-Urban,4,0
Mumbai,37,11574,Postgraduate,Government,5.43,1,Rural,4,0
Mumbai,51,13733,Graduate,Government,1.78,1,Semi-Urban,4,0
Bangalore,67,55290,Postgraduate,Government,5.41,6,Semi-Urban,3,1
Bangalore,33,77793,Graduate,Self-Employed,0.97,4,Urban,0,0
Delhi,42,41051,Graduate,Government,8.87,4,Rural,1,1
Bangalore,29,20909,Postgraduate,Unemployed,3.76,4,Urban,0,0
Kolkata,24,82338,Graduate,Self-Employed,8.64,7,Urban,3,1
Jaipur,56,78432,Secondary,Government,7.17,5,Semi-Urban,4,1
Ahmedabad,34,33133,Primary,Self-Employed,7.78,4,Urban,3,0
Kolkata,62,84062,Graduate,Self-Employed,3.49,6,Urban,3,0
Chennai,28,147350,Secondary,Self-Employed,2.66,5,Urban,0,1
Hyderabad,23,116546,Postgraduate,Private,4.36,2,Rural,1,1
Bangalore,40,56458,Graduate,Government,0.73,5,Urban,2,0
Hyderabad,44,60415,Secondary,Private,9.23,2,Semi-Urban,2,1
Lucknow,63,59160,Graduate,Unemployed,4.18,4,Rural,1,0
Delhi,23,59399,Postgraduate,Unemployed,9.89,4,Semi-Urban,4,1
Lucknow,55,30298,Primary,Private,7.73,2,Rural,3,0
Delhi,19,94407,Graduate,Government,1.26,3,Rural,4,0
Mumbai,39,67513,Primary,Self-Employed,6.77,6,Rural,3,0
Hyderabad,37,56097,Graduate,Unemployed,3.07,5,Semi-Urban,2,0
Delhi,42,40198,Graduate,Unemployed,2.82,6,Urban,1,0
Pune,32,54997,Postgraduate,Unemployed,2.94,6,Rural,0,0
Kolkata,66,136639,Graduate,Government,9.2,1,Semi-Urban,0,1
Delhi,46,7179,Secondary,Private,5.25,4,Rural,1,0
Delhi,25,7019,Secondary,Private,6.86,5,Urban,2,0
Kolkata,54,86455,Primary,Government,3.17,6,Rural,3,0
Hyderabad,66,131883,Primary,Unemployed,5.47,5,Semi-Urban,0,0
Hyderabad,69,74445,Secondary,Government,3.83,6,Rural,2,0
Kolkata,50,78551,Primary,Government,3.55,4,Semi-Urban,1,0
Lucknow,39,8420,Primary,Private,2.85,6,Urban,4,0
Pune,67,64875,Secondary,Government,4.39,2,Urban,2,1
Ahmedabad,64,21740,Secondary,Government,6.77,4,Rural,2,0
Chennai,22,70263,Secondary,Unemployed,2.61,5,Urban,4,0
Pune,56,110789,Postgraduate,Self-Employed,9.67,7,Semi-Urban,2,1
Hyderabad,35,24465,Postgraduate,Unemployed,1.68,3,Rural,0,0
Ahmedabad,55,9131,Secondary,Private,5.06,6,Semi-Urban,0,0
Mumbai,54,15652,Graduate,Self-Employed,1.31,2,Rural,0,0
Bangalore,47,52671,Secondary,Unemployed,0.72,4,Semi-Urban,2,0
Delhi,68,94342,Postgraduate,Government,9.27,1,Rural,2,1
Kolkata,48,24171,Primary,Government,8.2,7,Semi-Urban,2,0
Kolkata,27,63541,Graduate,Self-Employed,7.09,7,Semi-Urban,1,1
Delhi,32,14470,Graduate,Self-Employed,8.72,4,Rural,4,0
Bangalore,59,49308,Primary,Government,8.13,7,Semi-Urban,2,1
Chennai,65,140669,Graduate,Private,6.65,5,Urban,4,1
Bangalore,61,107840,Primary,Unemployed,8.55,5,Semi-Urban,3,0
Ahmedabad,35,54477,Postgraduate,Government,4.21,1,Rural,0,1
Bangalore,40,113261,Graduate,Unemployed,5.75,2,Urban,1,1
Ahmedabad,50,107466,Graduate,Unemployed,7.87,5,Urban,4,1
Bangalore,33,38071,Primary,Unemployed,1.31,2,Semi-Urban,0,0
Chennai,55,75560,Primary,Unemployed,8.66,2,Semi-Urban,1,0
Chennai,52,81762,Postgraduate,Private,1.99,4,Semi-Urban,0,1
Hyderabad,51,148641,Primary,Private,8.71,2,Urban,2,1
Delhi,45,7369,Primary,Private,3.46,6,Urban,2,0
Chennai,19,114963,Postgraduate,Government,3.6,5,Urban,0,1
Ahmedabad,47,5528,Secondary,Government,1.2,5,Rural,1,0
Chennai,30,113806,Secondary,Government,8.92,3,Rural,0,1
Hyderabad,58,107979,Primary,Private,2.16,7,Semi-Urban,3,0
Kolkata,33,24748,Postgraduate,Unemployed,6.49,2,Rural,1,0
Ahmedabad,22,40109,Secondary,Private,6.62,3,Rural,1,0
Hyderabad,45,18919,Postgraduate,Government,3.17,4,Semi-Urban,0,1
Lucknow,56,52498,Primary,Self-Employed,9.86,3,Semi-Urban,4,0
Lucknow,62,60808,Primary,Government,1.11,7,Urban,0,0
Mumbai,37,75441,Postgraduate,Unemployed,6.27,2,Urban,4,1
Bangalore,41,118843,Graduate,Private,5.06,7,Semi-Urban,1,1
Delhi,44,79420,Primary,Self-Employed,2.83,5,Semi-Urban,2,0
Jaipur,47,112447,Primary,Self-Employed,2.05,4,Rural,2,0
Pune,62,71896,Primary,Unemployed,7.5,2,Rural,0,0
Hyderabad,44,108431,Primary,Private,9.2,4,Rural,4,1
Kolkata,43,52020,Postgraduate,Self-Employed,1.52,1,Semi-Urban,0,0
Pune,24,27161,Postgraduate,Government,2.34,2,Semi-Urban,3,0
Kolkata,59,32738,Postgraduate,Unemployed,9.87,1,Urban,0,1
Pune,64,139997,Postgraduate,Self-Employed,0.64,3,Rural,0,1
Hyderabad,55,144535,Graduate,Unemployed,5.33,2,Urban,0,1
Jaipur,22,62153,Postgraduate,Private,5.4,1,Semi-Urban,0,1
Pune,40,66009,Postgraduate,Private,3.0,6,Rural,4,0
Hyderabad,45,92938,Primary,Private,6.8,5,Urban,4,0
Chennai,51,104546,Graduate,Government,9.48,3,Semi-Urban,4,1
Jaipur,32,61271,Primary,Self-Employed,4.78,2,Urban,3,0
Ahmedabad,49,14797,Graduate,Private,7.62,2,Rural,3,0
Kolkata,43,91130,Secondary,Government,6.64,5,Urban,0,1
Lucknow,65,76942,Graduate,Private,4.99,5,Urban,4,1
Bangalore,48,123065,Graduate,Private,0.97,7,Semi-Urban,3,0
Lucknow,36,18965,Primary,Self-Employed,7.55,1,Rural,2,0
Jaipur,26,18733,Graduate,Government,3.95,1,Urban,0,1
Ahmedabad,46,132182,Graduate,Private,2.63,1,Semi-Urban,1,1
Kolkata,68,88360,Primary,Government,9.51,7,Rural,4,1
Ahmedabad,56,113378,Secondary,Government,7.85,4,Semi-Urban,0,1
Pune,21,33287,Secondary,Private,9.64,3,Rural,0,1
Kolkata,20,87104,Secondary,Private,2.93,2,Semi-Urban,1,0
Pune,46,91916,Graduate,Unemployed,8.44,3,Semi-Urban,2,1
Hyderabad,69,8188,Primary,Self-Employed,6.27,5,Semi-Urban,3,0
Jaipur,28,96205,Secondary,Private,9.82,6,Urban,3,1
Hyderabad,50,102349,Secondary,Unemployed,9.49,3,Urban,1,1
Mumbai,55,142837,Secondary,Self-Employed,9.74,3,Semi-Urban,1,1
Ahmedabad,28,146879,Secondary,Private,9.54,1,Rural,3,1
Pune,44,15204,Primary,Government,0.57,5,Semi-Urban,2,0
Chennai,50,47120,Secondary,Self-Employed,7.54,3,Urban,2,1
Hyderabad,38,107903,Graduate,Government,3.08,2,Rural,0,1
Mumbai,56,42081,Graduate,Unemployed,7.2,1,Urban,1,1
Delhi,48,39986,Primary,Private,9.82,7,Semi-Urban,1,1
Lucknow,55,84322,Postgraduate,Unemployed,0.87,3,Urban,1,0
Kolkata,63,99819,Secondary,Private,5.89,5,Urban,3,1
Mumbai,19,135015,Secondary,Private,7.48,6,Urban,3,1
Jaipur,44,55304,Graduate,Government,2.91,2,Semi-Urban,3,0
Hyderabad,53,70592,Primary,Unemployed,2.64,6,Urban,2,0
Jaipur,28,63548,Postgraduate,Government,1.07,5,Semi-Urban,3,0
Lucknow,64,103447,Graduate,Government,1.39,5,Semi-Urban,0,1
Chennai,35,44986,Postgraduate,Government,6.74,5,Urban,3,1
Ahmedabad,18,79095,Primary,Unemployed,5.3,6,Rural,2,0
Ahmedabad,52,96594,Primary,Private,0.79,4,Urban,1,0
Jaipur,52,93281,Primary,Private,9.71,2,Urban,0,1
Pune,48,71151,Graduate,Unemployed,6.73,5,Urban,2,1
Chennai,45,78598,Primary,Private,5.4,4,Rural,4,0
Ahmedabad,56,33214,Graduate,Unemployed,3.09,1,Rural,1,0
Chennai,18,43745,Graduate,Unemployed,6.75,4,Semi-Urban,3,0
Mumbai,42,146753,Secondary,Private,3.96,1,Rural,2,0
Chennai,60,143056,Graduate,Self-Employed,7.17,6,Rural,4,1
Bangalore,55,95810,Graduate,Government,6.98,7,Urban,2,1
Lucknow,37,5944,Secondary,Unemployed,1.38,7,Semi-Urban,3,0
Ahmedabad,20,98993,Postgraduate,Unemployed,9.14,4,Semi-Urban,2,1
Chennai,68,14114,Secondary,Self-Employed,5.13,6,Rural,4,0
Jaipur,19,44846,Secondary,Unemployed,4.23,5,Rural,2,0
Delhi,35,37596,Primary,Unemployed,9.58,4,Urban,0,0
Bangalore,61,109087,Primary,Private,4.66,4,Rural,0,0
Bangalore,27,11907,Secondary,Private,7.35,5,Rural,3,0
Pune,22,30009,Primary,Self-Employed,6.72,1,Semi-Urban,4,0
Chennai,26,89846,Secondary,Unemployed,2.07,5,Rural,4,0
Pune,19,55241,Primary,Government,9.92,2,Urban,4,1
Pune,51,23996,Graduate,Private,4.9,7,Semi-Urban,4,0
Delhi,55,142119,Primary,Government,4.25,7,Semi-Urban,4,0
Mumbai,48,33767,Primary,Government,9.24,4,Rural,1,1
Chennai,27,21347,Graduate,Self-Employed,5.53,2,Urban,2,1
Hyderabad,67,107063,Secondary,Self-Employed,7.2,5,Semi-Urban,4,1
Ahmedabad,29,29102,Primary,Unemployed,8.54,7,Urban,0,0
Pune,53,9263,Primary,Self-Employed,2.74,6,Urban,2,0
Lucknow,38,113585,Graduate,Private,2.11,5,Rural,3,0
Kolkata,66,72438,Graduate,Unemployed,1.15,3,Urban,3,0
Lucknow,64,101359,Graduate,Unemployed,9.02,2,Semi-Urban,4,1
Delhi,23,135251,Postgraduate,Government,2.4,7,Rural,1,1
Delhi,65,32690,Graduate,Government,3.42,3,Semi-Urban,1,0
Jaipur,66,7994,Secondary,Government,3.22,2,Urban,2,0
Mumbai,20,108533,Primary,Unemployed,3.39,6,Urban,1,0
Ahmedabad,27,72546,Primary,Self-Employed,6.85,3,Rural,3,0
Pune,22,143449,Postgraduate,Self-Employed,9.56,3,Rural,4,1
Lucknow,63,83572,Primary,Self-Employed,3.63,2,Semi-Urban,0,0
Kolkata,43,31467,Primary,Unemployed,4.37,5,Semi-Urban,3,0
Delhi,38,136120,Secondary,Unemployed,7.83,1,Urban,3,1
Delhi,62,52606,Primary,Unemployed,4.61,5,Rural,2,0
Mumbai,43,103112,Secondary,Unemployed,9.3,1,Urban,1,1
Kolkata,55,78414,Postgraduate,Unemployed,5.28,2,Urban,0,1
Kolkata,61,98145,Secondary,Self-Employed,3.8,4,Semi-Urban,0,0
Mumbai,43,53115,Graduate,Unemployed,9.73,5,Semi-Urban,1,1
Delhi,25,94606,Graduate,Self-Employed,4.54,3,Semi-Urban,4,0
Ahmedabad,22,45647,Postgraduate,Unemployed,2.7,5,Rural,1,0
Chennai,32,59607,Primary,Self-Employed,2.19,2,Semi-Urban,4,0
Chennai,33,26996,Secondary,Private,9.95,4,Rural,0,1
Mumbai,18,88697,Graduate,Private,7.65,4,Urban,2,1
Kolkata,33,51022,Secondary,Self-Employed,4.38,5,Rural,3,0
Pune,54,45148,Graduate,Private,8.35,5,Semi-Urban,0,1
Mumbai,20,72764,Secondary,Private,5.69,6,Rural,0,0
Ahmedabad,69,96901,Primary,Self-Employed,3.52,5,Rural,0,0
Mumbai,64,95724,Postgraduate,Unemployed,7.56,2,Semi-Urban,3,1
Bangalore,48,129766,Primary,Unemployed,7.59,1,Semi-Urban,4,0
Lucknow,30,13888,Secondary,Self-Employed,5.25,6,Urban,2,0
Kolkata,33,103941,Graduate,Government,0.93,1,Rural,2,0
Jaipur,60,22333,Graduate,Government,1.23,3,Urban,2,0
Jaipur,38,41355,Postgraduate,Private,7.99,7,Urban,4,1
Kolkata,19,134686,Primary,Government,8.32,2,Rural,1,1
Ahmedabad,44,108170,Primary,Private,6.94,6,Urban,1,1
Bangalore,55,80675,Primary,Unemployed,8.47,4,Rural,2,0
Bangalore,43,72664,Graduate,Self-Employed,7.34,6,Urban,0,1
Delhi,55,91153,Postgraduate,Unemployed,9.02,3,Urban,0,1
Lucknow,63,98616,Graduate,Self-Employed,1.93,4,Rural,3,0
Chennai,42,40285,Primary,Government,4.18,6,Semi-Urban,1,0
Hyderabad,28,51996,Secondary,Unemployed,4.91,4,Rural,0,0
Ahmedabad,25,51947,Graduate,Unemployed,3.33,5,Semi-Urban,2,0
Hyderabad,25,56030,Postgraduate,Private,7.39,4,Rural,3,1
Hyderabad,50,47443,Primary,Self-Employed,9.17,6,Rural,1,0
Kolkata,24,133344,Secondary,Government,4.42,4,Semi-Urban,3,1
Jaipur,55,70464,Graduate,Unemployed,9.44,2,Semi-Urban,0,1
Jaipur,38,133019,Secondary,Self-Employed,5.41,5,Rural,2,1
Chennai,25,140024,Secondary,Government,5.46,5,Rural,2,1
Kolkata,68,125454,Postgraduate,Unemployed,6.2,3,Rural,2,1
Hyderabad,38,129444,Graduate,Self-Employed,3.05,5,Semi-Urban,0,1
Pune,37,117175,Postgraduate,Private,4.14,1,Rural,4,1
Jaipur,25,47460,Primary,Unemployed,5.76,2,Semi-Urban,2,0
Ahmedabad,63,5015,Secondary,Self-Employed,9.45,3,Urban,4,1
Ahmedabad,48,54757,Postgraduate,Government,6.61,1,Semi-Urban,2,1
Delhi,67,86541,Postgraduate,Government,3.66,4,Urban,4,1
Mumbai,46,26292,Primary,Private,0.6,7,Rural,1,0
Pune,65,127694,Graduate,Unemployed,9.83,1,Rural,1,1
Jaipur,26,52046,Postgraduate,Private,5.18,3,Semi-Urban,2,1
Bangalore,32,19817,Secondary,Self-Employed,9.42,5,Urban,3,1
Jaipur,47,14759,Secondary,Government,5.72,2,Rural,3,0
Delhi,43,11412,Secondary,Private,6.25,7,Rural,0,0
Ahmedabad,27,25504,Secondary,Unemployed,7.26,3,Urban,1,0
Hyderabad,46,113500,Postgraduate,Self-Employed,3.55,1,Rural,1,1
Bangalore,33,13507,Secondary,Unemployed,7.14,7,Rural,3,0
Kolkata,53,26050,Postgraduate,Private,5.5,1,Semi-Urban,2,1
Lucknow,37,140892,Graduate,Government,6.89,3,Rural,0,1
Hyderabad,62,143907,Secondary,Government,8.44,7,Urban,1,1
Lucknow,54,105153,Graduate,Private,2.25,6,Rural,0,0
Pune,39,18587,Postgraduate,Unemployed,6.33,6,Semi-Urban,1,0
Mumbai,24,62732,Primary,Unemployed,1.0,3,Rural,4,0
Bangalore,40,56921,Graduate,Unemployed,1.47,6,Urban,4,0
Chennai,58,122734,Secondary,Unemployed,6.91,3,Rural,0,0
Bangalore,57,135104,Primary,Government,1.17,5,Urban,3,0
Jaipur,46,142912,Graduate,Unemployed,6.16,7,Semi-Urban,3,1
Ahmedabad,33,36440,Postgraduate,Private,2.59,3,Rural,1,0
Jaipur,55,40183,Postgraduate,Private,3.39,4,Rural,4,0
Jaipur,45,101172,Postgraduate,Private,1.73,2,Semi-Urban,4,0
Pune,65,138461,Graduate,Private,2.86,2,Urban,0,1
Hyderabad,55,119515,Postgraduate,Unemployed,8.3,4,Urban,0,1
Chennai,48,128183,Graduate,Government,6.57,1,Rural,3,1
Chennai,31,71299,Secondary,Self-Employed,9.52,1,Urban,3,1
Jaipur,50,120503,Secondary,Unemployed,0.96,1,Urban,3,0
Lucknow,26,44023,Graduate,Self-Employed,8.03,7,Rural,2,1
Pune,44,44941,Graduate,Government,7.14,1,Urban,4,1
Jaipur,41,126677,Primary,Unemployed,2.98,5,Urban,4,0
Mumbai,30,81054,Postgraduate,Self-Employed,7.43,4,Rural,0,1
Ahmedabad,43,70363,Secondary,Government,7.31,2,Rural,4,1
Hyderabad,46,66742,Secondary,Self-Employed,4.86,4,Urban,0,1
Kolkata,68,50215,Primary,Private,7.04,2,Rural,2,0
Mumbai,66,52857,Graduate,Private,4.72,1,Urban,3,0
Lucknow,60,60476,Graduate,Government,3.69,5,Urban,2,1
Bangalore,45,145467,Primary,Government,4.93,3,Urban,3,1
Bangalore,45,64768,Postgraduate,Self-Employed,9.0,3,Urban,3,1
Mumbai,25,108591,Graduate,Government,4.15,6,Rural,0,1
Jaipur,40,51229,Graduate,Private,4.34,1,Rural,3,0
Kolkata,46,116706,Postgraduate,Private,6.28,1,Semi-Urban,2,1
Delhi,22,67583,Postgraduate,Unemployed,7.65,4,Rural,1,1
Delhi,59,131011,Primary,Self-Employed,7.48,5,Semi-Urban,0,1
Lucknow,24,35104,Primary,Government,0.69,5,Urban,3,0
Jaipur,59,42594,Primary,Government,7.03,4,Rural,3,0
Chennai,53,8664,Graduate,Government,4.78,5,Urban,4,0
Chennai,58,15528,Primary,Self-Employed,5.48,7,Semi-Urban,0,0
Hyderabad,44,133404,Graduate,Private,5.84,7,Rural,0,1
Kolkata,63,37899,Secondary,Government,7.45,5,Rural,2,1
Kolkata,19,75979,Postgraduate,Government,8.4,7,Rural,1,1
Bangalore,42,22241,Postgraduate,Private,6.64,3,Rural,2,1
Pune,26,51211,Secondary,Government,5.86,5,Urban,2,1
Lucknow,44,68472,Primary,Unemployed,4.05,7,Rural,2,0
Delhi,18,36346,Graduate,Private,1.81,1,Semi-Urban,1,0
Lucknow,40,86196,Graduate,Private,9.61,3,Rural,2,1
Chennai,27,109451,Graduate,Private,4.89,1,Semi-Urban,0,1
Chennai,59,107908,Postgraduate,Unemployed,5.88,1,Semi-Urban,1,1
Mumbai,69,54167,Primary,Private,7.64,7,Urban,3,0
Hyderabad,42,41373,Graduate,Self-Employed,1.15,7,Rural,4,0
Kolkata,20,72143,Graduate,Self-Employed,8.62,4,Semi-Urban,4,1
Ahmedabad,23,125623,Graduate,Self-Employed,8.07,6,Rural,0,1
Lucknow,23,115013,Secondary,Private,7.86,5,Urban,4,1
Chennai,19,7016,Graduate,Private,0.71,5,Urban,4,0
Pune,35,74110,Secondary,Private,5.5,5,Rural,4,0
Bangalore,40,12274,Graduate,Unemployed,1.02,5,Semi-Urban,3,0
Delhi,19,20748,Graduate,Self-Employed,5.73,7,Urban,4,0
Hyderabad,29,16826,Graduate,Government,7.33,3,Semi-Urban,2,1
Pune,39,88008,Secondary,Government,1.66,2,Semi-Urban,0,0
Hyderabad,54,134288,Graduate,Private,7.1,1,Rural,0,1
Mumbai,37,110623,Primary,Unemployed,4.77,6,Urban,0,0
Ahmedabad,56,144592,Graduate,Private,8.21,6,Rural,3,1
Chennai,41,88106,Secondary,Government,5.57,2,Rural,3,0
Bangalore,65,59638,Secondary,Self-Employed,3.69,2,Rural,4,0
Pune,37,74072,Primary,Government,3.65,2,Semi-Urban,2,0
Hyderabad,18,72309,Postgraduate,Self-Employed,9.03,7,Rural,4,1
Kolkata,18,129724,Primary,Self-Employed,4.8,3,Urban,0,1
Mumbai,34,132843,Primary,Unemployed,4.35,2,Semi-Urban,2,0
Kolkata,18,40326,Secondary,Government,0.88,3,Rural,0,0
Bangalore,69,10079,Graduate,Private,3.96,7,Urban,2,0
Pune,62,126412,Graduate,Unemployed,8.57,4,Rural,1,1
Mumbai,47,92340,Postgraduate,Self-Employed,7.73,4,Rural,3,1
Pune,58,90211,Postgraduate,Government,2.6,6,Rural,3,1
Chennai,64,47749,Postgraduate,Private,4.42,4,Semi-Urban,0,1
Jaipur,20,123192,Postgraduate,Unemployed,2.37,3,Rural,0,0
Mumbai,63,79534,Primary,Private,9.57,3,Urban,1,1
Kolkata,28,84233,Primary,Government,6.18,1,Rural,4,0
Bangalore,41,56818,Graduate,Private,7.67,2,Rural,2,1
Ahmedabad,39,116910,Primary,Unemployed,7.28,5,Semi-Urban,1,0
Chennai,61,18429,Graduate,Private,8.8,5,Rural,1,1
Jaipur,62,62748,Graduate,Government,9.52,2,Urban,0,1
Ahmedabad,43,53807,Graduate,Unemployed,0.81,5,Urban,0,0
Delhi,30,12140,Graduate,Self-Employed,9.77,5,Rural,4,1
Chennai,18,68226,Secondary,Unemployed,8.77,7,Urban,4,0
Bangalore,41,93815,Graduate,Government,4.14,5,Urban,0,1
Hyderabad,27,33525,Primary,Private,8.45,6,Rural,3,0
Mumbai,52,25491,Primary,Self-Employed,7.5,3,Urban,4,0
Pune,41,13078,Primary,Self-Employed,8.03,3,Urban,1,0
Bangalore,45,96654,Primary,Private,2.6,3,Rural,0,0
Mumbai,53,134101,Secondary,Government,6.66,2,Semi-Urban,2,1
Ahmedabad,33,21997,Postgraduate,Unemployed,0.75,4,Semi-Urban,2,0
Pune,57,136940,Postgraduate,Government,8.56,6,Rural,3,1
Lucknow,33,102356,Graduate,Self-Employed,9.53,6,Semi-Urban,0,1
Kolkata,34,118711,Graduate,Unemployed,6.79,5,Semi-Urban,1,1
Delhi,68,26246,Primary,Unemployed,5.37,1,Semi-Urban,3,0
Chennai,32,39512,Primary,Private,7.39,3,Semi-Urban,1,0
Bangalore,33,62865,Postgraduate,Government,3.6,7,Rural,2,1
Delhi,32,108393,Postgraduate,Unemployed,6.45,6,Semi-Urban,1,1
Hyderabad,51,77144,Primary,Private,7.33,6,Semi-Urban,2,0
Mumbai,28,122363,Graduate,Government,1.86,1,Rural,4,0
Mumbai,18,55665,Secondary,Self-Employed,1.83,5,Rural,2,0
Bangalore,32,98542,Secondary,Self-Employed,7.3,6,Semi-Urban,2,1
Jaipur,43,106311,Postgraduate,Government,4.6,6,Urban,3,1
Jaipur,68,19325,Postgraduate,Unemployed,8.95,4,Rural,3,0
Lucknow,21,137825,Postgraduate,Unemployed,3.46,1,Rural,0,1
Kolkata,60,73811,Secondary,Self-Employed,0.9,7,Semi-Urban,0,0
Pune,22,121737,Secondary,Self-Employed,6.67,7,Urban,2,1
Hyderabad,52,5824,Primary,Unemployed,7.0,5,Rural,4,0
Delhi,30,149952,Graduate,Government,5.76,5,Rural,0,1
Jaipur,27,122718,Postgraduate,Self-Employed,6.99,3,Rural,2,1
Lucknow,28,71617,Primary,Unemployed,5.48,4,Urban,3,0
Lucknow,35,16517,Secondary,Government,7.08,5,Rural,0,1
Bangalore,51,108068,Primary,Private,0.92,4,Rural,0,0
Hyderabad,56,120016,Secondary,Government,4.0,3,Urban,2,1
Ahmedabad,58,14982,Graduate,Unemployed,2.5,7,Rural,2,0
Pune,59,75210,Secondary,Government,1.44,1,Urban,1,0
Kolkata,67,74852,Primary,Unemployed,2.72,6,Urban,1,0
Chennai,40,118618,Graduate,Self-Employed,2.32,6,Urban,4,0
Bangalore,24,14695,Secondary,Private,9.74,2,Semi-Urban,0,1
Pune,56,53582,Postgraduate,Self-Employed,3.22,2,Rural,1,0
Chennai,20,36094,Secondary,Self-Employed,2.69,2,Rural,2,0
Chennai,29,27187,Graduate,Unemployed,8.43,6,Rural,0,0
Hyderabad,24,123013,Primary,Unemployed,4.48,4,Urban,1,0
Hyderabad,66,133721,Graduate,Unemployed,4.5,2,Semi-Urban,4,0
Delhi,43,111683,Primary,Unemployed,4.71,1,Urban,4,0
Lucknow,50,6214,Secondary,Self-Employed,4.46,5,Rural,4,0
Pune,54,28940,Secondary,Unemployed,3.6,4,Urban,4,0
Bangalore,65,49406,Graduate,Unemployed,3.22,6,Semi-Urban,2,0
Mumbai,32,63414,Postgraduate,Self-Employed,8.88,1,Rural,4,1
Bangalore,19,106440,Secondary,Private,2.04,7,Urban,3,0
Delhi,58,108569,Postgraduate,Private,2.22,6,Semi-Urban,4,0
Kolkata,24,65481,Postgraduate,Government,5.93,4,Urban,1,1
Lucknow,49,32740,Graduate,Self-Employed,3.76,4,Urban,0,0
Mumbai,21,68328,Secondary,Unemployed,4.5,4,Rural,1,0
Jaipur,37,16881,Postgraduate,Government,8.16,3,Semi-Urban,0,1
Kolkata,67,41996,Secondary,Private,9.08,5,Urban,2,1
Hyderabad,53,127196,Primary,Private,8.01,2,Semi-Urban,0,1
Chennai,49,42177,Postgraduate,Self-Employed,2.73,3,Rural,3,0
Jaipur,45,71126,Graduate,Unemployed,9.81,5,Rural,4,0
Bangalore,30,61531,Graduate,Unemployed,3.95,6,Rural,1,0
Bangalore,18,31119,Postgraduate,Government,2.11,2,Semi-Urban,0,1
Hyderabad,52,122744,Secondary,Private,5.25,7,Semi-Urban,1,1
Delhi,65,121894,Primary,Government,7.39,3,Urban,4,1
Pune,47,138780,Primary,Government,1.29,3,Semi-Urban,2,0
Jaipur,53,49989,Graduate,Government,6.53,1,Rural,4,1
Jaipur,42,27106,Graduate,Unemployed,8.65,7,Urban,2,1
Ahmedabad,33,22131,Secondary,Private,2.99,7,Semi-Urban,1,0
Kolkata,36,51553,Graduate,Government,7.08,3,Rural,2,1
Lucknow,18,11553,Secondary,Private,4.3,4,Rural,2,0
Kolkata,22,22881,Postgraduate,Private,4.43,6,Urban,2,1
Pune,68,6379,Primary,Government,3.17,7,Rural,2,0
Bangalore,39,95791,Postgraduate,Government,6.43,3,Semi-Urban,2,1
Bangalore,41,110664,Graduate,Self-Employed,3.93,4,Rural,0,1
Bangalore,60,74306,Primary,Unemployed,8.39,5,Urban,2,0
Ahmedabad,62,145160,Primary,Private,9.65,5,Rural,2,1
Bangalore,69,109512,Postgraduate,Government,9.38,7,Rural,4,1
Pune,54,21350,Secondary,Government,2.05,4,Semi-Urban,4,0
Hyderabad,53,104599,Primary,Private,0.63,1,Semi-Urban,4,0
Lucknow,53,86397,Secondary,Government,4.67,1,Semi-Urban,2,1
Pune,21,84509,Postgraduate,Self-Employed,7.42,5,Semi-Urban,4,1
Lucknow,53,22769,Postgraduate,Private,9.79,6,Rural,0,1
Pune,69,106584,Secondary,Government,7.94,3,Semi-Urban,1,1
Bangalore,35,51365,Postgraduate,Private,6.02,7,Rural,4,1
Hyderabad,67,55185,Primary,Government,0.75,7,Semi-Urban,4,0
Jaipur,33,138858,Postgraduate,Government,8.34,5,Semi-Urban,0,1
Kolkata,58,131525,Postgraduate,Unemployed,2.18,5,Semi-Urban,3,0
Chennai,35,137692,Primary,Private,1.03,4,Rural,3,0
Hyderabad,39,41303,Secondary,Unemployed,8.58,1,Semi-Urban,0,0
Jaipur,19,24589,Postgraduate,Government,5.88,6,Rural,4,1
Delhi,38,7882,Secondary,Private,1.72,4,Semi-Urban,1,0
Pune,53,134236,Primary,Private,4.17,5,Semi-Urban,4,0
Delhi,61,14745,Secondary,Self-Employed,1.31,2,Urban,0,0
Jaipur,56,20861,Secondary,Self-Employed,6.56,3,Semi-Urban,0,0
Hyderabad,64,96707,Graduate,Government,3.18,5,Rural,2,1
Pune,56,59261,Graduate,Government,8.73,4,Urban,0,1
Chennai,46,138909,Postgraduate,Government,3.9,2,Rural,2,1
Bangalore,43,79135,Graduate,Government,5.2,2,Rural,0,1
Pune,38,59380,Graduate,Self-Employed,1.1,5,Urban,2,0
Pune,34,91089,Graduate,Private,3.12,6,Semi-Urban,2,0
Hyderabad,33,110025,Secondary,Unemployed,6.93,1,Urban,4,0
Hyderabad,48,49397,Secondary,Private,7.49,2,Rural,2,0
Jaipur,68,82085,Graduate,Private,2.81,7,Semi-Urban,3,0
Mumbai,26,68865,Primary,Self-Employed,5.29,3,Urban,0,0
Pune,48,60956,Graduate,Private,8.27,4,Rural,1,1
Kolkata,31,105727,Primary,Private,4.11,4,Semi-Urban,0,0
Pune,66,148978,Secondary,Government,1.77,4,Rural,4,0
Jaipur,54,19988,Primary,Unemployed,4.6,7,Semi-Urban,4,0
Lucknow,19,38800,Secondary,Private,6.21,5,Semi-Urban,2,0
Delhi,69,92329,Primary,Private,0.57,4,Urban,4,0
Bangalore,65,57284,Secondary,Unemployed,3.81,7,Semi-Urban,4,0
Mumbai,63,61232,Secondary,Government,6.27,4,Rural,0,1
Chennai,31,49420,Graduate,Self-Employed,9.54,3,Semi-Urban,3,1
Chennai,50,42710,Postgraduate,Self-Employed,4.38,7,Rural,3,0
Chennai,52,97035,Postgraduate,Private,2.05,1,Semi-Urban,2,1
Hyderabad,56,36283,Secondary,Government,5.58,6,Semi-Urban,4,0
Chennai,64,30968,Graduate,Self-Employed,3.21,5,Urban,4,0
Bangalore,68,67508,Postgraduate,Self-Employed,2.54,5,Semi-Urban,3,0
Delhi,37,118435,Postgraduate,Self-Employed,6.11,4,Semi-Urban,2,1
Chennai,19,90366,Graduate,Self-Employed,9.2,3,Rural,4,1
Pune,68,10738,Graduate,Self-Employed,8.43,2,Rural,2,1
Pune,58,8098,Postgraduate,Private,2.23,7,Rural,0,0
Hyderabad,36,100424,Postgraduate,Self-Employed,7.78,4,Semi-Urban,4,1
Bangalore,54,83672,Primary,Private,2.68,7,Rural,4,0
Delhi,35,43244,Primary,Unemployed,3.26,4,Rural,4,0
Mumbai,33,144325,Secondary,Unemployed,9.24,5,Semi-Urban,3,1
Jaipur,21,59333,Postgraduate,Government,9.15,5,Rural,3,1
Delhi,29,130349,Graduate,Private,2.1,4,Urban,4,0
Jaipur,46,55969,Graduate,Government,1.11,5,Urban,4,0
Lucknow,24,95744,Postgraduate,Unemployed,3.28,3,Rural,0,0
Jaipur,31,122286,Secondary,Unemployed,6.03,2,Rural,0,0
Kolkata,29,80028,Graduate,Unemployed,8.83,2,Rural,2,1
Pune,52,40421,Postgraduate,Unemployed,1.63,7,Semi-Urban,2,0
Bangalore,22,137526,Postgraduate,Self-Employed,4.44,2,Urban,3,1
Ahmedabad,34,43575,Secondary,Unemployed,3.08,7,Urban,1,0
Hyderabad,59,8192,Postgraduate,Self-Employed,0.64,4,Rural,0,0
Kolkata,49,116116,Graduate,Self-Employed,7.99,6,Rural,2,1
Jaipur,27,132874,Primary,Government,8.23,4,Semi-Urban,0,1
Chennai,60,86311,Secondary,Self-Employed,2.6,4,Semi-Urban,0,0
Bangalore,34,146474,Postgraduate,Government,1.94,3,Urban,1,1
Kolkata,22,85781,Secondary,Self-Employed,1.87,2,Semi-Urban,0,0
Hyderabad,62,41527,Postgraduate,Self-Employed,4.91,5,Urban,1,1
Pune,59,57181,Primary,Unemployed,2.84,5,Rural,1,0
Bangalore,26,96472,Secondary,Private,5.36,1,Rural,0,1
Hyderabad,66,86219,Postgraduate,Self-Employed,4.16,1,Urban,0,1
Lucknow,50,148532,Primary,Private,2.5,7,Rural,2,0
Lucknow,53,124783,Graduate,Private,7.64,6,Semi-Urban,0,1
Hyderabad,53,88265,Postgraduate,Private,1.93,7,Rural,0,1
Kolkata,35,55126,Primary,Self-Employed,8.09,5,Rural,0,0
Bangalore,26,25545,Primary,Private,5.83,2,Urban,2,0
Kolkata,46,60114,Secondary,Self-Employed,8.4,7,Semi-Urban,1,1
Mumbai,67,98740,Postgraduate,Unemployed,0.55,4,Semi-Urban,2,0
Jaipur,31,18890,Graduate,Self-Employed,7.62,5,Rural,0,1
Mumbai,42,126284,Postgraduate,Government,0.99,6,Rural,4,0
Lucknow,32,57482,Primary,Unemployed,9.53,6,Semi-Urban,0,0
Pune,23,137812,Graduate,Private,7.18,5,Semi-Urban,2,1
Delhi,59,147290,Primary,Private,3.54,1,Urban,2,0
Jaipur,46,76591,Secondary,Government,3.54,2,Rural,3,0
Lucknow,32,93241,Postgraduate,Unemployed,8.68,5,Rural,4,1
Kolkata,46,39722,Primary,Government,9.08,4,Semi-Urban,2,1
Kolkata,21,54431,Primary,Private,8.97,4,Urban,1,1
Kolkata,35,47000,Postgraduate,Self-Employed,8.18,3,Semi-Urban,0,1
Pune,67,76975,Graduate,Private,8.28,4,Rural,1,1
Mumbai,66,35921,Primary,Government,5.94,5,Rural,2,0
Delhi,61,104265,Postgraduate,Self-Employed,0.77,5,Rural,2,0
Kolkata,56,93747,Secondary,Self-Employed,1.32,4,Rural,1,0
Ahmedabad,33,22601,Secondary,Private,6.67,1,Urban,1,1
Jaipur,28,98332,Postgraduate,Self-Employed,4.31,2,Rural,3,1
Bangalore,31,128254,Primary,Unemployed,5.89,6,Semi-Urban,0,0
Ahmedabad,20,124004,Postgraduate,Private,2.7,5,Urban,1,1
Delhi,68,33000,Postgraduate,Private,6.67,4,Urban,0,1
Pune,67,135439,Primary,Unemployed,2.81,6,Rural,4,0
Delhi,59,124277,Graduate,Private,4.88,4,Urban,2,1
Bangalore,55,35383,Graduate,Government,5.05,5,Rural,1,1
Jaipur,62,147857,Secondary,Government,2.19,3,Urban,4,0
Bangalore,59,45910,Graduate,Private,8.82,2,Urban,2,1
Hyderabad,35,29281,Postgraduate,Unemployed,5.5,5,Semi-Urban,3,0
Jaipur,37,118838,Primary,Self-Employed,8.73,6,Semi-Urban,2,1
Delhi,65,9841,Secondary,Unemployed,2.99,4,Semi-Urban,1,0
Kolkata,42,102204,Graduate,Government,2.14,3,Urban,4,0
Delhi,55,65155,Postgraduate,Private,0.67,7,Semi-Urban,4,0
Delhi,30,61313,Secondary,Unemployed,1.39,5,Semi-Urban,4,0
Jaipur,21,116688,Primary,Self-Employed,1.9,2,Semi-Urban,2,0
Hyderabad,31,137994,Graduate,Self-Employed,1.25,3,Urban,0,1
Delhi,50,36976,Postgraduate,Self-Employed,9.02,6,Rural,0,1
Ahmedabad,45,148063,Primary,Self-Employed,9.16,4,Semi-Urban,2,1
Lucknow,69,109405,Postgraduate,Unemployed,9.4,1,Urban,1,1
Chennai,54,58744,Postgraduate,Self-Employed,9.62,7,Urban,2,1
Chennai,25,7473,Postgraduate,Government,5.17,7,Rural,0,1
Delhi,61,144180,Primary,Self-Employed,5.54,2,Semi-Urban,2,0
Ahmedabad,51,33715,Secondary,Government,1.74,3,Urban,4,0
Kolkata,61,42317,Postgraduate,Unemployed,1.8,5,Urban,1,0
Pune,22,70516,Secondary,Government,7.84,5,Urban,1,1
Pune,22,59604,Secondary,Unemployed,8.63,3,Rural,3,0
Jaipur,48,9889,Graduate,Self-Employed,7.95,5,Semi-Urban,2,1
Chennai,62,78748,Graduate,Private,8.43,7,Urban,4,1
Delhi,26,36971,Secondary,Government,3.13,7,Urban,2,0
Pune,59,55551,Graduate,Government,4.93,7,Urban,3,1
Delhi,49,139273,Graduate,Private,4.86,3,Urban,3,1
Jaipur,50,113957,Secondary,Unemployed,9.96,2,Semi-Urban,2,1
Chennai,20,94882,Primary,Unemployed,9.52,7,Semi-Urban,2,0
Bangalore,47,42958,Graduate,Self-Employed,6.19,5,Urban,2,1
Lucknow,67,10681,Graduate,Government,1.81,2,Urban,0,0
Lucknow,29,106982,Primary,Unemployed,2.96,4,Urban,3,0
Pune,46,51870,Primary,Self-Employed,3.96,4,Rural,1,0
Lucknow,20,133396,Primary,Unemployed,8.8,4,Rural,0,1
Bangalore,43,72203,Secondary,Private,2.12,4,Rural,4,0
Delhi,47,55061,Primary,Private,2.59,5,Urban,1,0
Jaipur,26,63235,Secondary,Private,3.82,3,Rural,1,0
Bangalore,43,42890,Postgraduate,Self-Employed,9.31,5,Semi-Urban,1,1
Jaipur,19,95073,Postgraduate,Government,5.29,6,Rural,3,1
Jaipur,20,66401,Primary,Private,6.64,5,Urban,4,0
Chennai,63,16217,Primary,Private,4.18,2,Semi-Urban,0,0
Delhi,21,53351,Postgraduate,Unemployed,2.29,3,Urban,4,0
Ahmedabad,42,38741,Secondary,Private,2.62,7,Semi-Urban,0,0
Lucknow,68,6408,Secondary,Government,8.13,1,Rural,3,0
Ahmedabad,30,47903,Primary,Self-Employed,8.99,1,Rural,4,0
Chennai,56,112042,Primary,Private,5.18,7,Semi-Urban,1,0
Jaipur,61,137290,Primary,Self-Employed,3.89,3,Semi-Urban,4,0
Pune,52,127189,Postgraduate,Self-Employed,8.17,1,Urban,3,1
Lucknow,40,114268,Graduate,Government,6.89,3,Semi-Urban,3,1
Lucknow,26,35105,Primary,Unemployed,0.89,2,Urban,3,0
Delhi,19,74634,Secondary,Unemployed,3.83,2,Semi-Urban,0,0
Hyderabad,58,122426,Graduate,Self-Employed,6.98,5,Semi-Urban,4,1
Mumbai,61,143691,Secondary,Private,5.95,1,Rural,1,1
Mumbai,48,148011,Graduate,Self-Employed,9.79,7,Rural,1,1
Mumbai,61,23226,Postgraduate,Unemployed,8.73,3,Urban,2,1
Hyderabad,64,30322,Graduate,Private,1.07,2,Urban,3,0
Delhi,19,122504,Secondary,Unemployed,7.39,5,Urban,1,1
Hyderabad,49,63215,Graduate,Government,3.7,1,Semi-Urban,3,0
Mumbai,35,142632,Postgraduate,Unemployed,6.98,1,Semi-Urban,1,1
Chennai,30,99835,Secondary,Private,6.36,1,Urban,4,1
Bangalore,63,78079,Primary,Private,5.28,2,Semi-Urban,2,0
Jaipur,22,28946,Graduate,Self-Employed,8.6,2,Rural,3,1
Hyderabad,59,115733,Secondary,Private,7.23,1,Semi-Urban,0,1
Delhi,61,12253,Graduate,Government,8.95,2,Rural,0,1
Delhi,27,84311,Postgraduate,Unemployed,3.18,1,Urban,1,0
Ahmedabad,60,37813,Secondary,Self-Employed,3.81,4,Semi-Urban,4,0
Bangalore,42,53365,Primary,Self-Employed,6.41,2,Urban,3,0
Pune,51,72593,Primary,Private,9.68,3,Rural,2,1
Lucknow,54,43485,Graduate,Government,4.03,2,Urban,4,0
Mumbai,47,116504,Postgraduate,Self-Employed,0.81,1,Rural,1,0
Pune,24,21101,Postgraduate,Government,4.74,3,Rural,4,0
Ahmedabad,23,13831,Graduate,Government,5.67,5,Urban,2,1
Mumbai,20,56897,Secondary,Unemployed,8.11,3,Rural,4,0
Bangalore,30,10004,Secondary,Unemployed,7.42,3,Urban,3,0
Ahmedabad,20,50924,Graduate,Unemployed,9.66,2,Urban,1,1
Mumbai,43,42170,Secondary,Government,7.94,6,Urban,2,1
Bangalore,41,48555,Secondary,Unemployed,3.34,3,Rural,1,0
Kolkata,23,123115,Secondary,Self-Employed,6.59,3,Rural,3,1
Pune,60,109216,Graduate,Self-Employed,6.89,7,Semi-Urban,2,1
Pune,66,70930,Primary,Private,9.98,1,Urban,2,1
Lucknow,59,41365,Postgraduate,Government,1.82,2,Urban,1,1
Bangalore,29,67188,Primary,Unemployed,2.32,1,Urban,4,0
Hyderabad,66,103633,Secondary,Self-Employed,1.98,2,Urban,4,0
Kolkata,53,68471,Graduate,Government,6.1,5,Urban,0,1
Chennai,19,62287,Postgraduate,Government,1.79,6,Urban,0,1
Mumbai,28,137717,Secondary,Unemployed,6.73,3,Urban,2,1
Kolkata,56,64076,Postgraduate,Government,8.14,7,Semi-Urban,1,1
Bangalore,51,121475,Postgraduate,Unemployed,4.61,2,Semi-Urban,2,1
Jaipur,43,55151,Primary,Unemployed,5.83,3,Urban,1,0
Mumbai,35,72384,Secondary,Unemployed,9.17,3,Urban,3,1
Delhi,38,104865,Postgraduate,Government,5.91,4,Semi-Urban,0,1
Pune,53,38541,Primary,Government,2.48,1,Semi-Urban,2,0
Bangalore,57,77847,Graduate,Unemployed,3.76,6,Urban,3,0
Delhi,69,55955,Postgraduate,Government,5.53,7,Urban,4,1
Lucknow,63,145362,Secondary,Unemployed,1.97,2,Semi-Urban,0,0
Ahmedabad,61,92780,Graduate,Private,6.32,5,Semi-Urban,1,1
Chennai,39,104919,Postgraduate,Government,9.99,6,Urban,4,1
Chennai,47,117854,Postgraduate,Government,6.7,4,Semi-Urban,4,1
Delhi,67,66768,Secondary,Private,4.04,1,Urban,3,0
Pune,60,48262,Postgraduate,Private,3.65,5,Rural,2,0
Lucknow,47,141578,Secondary,Private,9.35,5,Urban,2,1
Jaipur,25,25605,Secondary,Unemployed,8.78,3,Urban,3,0
Pune,51,83590,Secondary,Unemployed,4.99,1,Urban,4,0
Kolkata,64,33231,Secondary,Self-Employed,3.86,4,Semi-Urban,0,0
Chennai,26,84397,Postgraduate,Private,7.25,2,Urban,4,1
Kolkata,68,82123,Graduate,Self-Employed,3.49,2,Urban,3,0
Mumbai,37,18515,Graduate,Unemployed,1.63,4,Semi-Urban,4,0
Hyderabad,57,92211,Primary,Government,3.45,3,Rural,4,0
Bangalore,42,21600,Secondary,Private,4.63,3,Rural,4,0
Lucknow,36,74310,Postgraduate,Government,2.93,5,Semi-Urban,4,1
Pune,22,140501,Postgraduate,Unemployed,2.56,1,Urban,0,1
Chennai,28,140678,Primary,Private,0.56,5,Rural,1,0
Kolkata,32,140550,Graduate,Self-Employed,6.49,7,Rural,1,1
Ahmedabad,25,119380,Postgraduate,Self-Employed,6.34,7,Semi-Urban,2,1
Mumbai,36,116780,Primary,Unemployed,2.29,2,Rural,1,0
Bangalore,40,71177,Graduate,Government,9.46,4,Rural,1,1
Bangalore,44,60746,Postgraduate,Unemployed,4.39,1,Semi-Urban,1,0
Pune,57,128075,Secondary,Government,0.74,4,Rural,4,0
Lucknow,49,90195,Primary,Unemployed,2.59,1,Urban,4,0
Jaipur,43,41818,Postgraduate,Self-Employed,7.07,6,Semi-Urban,0,1
Ahmedabad,44,26309,Primary,Government,2.42,2,Urban,4,0
Pune,36,33176,Primary,Unemployed,1.01,2,Urban,4,0
Kolkata,67,73879,Primary,Private,6.37,6,Semi-Urban,1,0
Hyderabad,59,72592,Secondary,Self-Employed,5.42,1,Rural,0,0
Delhi,46,89728,Graduate,Self-Employed,7.73,3,Semi-Urban,0,1
Jaipur,56,145488,Graduate,Private,7.84,1,Rural,1,1
Lucknow,58,13584,Postgraduate,Unemployed,9.62,2,Urban,1,1
Mumbai,50,129555,Secondary,Government,1.04,7,Rural,0,0
Jaipur,36,98302,Graduate,Self-Employed,0.87,4,Urban,3,0
Chennai,54,127408,Postgraduate,Unemployed,9.88,5,Urban,1,1
Lucknow,36,23830,Postgraduate,Private,6.63,4,Urban,1,1
Hyderabad,50,82066,Primary,Government,7.3,2,Semi-Urban,0,1
Chennai,64,8591,Secondary,Unemployed,1.42,4,Rural,3,0
Jaipur,33,98878,Graduate,Unemployed,1.16,3,Rural,3,0
Delhi,40,130407,Secondary,Self-Employed,2.02,3,Rural,2,0
Delhi,24,121869,Secondary,Self-Employed,4.56,7,Urban,3,1
Hyderabad,43,26395,Graduate,Government,1.55,1,Semi-Urban,1,0
Bangalore,49,21738,Graduate,Unemployed,4.74,4,Rural,4,0
Ahmedabad,29,138703,Secondary,Private,5.83,4,Rural,0,1
Mumbai,25,24056,Postgraduate,Private,0.5,2,Semi-Urban,1,0
Bangalore,22,126656,Secondary,Government,1.59,1,Rural,0,0
Delhi,59,120316,Graduate,Unemployed,4.06,1,Semi-Urban,3,0
Delhi,45,59418,Secondary,Self-Employed,1.01,4,Semi-Urban,0,0
Kolkata,22,42190,Graduate,Unemployed,1.77,5,Rural,1,0
Chennai,66,31014,Postgraduate,Self-Employed,2.7,4,Semi-Urban,4,0
Jaipur,43,130563,Secondary,Private,4.58,4,Semi-Urban,1,1
Mumbai,22,6780,Postgraduate,Government,7.29,4,Rural,2,1
Hyderabad,39,47192,Secondary,Government,1.76,3,Urban,0,0
Jaipur,32,109875,Secondary,Government,7.51,6,Rural,1,1
Kolkata,30,104129,Graduate,Self-Employed,8.62,1,Rural,3,1
Delhi,45,48923,Primary,Private,6.69,6,Urban,3,0
Hyderabad,50,94196,Graduate,Private,0.92,3,Semi-Urban,1,0
Delhi,60,7395,Secondary,Government,4.69,5,Rural,2,0
Mumbai,40,107449,Primary,Government,6.77,2,Urban,0,1
Chennai,50,126747,Primary,Self-Employed,9.8,7,Urban,2,1
Jaipur,60,76028,Postgraduate,Self-Employed,9.54,5,Rural,4,1
Jaipur,35,143183,Secondary,Unemployed,4.26,1,Rural,1,0
Bangalore,67,146056,Graduate,Self-Employed,6.35,2,Urban,2,1
Hyderabad,47,98176,Primary,Unemployed,8.96,6,Rural,4,0
Ahmedabad,43,31924,Primary,Government,8.39,5,Urban,2,1
Kolkata,33,37577,Graduate,Private,5.05,1,Rural,4,0
Ahmedabad,30,143783,Graduate,Self-Employed,2.98,7,Urban,3,1
Bangalore,56,90548,Primary,Private,1.8,7,Rural,3,0
Mumbai,50,130093,Graduate,Self-Employed,5.14,5,Rural,1,1
Kolkata,43,140168,Postgraduate,Self-Employed,7.37,2,Rural,2,1
Chennai,65,71555,Primary,Unemployed,9.71,2,Semi-Urban,3,0
Ahmedabad,18,94848,Postgraduate,Self-Employed,8.69,5,Rural,0,1
Chennai,66,13254,Secondary,Government,2.44,3,Urban,3,0
Ahmedabad,55,130410,Postgraduate,Private,7.34,5,Urban,3,1
Chennai,19,142037,Graduate,Self-Employed,3.25,6,Semi-Urban,2,1
Ahmedabad,66,108025,Primary,Private,6.99,5,Semi-Urban,4,0
Chennai,23,135509,Postgraduate,Private,6.83,5,Semi-Urban,0,1
Bangalore,63,37963,Graduate,Private,3.09,3,Rural,0,0
Lucknow,67,8273,Graduate,Self-Employed,2.73,4,Rural,4,0
Kolkata,55,20330,Postgraduate,Unemployed,1.49,2,Urban,2,0
Hyderabad,59,81422,Primary,Private,0.98,6,Urban,3,0
Mumbai,41,127089,Postgraduate,Private,8.66,1,Rural,4,1
Pune,35,8212,Secondary,Self-Employed,0.97,2,Urban,0,0
Delhi,44,92594,Postgraduate,Self-Employed,1.34,2,Rural,0,0
Hyderabad,58,137152,Postgraduate,Government,2.77,4,Semi-Urban,3,1
Delhi,25,37675,Primary,Government,8.93,2,Rural,3,0
Kolkata,45,27007,Postgraduate,Unemployed,3.66,2,Rural,1,0
Hyderabad,27,118805,Graduate,Unemployed,2.32,3,Rural,4,0
Chennai,34,87641,Primary,Unemployed,7.3,3,Urban,3,0
Chennai,46,100815,Graduate,Unemployed,3.53,3,Rural,1,0
Pune,23,51815,Primary,Private,3.67,3,Rural,2,0
Delhi,31,88482,Secondary,Self-Employed,7.52,3,Rural,0,1
Mumbai,39,5639,Secondary,Government,2.89,6,Semi-Urban,4,0
Kolkata,23,68593,Secondary,Private,9.02,1,Rural,2,1
Chennai,43,83038,Postgraduate,Self-Employed,5.83,4,Rural,4,1
Lucknow,56,98899,Secondary,Self-Employed,5.61,5,Rural,4,0
Bangalore,29,8736,Primary,Private,3.02,7,Urban,3,0
Bangalore,52,21473,Secondary,Private,8.43,6,Semi-Urban,1,1
Ahmedabad,31,133771,Primary,Government,5.94,3,Semi-Urban,4,1
Mumbai,39,130801,Graduate,Unemployed,1.98,4,Rural,2,0
Bangalore,68,112598,Postgraduate,Unemployed,2.46,5,Rural,4,0
Ahmedabad,40,91623,Graduate,Government,4.95,2,Urban,1,1
Delhi,65,41820,Graduate,Government,7.91,6,Rural,0,1
Chennai,24,62589,Secondary,Unemployed,9.42,2,Urban,4,0
Chennai,57,23414,Secondary,Private,6.8,4,Rural,2,0
Lucknow,67,132378,Secondary,Unemployed,5.31,1,Urban,0,1
Hyderabad,42,29220,Graduate,Self-Employed,2.88,1,Semi-Urban,0,0
Bangalore,30,65531,Postgraduate,Self-Employed,6.89,4,Rural,3,1
Delhi,38,115002,Postgraduate,Government,9.83,7,Urban,3,1
Jaipur,58,14387,Graduate,Unemployed,5.02,7,Urban,4,0
Bangalore,27,81815,Postgraduate,Unemployed,2.04,1,Rural,2,0
Mumbai,26,32584,Graduate,Self-Employed,1.48,7,Urban,3,0
Hyderabad,32,49783,Graduate,Unemployed,3.06,1,Rural,1,0
Bangalore,69,129494,Postgraduate,Government,5.91,2,Rural,1,1
Delhi,19,120814,Primary,Government,9.49,7,Urban,0,1
Bangalore,42,135752,Primary,Self-Employed,3.34,1,Urban,0,0
Mumbai,30,146929,Secondary,Unemployed,3.4,1,Urban,0,0
Jaipur,51,78588,Postgraduate,Unemployed,5.07,4,Semi-Urban,1,1
Kolkata,68,18580,Secondary,Self-Employed,9.23,1,Rural,3,0
Pune,51,23240,Graduate,Private,4.48,7,Rural,3,0
Jaipur,52,88446,Primary,Private,2.62,7,Semi-Urban,4,0
Ahmedabad,55,109533,Postgraduate,Unemployed,2.05,6,Semi-Urban,2,0
Bangalore,20,85974,Postgraduate,Government,4.84,3,Urban,1,1
Chennai,59,78401,Postgraduate,Private,8.11,3,Rural,0,1
Lucknow,23,148283,Primary,Unemployed,3.27,4,Semi-Urban,2,0
Chennai,65,8646,Secondary,Private,5.37,3,Semi-Urban,0,0
Jaipur,66,47816,Primary,Self-Employed,6.23,2,Rural,2,0
Chennai,36,94460,Secondary,Private,4.78,6,Rural,2,0
Delhi,20,49112,Graduate,Private,2.32,6,Rural,3,0
Chennai,35,56048,Graduate,Self-Employed,9.26,4,Urban,4,1
Hyderabad,56,137850,Secondary,Government,5.87,7,Semi-Urban,4,1
Kolkata,26,50752,Graduate,Unemployed,7.43,1,Urban,0,1
Bangalore,69,75726,Graduate,Government,6.54,3,Rural,1,1
Chennai,29,49788,Postgraduate,Government,9.98,2,Rural,4,1
Mumbai,22,9747,Postgraduate,Private,4.83,7,Semi-Urban,1,1
Kolkata,20,5045,Primary,Unemployed,4.54,4,Urban,0,0
Kolkata,28,12758,Primary,Private,3.92,7,Urban,1,0
Chennai,47,130076,Primary,Self-Employed,3.94,4,Urban,2,0
Kolkata,21,145926,Postgraduate,Government,3.12,1,Rural,2,1
Lucknow,22,61950,Primary,Government,9.82,5,Semi-Urban,0,1
Chennai,18,24455,Primary,Self-Employed,8.77,3,Urban,1,1
Delhi,44,93552,Postgraduate,Unemployed,3.51,2,Rural,1,0
Jaipur,45,51116,Secondary,Government,3.4,4,Rural,0,0
Hyderabad,46,125461,Postgraduate,Government,1.48,7,Urban,4,1
Pune,35,45484,Secondary,Unemployed,8.83,3,Semi-Urban,3,0
Ahmedabad,29,86638,Postgraduate,Private,4.03,7,Semi-Urban,4,1
Kolkata,30,139476,Primary,Self-Employed,5.94,2,Urban,3,1
Delhi,58,105647,Graduate,Unemployed,9.05,6,Rural,1,1
Bangalore,19,70642,Graduate,Self-Employed,4.38,6,Rural,3,0
Bangalore,54,51009,Secondary,Self-Employed,8.17,2,Urban,3,1
Ahmedabad,62,133824,Secondary,Government,4.59,6,Rural,1,1
Hyderabad,33,34605,Secondary,Unemployed,7.16,4,Rural,2,0
Kolkata,65,115879,Graduate,Self-Employed,4.6,3,Urban,3,1
Lucknow,41,125827,Secondary,Private,4.23,2,Rural,0,1
Ahmedabad,52,10580,Postgraduate,Self-Employed,9.91,4,Urban,4,1
Hyderabad,39,119902,Postgraduate,Government,6.32,3,Urban,1,1
Kolkata,53,10400,Graduate,Private,3.99,3,Urban,1,0
Delhi,28,101032,Postgraduate,Private,2.95,4,Rural,3,0
Jaipur,63,132319,Secondary,Unemployed,0.88,3,Urban,2,0
Lucknow,46,111960,Graduate,Private,7.21,5,Rural,2,1
Pune,52,44015,Secondary,Unemployed,4.04,2,Urban,4,0
Bangalore,65,76713,Postgraduate,Unemployed,8.3,2,Semi-Urban,4,1
Mumbai,32,93754,Secondary,Private,3.96,3,Rural,2,0
Delhi,48,48148,Graduate,Unemployed,4.05,4,Rural,2,0
Bangalore,59,127790,Secondary,Unemployed,7.9,1,Rural,2,0
Chennai,58,91078,Postgraduate,Private,5.15,6,Semi-Urban,3,1
Mumbai,60,61879,Primary,Government,8.91,3,Urban,0,1
Bangalore,33,124894,Graduate,Self-Employed,6.11,1,Semi-Urban,4,1
Hyderabad,27,70839,Secondary,Unemployed,2.79,3,Urban,1,0
Lucknow,66,34756,Graduate,Unemployed,5.9,1,Urban,2,0
Bangalore,49,148755,Secondary,Private,0.54,3,Urban,2,0
Pune,68,147097,Primary,Self-Employed,3.47,4,Urban,0,1
Jaipur,19,97943,Postgraduate,Self-Employed,2.48,6,Urban,2,1
Hyderabad,41,41744,Secondary,Unemployed,6.71,7,Semi-Urban,4,0
Delhi,40,129697,Secondary,Private,1.79,7,Rural,2,0
Delhi,19,121072,Primary,Government,3.26,1,Semi-Urban,0,0
Delhi,55,138196,Graduate,Self-Employed,3.65,5,Rural,3,0
Delhi,48,12176,Postgraduate,Government,0.53,4,Rural,4,0
Jaipur,68,96310,Secondary,Private,0.94,6,Rural,3,0
Bangalore,57,50177,Secondary,Government,3.46,3,Semi-Urban,1,0
Kolkata,43,115623,Postgraduate,Private,2.61,1,Urban,0,1
Bangalore,46,5997,Primary,Unemployed,1.61,6,Urban,1,0
Chennai,20,125179,Graduate,Government,1.96,2,Rural,1,1
Lucknow,31,125403,Postgraduate,Unemployed,8.44,4,Urban,1,1
Mumbai,42,147303,Graduate,Unemployed,6.99,1,Urban,1,1
Kolkata,65,100287,Primary,Private,5.1,4,Semi-Urban,0,0
Kolkata,18,124574,Primary,Government,9.13,1,Urban,3,1
Bangalore,20,126509,Postgraduate,Self-Employed,0.78,7,Urban,2,1
Kolkata,43,90447,Secondary,Government,3.78,2,Semi-Urban,1,1
Ahmedabad,35,114522,Primary,Self-Employed,8.32,5,Urban,2,1
Ahmedabad,26,86144,Primary,Unemployed,6.47,2,Rural,2,0
Chennai,55,97693,Postgraduate,Unemployed,9.83,3,Semi-Urban,1,1
Mumbai,40,99315,Postgraduate,Private,9.47,4,Urban,4,1
Pune,38,32387,Postgraduate,Self-Employed,2.11,5,Urban,2,0
Jaipur,18,9090,Primary,Government,9.73,4,Semi-Urban,4,0
Bangalore,38,125846,Graduate,Private,9.48,6,Rural,3,1
Jaipur,44,45239,Primary,Private,4.05,1,Semi-Urban,2,0
Pune,59,8743,Postgraduate,Private,9.84,3,Rural,0,1
Bangalore,23,35924,Secondary,Government,0.84,3,Semi-Urban,3,0
Bangalore,61,146268,Secondary,Private,6.78,4,Urban,3,1
Mumbai,53,135160,Postgraduate,Government,3.03,7,Semi-Urban,4,1
Jaipur,45,96815,Secondary,Private,1.73,3,Semi-Urban,1,0
Ahmedabad,62,110312,Primary,Self-Employed,5.99,4,Rural,0,0
Delhi,34,73860,Graduate,Unemployed,3.41,1,Semi-Urban,0,0
Jaipur,57,85399,Primary,Self-Employed,6.83,1,Rural,4,0
Lucknow,69,53795,Postgraduate,Self-Employed,5.63,4,Semi-Urban,4,1
Lucknow,20,56553,Primary,Private,4.23,2,Urban,3,0
Bangalore,29,108976,Secondary,Self-Employed,2.23,2,Semi-Urban,4,0
Delhi,56,118566,Primary,Self-Employed,6.21,1,Urban,1,1
Hyderabad,29,124968,Graduate,Self-Employed,8.38,5,Rural,3,1
Pune,19,66600,Secondary,Private,6.2,2,Rural,3,0
Chennai,63,55022,Graduate,Government,6.3,4,Rural,3,1
Delhi,39,139271,Graduate,Unemployed,5.36,1,Rural,0,1
Chennai,40,55897,Graduate,Unemployed,4.19,3,Semi-Urban,0,0
Jaipur,47,43038,Primary,Government,4.85,3,Semi-Urban,3,0
Jaipur,22,128323,Primary,Government,9.9,7,Semi-Urban,1,1
Chennai,26,125278,Primary,Self-Employed,7.62,2,Urban,2,1
Pune,38,116054,Primary,Unemployed,4.59,5,Semi-Urban,3,0
Delhi,28,12897,Secondary,Government,4.84,6,Urban,4,0
Hyderabad,22,69541,Primary,Self-Employed,5.25,2,Urban,2,0
Bangalore,52,111968,Secondary,Unemployed,6.76,5,Semi-Urban,0,1
Mumbai,44,19892,Graduate,Private,4.93,2,Urban,0,1
Jaipur,66,144343,Secondary,Private,7.02,3,Rural,2,1
Lucknow,19,29815,Postgraduate,Unemployed,3.63,5,Semi-Urban,4,0
Pune,41,50612,Primary,Unemployed,4.4,3,Semi-Urban,0,0
Mumbai,48,21267,Postgraduate,Private,8.71,7,Urban,0,1
Hyderabad,50,23268,Secondary,Private,3.62,4,Semi-Urban,3,0
Kolkata,56,119463,Primary,Unemployed,9.66,4,Semi-Urban,1,1
Bangalore,47,100347,Postgraduate,Self-Employed,2.14,1,Urban,4,1
Jaipur,63,99542,Primary,Government,2.8,3,Semi-Urban,3,0
Bangalore,54,71612,Secondary,Government,4.9,3,Semi-Urban,1,1
Mumbai,68,143307,Postgraduate,Unemployed,8.08,7,Semi-Urban,0,1
Bangalore,45,93757,Secondary,Government,7.45,1,Urban,1,1
Kolkata,48,103075,Postgraduate,Private,2.16,4,Semi-Urban,0,1
Mumbai,28,39609,Graduate,Private,2.75,4,Semi-Urban,3,0
Jaipur,40,107785,Graduate,Government,5.96,5,Semi-Urban,0,1
Delhi,19,28645,Graduate,Unemployed,3.3,5,Rural,1,0
Lucknow,57,67233,Graduate,Private,4.51,6,Semi-Urban,3,0
Mumbai,58,116443,Graduate,Self-Employed,5.12,7,Urban,1,1
Ahmedabad,44,12771,Secondary,Self-Employed,6.15,4,Rural,1,0
Kolkata,52,107601,Graduate,Private,2.88,6,Urban,2,1
Mumbai,19,138014,Secondary,Private,2.05,2,Semi-Urban,0,0
Mumbai,56,130224,Graduate,Government,4.29,3,Semi-Urban,0,1
Ahmedabad,54,88251,Primary,Unemployed,1.28,5,Semi-Urban,1,0
Jaipur,38,62042,Graduate,Government,5.5,2,Rural,0,1
Mumbai,22,58740,Primary,Unemployed,8.48,5,Semi-Urban,4,0
Lucknow,69,52024,Secondary,Self-Employed,1.63,1,Urban,0,0
Bangalore,62,61965,Graduate,Self-Employed,1.57,3,Rural,3,0
Jaipur,38,15057,Postgraduate,Unemployed,1.26,6,Urban,0,0
Lucknow,46,13983,Secondary,Government,8.55,6,Urban,4,1
Jaipur,37,135469,Graduate,Private,1.27,5,Urban,1,1
Lucknow,55,24995,Secondary,Unemployed,9.84,4,Urban,0,1
Kolkata,37,119587,Postgraduate,Government,3.9,7,Urban,3,1
Lucknow,67,43886,Graduate,Self-Employed,3.62,6,Semi-Urban,4,0
Chennai,42,94025,Postgraduate,Private,1.37,1,Urban,2,1
Lucknow,19,100149,Graduate,Self-Employed,6.06,1,Urban,1,1
Delhi,49,99020,Primary,Unemployed,6.07,4,Semi-Urban,1,0
Delhi,43,7673,Secondary,Self-Employed,5.19,1,Rural,1,0
Pune,23,82513,Postgraduate,Self-Employed,3.45,7,Semi-Urban,4,0
Chennai,58,28466,Secondary,Unemployed,4.0,3,Rural,0,0
Chennai,20,97545,Postgraduate,Private,3.54,5,Urban,0,1
Bangalore,50,55406,Secondary,Unemployed,4.55,1,Semi-Urban,0,0
Chennai,18,139760,Secondary,Government,3.75,3,Rural,0,1
Bangalore,68,74284,Secondary,Unemployed,6.92,4,Rural,1,0
Pune,22,119579,Primary,Unemployed,3.31,5,Semi-Urban,2,0
Pune,30,18665,Graduate,Private,3.83,4,Semi-Urban,1,0
Kolkata,36,25641,Primary,Government,4.64,5,Semi-Urban,2,0
Delhi,29,40797,Secondary,Self-Employed,0.54,7,Semi-Urban,2,0
Lucknow,65,50950,Postgraduate,Self-Employed,5.17,1,Semi-Urban,0,1
Lucknow,42,134554,Secondary,Self-Employed,2.93,1,Urban,3,0
Ahmedabad,68,107339,Graduate,Self-Employed,1.03,5,Urban,4,0
Ahmedabad,52,118431,Primary,Private,9.15,3,Semi-Urban,3,1
Hyderabad,29,145710,Graduate,Government,3.56,3,Semi-Urban,2,1
Jaipur,47,26173,Postgraduate,Private,4.55,3,Urban,3,1
Kolkata,22,149294,Graduate,Unemployed,8.36,2,Rural,2,1
Hyderabad,51,23095,Primary,Government,2.08,6,Urban,1,0
Hyderabad,39,128554,Postgraduate,Government,8.58,6,Semi-Urban,1,1
Mumbai,56,137511,Graduate,Self-Employed,2.8,6,Rural,0,1
Mumbai,30,130614,Primary,Self-Employed,6.1,3,Semi-Urban,4,0
Hyderabad,64,141447,Primary,Self-Employed,7.01,1,Rural,1,1
Chennai,20,94023,Secondary,Self-Employed,9.1,7,Semi-Urban,4,1
Jaipur,37,112181,Graduate,Unemployed,6.27,2,Urban,0,1
Kolkata,48,25600,Postgraduate,Self-Employed,4.81,3,Semi-Urban,4,0
Hyderabad,22,7466,Secondary,Private,5.94,1,Urban,1,0
Lucknow,41,114934,Graduate,Government,2.42,2,Rural,1,1
Jaipur,57,58276,Graduate,Unemployed,7.05,1,Urban,3,0
Mumbai,50,11928,Postgraduate,Unemployed,2.28,5,Rural,3,0
Lucknow,25,60309,Secondary,Government,5.79,1,Semi-Urban,3,0
Mumbai,41,121196,Secondary,Government,6.65,2,Urban,4,1
Mumbai,67,14404,Postgraduate,Government,9.04,3,Rural,1,1
Jaipur,37,118187,Secondary,Unemployed,4.78,6,Rural,0,0
Mumbai,33,115449,Primary,Private,7.87,2,Rural,2,1
Pune,67,32684,Postgraduate,Private,2.09,3,Rural,1,0
Delhi,69,73591,Graduate,Government,1.98,3,Semi-Urban,3,0
Pune,29,124821,Postgraduate,Unemployed,5.49,7,Semi-Urban,3,1
Delhi,30,7682,Primary,Self-Employed,6.17,4,Semi-Urban,4,0
Ahmedabad,62,116186,Postgraduate,Unemployed,6.51,7,Rural,3,1
Ahmedabad,59,26832,Graduate,Government,7.58,5,Semi-Urban,4,1
Mumbai,56,21997,Graduate,Unemployed,3.3,4,Rural,0,0
Kolkata,42,39640,Postgraduate,Unemployed,6.41,6,Rural,3,0
Kolkata,63,45491,Postgraduate,Unemployed,2.29,2,Rural,4,0
Delhi,49,68043,Primary,Self-Employed,2.58,4,Urban,3,0
Lucknow,41,117175,Primary,Government,1.14,6,Semi-Urban,4,0
Jaipur,65,133568,Graduate,Government,7.6,3,Semi-Urban,1,1
Mumbai,64,119250,Secondary,Government,5.32,2,Urban,4,1
Jaipur,61,77725,Secondary,Private,2.76,4,Urban,2,0
Pune,26,133131,Secondary,Private,5.78,1,Urban,0,1
Kolkata,57,50520,Secondary,Government,3.87,6,Urban,1,0
Chennai,67,67919,Graduate,Unemployed,8.45,6,Rural,0,1
Pune,40,114869,Secondary,Unemployed,5.52,5,Semi-Urban,1,0
Pune,67,69442,Secondary,Government,0.78,1,Semi-Urban,3,0
Delhi,30,110246,Postgraduate,Self-Employed,9.86,2,Semi-Urban,4,1
Bangalore,49,114687,Secondary,Self-Employed,1.21,4,Rural,3,0
Pune,67,128447,Postgraduate,Unemployed,7.11,3,Semi-Urban,0,1
Mumbai,32,66477,Graduate,Unemployed,4.65,4,Urban,0,0
Hyderabad,53,5244,Postgraduate,Private,2.87,7,Semi-Urban,1,0
Hyderabad,66,84453,Primary,Self-Employed,6.93,2,Semi-Urban,0,1
Mumbai,22,132962,Postgraduate,Unemployed,1.7,2,Rural,4,0
Bangalore,39,76303,Secondary,Unemployed,8.65,2,Urban,0,1
Bangalore,33,33390,Postgraduate,Government,2.88,2,Urban,3,1
Delhi,58,15247,Postgraduate,Private,3.93,7,Urban,4,0
Kolkata,27,34583,Graduate,Self-Employed,6.51,6,Semi-Urban,0,1
Jaipur,41,144148,Graduate,Self-Employed,0.51,4,Urban,2,0
Bangalore,35,140386,Secondary,Private,4.99,1,Urban,2,1
Chennai,66,33670,Primary,Unemployed,9.0,3,Semi-Urban,3,0
Delhi,35,129920,Primary,Self-Employed,6.96,3,Rural,1,1
Ahmedabad,24,15236,Postgraduate,Self-Employed,4.19,5,Semi-Urban,1,1
Lucknow,21,40568,Primary,Self-Employed,6.77,6,Rural,0,0
Ahmedabad,43,112327,Graduate,Government,9.4,2,Rural,4,1
Delhi,22,115188,Secondary,Private,2.28,2,Urban,1,0
Pune,33,21352,Secondary,Self-Employed,5.55,2,Urban,2,0
Jaipur,52,130721,Graduate,Private,2.73,6,Semi-Urban,1,1
Lucknow,43,146418,Secondary,Unemployed,8.62,1,Rural,2,1
Ahmedabad,35,60904,Postgraduate,Private,7.35,2,Semi-Urban,1,1
Lucknow,46,127141,Secondary,Government,8.11,5,Urban,3,1
Chennai,40,21108,Primary,Government,9.46,5,Rural,4,0
Chennai,31,7853,Secondary,Private,2.71,1,Urban,0,0
Chennai,32,89156,Secondary,Government,0.96,6,Urban,2,0
Delhi,66,9176,Graduate,Self-Employed,3.26,2,Urban,1,0
Jaipur,50,105459,Graduate,Government,4.29,7,Rural,0,1
Delhi,42,142901,Primary,Unemployed,6.44,4,Rural,2,0
Hyderabad,38,128225,Graduate,Private,8.08,4,Urban,2,1
Pune,34,123458,Primary,Private,3.82,3,Rural,3,0
Pune,40,115893,Postgraduate,Unemployed,5.0,1,Urban,1,1
Chennai,60,78927,Primary,Unemployed,7.96,4,Urban,0,0
Hyderabad,34,123178,Secondary,Unemployed,2.64,3,Urban,1,0
Bangalore,31,45667,Primary,Unemployed,2.56,5,Rural,1,0
Bangalore,46,11611,Postgraduate,Self-Employed,6.1,3,Semi-Urban,4,0
Chennai,37,93242,Secondary,Government,4.64,2,Semi-Urban,2,1
Ahmedabad,47,89612,Primary,Government,9.51,2,Rural,2,1
Delhi,36,51902,Graduate,Self-Employed,3.89,5,Rural,4,0
Chennai,56,38043,Graduate,Unemployed,7.72,1,Urban,4,0
Kolkata,30,141343,Graduate,Private,6.04,6,Urban,1,1
Lucknow,35,77867,Primary,Private,1.02,2,Semi-Urban,2,0
Pune,40,82089,Primary,Private,1.3,2,Urban,0,0
Bangalore,63,63745,Postgraduate,Unemployed,2.43,3,Semi-Urban,3,0
Mumbai,50,147645,Secondary,Self-Employed,1.86,3,Semi-Urban,4,0
Bangalore,56,90970,Secondary,Self-Employed,3.63,3,Rural,0,0
Pune,57,29464,Secondary,Self-Employed,6.0,4,Rural,0,0
Lucknow,35,123523,Secondary,Government,6.22,7,Rural,1,1
Pune,26,25662,Primary,Government,6.08,5,Semi-Urban,4,0
Mumbai,50,23228,Primary,Government,1.62,1,Rural,0,0
Chennai,49,65721,Postgraduate,Government,6.2,3,Semi-Urban,3,1
Hyderabad,34,143458,Secondary,Private,4.39,1,Rural,0,1
Mumbai,36,11862,Primary,Private,9.08,7,Semi-Urban,3,0
Pune,44,45108,Primary,Self-Employed,9.16,3,Urban,3,1
Pune,23,96788,Primary,Government,7.8,2,Urban,3,1
Kolkata,52,85140,Primary,Self-Employed,7.18,7,Semi-Urban,4,0
Kolkata,54,73578,Secondary,Unemployed,1.59,1,Semi-Urban,3,0
Jaipur,51,54966,Secondary,Government,1.3,4,Urban,4,0
Kolkata,37,15386,Primary,Government,8.49,3,Semi-Urban,0,1
Delhi,42,82228,Graduate,Self-Employed,4.56,6,Semi-Urban,3,0
Hyderabad,21,77197,Postgraduate,Self-Employed,4.79,5,Urban,2,1
Lucknow,27,48021,Secondary,Unemployed,8.55,2,Semi-Urban,0,0
Mumbai,27,123915,Secondary,Self-Employed,6.4,7,Rural,2,1
Pune,41,122174,Graduate,Government,2.2,7,Urban,2,1
Jaipur,38,91755,Secondary,Private,2.5,3,Rural,1,0
Jaipur,28,148009,Graduate,Unemployed,0.56,7,Semi-Urban,4,0
Lucknow,44,71330,Graduate,Unemployed,7.25,1,Semi-Urban,1,1
Hyderabad,33,77322,Primary,Government,5.11,3,Rural,4,0
Mumbai,43,107318,Secondary,Private,9.52,2,Semi-Urban,1,1
Bangalore,47,50313,Postgraduate,Self-Employed,7.28,5,Semi-Urban,0,1
Kolkata,66,32032,Graduate,Self-Employed,1.48,5,Rural,2,0
Chennai,33,66710,Postgraduate,Private,2.03,5,Semi-Urban,0,1
Jaipur,24,100326,Primary,Private,5.27,6,Urban,4,0
Kolkata,33,91157,Secondary,Government,9.29,2,Rural,2,1
Kolkata,52,33365,Primary,Self-Employed,2.85,6,Rural,2,0
Delhi,33,18189,Primary,Government,8.34,6,Rural,4,0
Hyderabad,57,12248,Postgraduate,Self-Employed,3.47,7,Rural,0,0
Chennai,29,9369,Postgraduate,Self-Employed,3.06,3,Urban,2,0
Bangalore,52,144122,Graduate,Private,9.06,2,Rural,0,1
Pune,66,33605,Secondary,Government,0.95,2,Rural,0,0
Delhi,38,54616,Primary,Private,6.78,7,Semi-Urban,0,0
Kolkata,67,108719,Graduate,Government,0.91,3,Rural,2,0
Kolkata,60,38055,Graduate,Self-Employed,8.11,4,Semi-Urban,3,1
Ahmedabad,53,121680,Primary,Unemployed,8.38,6,Rural,1,0
Chennai,65,12450,Primary,Unemployed,8.99,5,Rural,4,0
Chennai,34,138997,Graduate,Government,2.27,1,Urban,0,1
Ahmedabad,49,55272,Primary,Government,1.68,6,Semi-Urban,2,0
Chennai,58,10310,Primary,Private,5.28,1,Urban,4,0
Kolkata,23,36817,Postgraduate,Self-Employed,3.08,3,Semi-Urban,3,0
Jaipur,41,87641,Secondary,Unemployed,6.26,1,Rural,3,0
Mumbai,44,20457,Graduate,Private,5.38,4,Urban,2,0
Kolkata,37,47311,Primary,Government,1.88,2,Semi-Urban,0,0
Delhi,42,140052,Graduate,Self-Employed,7.52,5,Semi-Urban,3,1
Hyderabad,19,128573,Secondary,Private,8.14,1,Urban,3,1
Ahmedabad,26,102427,Graduate,Private,9.65,1,Semi-Urban,3,1
Bangalore,45,41181,Graduate,Government,4.26,3,Rural,2,0
Pune,55,137019,Graduate,Self-Employed,3.71,3,Semi-Urban,4,1
Bangalore,20,136094,Postgraduate,Unemployed,2.33,7,Rural,1,0
Kolkata,37,6128,Secondary,Private,2.22,2,Semi-Urban,2,0
Delhi,23,84522,Secondary,Government,3.55,5,Urban,0,1
Kolkata,56,53929,Graduate,Private,9.83,7,Rural,2,1
Hyderabad,50,86696,Graduate,Government,1.38,7,Semi-Urban,2,0
Jaipur,18,120245,Secondary,Government,2.96,1,Rural,1,0
Pune,54,14808,Primary,Government,1.32,2,Urban,1,0
Hyderabad,23,100148,Postgraduate,Self-Employed,3.1,5,Semi-Urban,1,1
Ahmedabad,62,26725,Secondary,Unemployed,1.38,2,Semi-Urban,4,0
Ahmedabad,51,77534,Graduate,Self-Employed,5.33,1,Rural,2,0
Kolkata,64,44950,Primary,Unemployed,4.66,3,Urban,0,0
Delhi,32,88576,Primary,Government,2.15,3,Urban,1,0
Hyderabad,62,25557,Primary,Unemployed,2.16,3,Semi-Urban,1,0
Lucknow,43,26825,Postgraduate,Self-Employed,6.45,4,Rural,2,1
Delhi,31,13998,Postgraduate,Private,4.18,2,Semi-Urban,0,1
Jaipur,24,41080,Secondary,Self-Employed,1.03,1,Semi-Urban,1,0
Ahmedabad,63,147239,Secondary,Self-Employed,9.24,2,Rural,2,1
Kolkata,48,47407,Secondary,Self-Employed,4.35,3,Urban,3,0
Chennai,41,125283,Secondary,Self-Employed,6.11,6,Semi-Urban,4,1
Ahmedabad,48,18338,Graduate,Self-Employed,8.91,6,Semi-Urban,2,1
Pune,46,81289,Postgraduate,Unemployed,4.32,2,Rural,1,0
Mumbai,59,136029,Primary,Unemployed,8.3,5,Rural,0,0
Chennai,49,114367,Graduate,Private,9.19,6,Semi-Urban,3,1
Kolkata,34,70898,Secondary,Self-Employed,2.15,6,Urban,0,0
Lucknow,31,139526,Secondary,Self-Employed,8.98,2,Rural,0,1
Chennai,57,122486,Graduate,Private,1.64,7,Semi-Urban,0,1
Pune,53,91540,Primary,Private,3.11,4,Urban,2,0
Delhi,65,141421,Postgraduate,Government,8.18,4,Rural,2,1
Lucknow,41,130416,Postgraduate,Private,9.06,3,Rural,4,1
Ahmedabad,62,44963,Primary,Private,7.0,1,Semi-Urban,3,0
Lucknow,44,143822,Postgraduate,Private,1.5,7,Rural,0,1
Hyderabad,42,99929,Secondary,Government,5.47,5,Semi-Urban,1,1
Pune,49,79935,Secondary,Unemployed,5.94,7,Rural,0,0
Chennai,69,18686,Secondary,Government,3.18,1,Urban,3,0
Hyderabad,35,68528,Secondary,Unemployed,9.92,1,Urban,0,1
Lucknow,63,104811,Primary,Private,3.69,5,Rural,2,0
Hyderabad,35,27787,Postgraduate,Government,2.5,4,Semi-Urban,2,0
Bangalore,54,120613,Postgraduate,Government,1.55,7,Rural,3,1
Pune,43,109887,Graduate,Unemployed,4.1,6,Semi-Urban,4,0
Jaipur,26,66086,Primary,Government,7.08,3,Rural,0,1
Delhi,52,107231,Postgraduate,Government,2.7,2,Urban,3,1
Lucknow,25,68308,Postgraduate,Self-Employed,7.81,4,Semi-Urban,1,1
Pune,37,20797,Graduate,Unemployed,1.79,3,Urban,1,0
Jaipur,59,10302,Secondary,Government,4.68,6,Urban,4,0
Jaipur,39,43059,Postgraduate,Government,7.17,4,Urban,2,1
Kolkata,36,136980,Secondary,Private,1.79,7,Rural,3,0
Hyderabad,47,148949,Graduate,Self-Employed,6.18,5,Semi-Urban,0,1
Jaipur,45,19239,Postgraduate,Self-Employed,8.09,1,Urban,3,1
Bangalore,52,32313,Secondary,Private,6.16,5,Semi-Urban,4,0
Pune,60,47103,Primary,Private,5.36,6,Semi-Urban,3,0
Mumbai,28,93771,Secondary,Private,8.46,2,Urban,4,1
Mumbai,48,131228,Secondary,Private,9.86,5,Rural,4,1
Lucknow,66,96665,Secondary,Self-Employed,2.22,6,Urban,4,0
Ahmedabad,65,15534,Secondary,Government,7.07,1,Urban,3,1
Hyderabad,56,48060,Primary,Government,1.27,4,Semi-Urban,1,0
Ahmedabad,53,22189,Graduate,Private,0.91,3,Rural,0,0
Jaipur,47,133431,Secondary,Unemployed,3.17,6,Semi-Urban,4,0
Pune,40,91067,Secondary,Private,9.72,6,Rural,2,1
Lucknow,36,15967,Postgraduate,Government,5.75,7,Urban,4,1
Chennai,29,70563,Postgraduate,Unemployed,3.05,2,Rural,3,0
Jaipur,32,13660,Primary,Private,1.76,4,Semi-Urban,4,0
Hyderabad,48,123671,Primary,Unemployed,9.24,6,Urban,2,1
Mumbai,60,134909,Primary,Private,3.94,6,Rural,1,0
Kolkata,54,145688,Postgraduate,Self-Employed,3.41,3,Rural,3,1
Pune,54,80976,Secondary,Government,8.65,1,Semi-Urban,3,1
Delhi,32,18107,Postgraduate,Private,6.24,5,Rural,3,0
Ahmedabad,46,99182,Graduate,Unemployed,2.1,7,Urban,2,0
Lucknow,67,96787,Primary,Government,4.5,4,Rural,3,0
Ahmedabad,60,20954,Primary,Private,9.32,3,Semi-Urban,1,0
Pune,43,21943,Primary,Private,9.06,3,Rural,0,0
Ahmedabad,61,45725,Graduate,Private,1.17,5,Urban,0,0
Pune,19,50434,Secondary,Private,3.05,4,Urban,4,0
Ahmedabad,37,90751,Secondary,Self-Employed,1.97,4,Rural,0,0
Bangalore,32,15110,Secondary,Government,5.57,7,Rural,2,0
Chennai,69,21462,Primary,Self-Employed,7.62,1,Urban,0,0
Jaipur,21,84232,Secondary,Government,3.31,4,Semi-Urban,2,0
Jaipur,39,71567,Postgraduate,Private,7.7,7,Urban,2,1
Hyderabad,67,132425,Primary,Government,6.85,6,Rural,4,1
Delhi,55,61063,Graduate,Unemployed,7.42,5,Rural,0,0
Delhi,40,118394,Graduate,Government,9.51,4,Semi-Urban,4,1
Hyderabad,43,60240,Secondary,Unemployed,4.53,1,Urban,3,0
Kolkata,68,86352,Primary,Unemployed,3.75,3,Urban,1,0
Jaipur,28,85989,Postgraduate,Self-Employed,7.0,6,Semi-Urban,0,1
Kolkata,45,27222,Postgraduate,Government,8.17,4,Urban,3,1
Pune,19,84794,Primary,Private,2.32,5,Semi-Urban,3,0
Pune,25,68924,Secondary,Government,8.54,4,Urban,4,1
Mumbai,46,104854,Graduate,Self-Employed,1.05,7,Semi-Urban,4,0
Ahmedabad,28,83513,Graduate,Unemployed,0.56,2,Semi-Urban,1,0
Delhi,54,59649,Postgraduate,Unemployed,2.01,1,Semi-Urban,1,0
Mumbai,35,107986,Postgraduate,Self-Employed,9.8,3,Rural,1,1
Chennai,67,88749,Postgraduate,Self-Employed,5.47,2,Rural,1,1
Hyderabad,31,146295,Graduate,Government,0.94,5,Rural,4,0
Hyderabad,27,44369,Postgraduate,Unemployed,9.97,4,Urban,2,1
Pune,52,91379,Graduate,Self-Employed,7.58,1,Semi-Urban,4,1
Jaipur,26,74392,Graduate,Government,8.46,6,Urban,2,1
Kolkata,52,17661,Secondary,Government,2.52,7,Urban,4,0
Delhi,28,76718,Secondary,Private,1.5,7,Semi-Urban,4,0
Mumbai,61,12970,Secondary,Unemployed,5.39,4,Rural,1,0
Kolkata,29,52922,Postgraduate,Government,7.84,4,Urban,2,1
Mumbai,20,35755,Graduate,Self-Employed,6.56,4,Urban,3,1
Ahmedabad,56,125926,Postgraduate,Unemployed,6.5,6,Urban,3,1
Chennai,31,24416,Graduate,Self-Employed,7.69,4,Rural,3,0
Chennai,45,18672,Secondary,Self-Employed,2.66,1,Semi-Urban,1,0
Kolkata,28,133145,Secondary,Government,6.78,6,Semi-Urban,3,1
Kolkata,56,79095,Postgraduate,Government,4.23,6,Urban,4,1
Kolkata,42,5064,Graduate,Private,1.16,2,Semi-Urban,1,0
Mumbai,38,73835,Postgraduate,Self-Employed,2.42,5,Rural,3,0
Ahmedabad,27,141711,Primary,Government,8.04,6,Semi-Urban,1,1
Bangalore,60,147127,Postgraduate,Private,9.01,2,Urban,4,1
Kolkata,32,92594,Secondary,Unemployed,3.19,1,Urban,1,0
Jaipur,36,121916,Graduate,Private,2.31,5,Semi-Urban,3,0
Delhi,65,125308,Graduate,Private,0.75,6,Urban,1,0
Delhi,39,87516,Postgraduate,Self-Employed,9.5,3,Rural,0,1
Mumbai,38,69666,Secondary,Unemployed,7.0,2,Rural,3,0
Kolkata,69,123294,Primary,Self-Employed,9.59,1,Rural,4,1
Pune,61,15866,Postgraduate,Self-Employed,8.71,1,Rural,2,1
Hyderabad,49,8889,Graduate,Private,3.73,1,Urban,1,0
Bangalore,67,123194,Secondary,Private,1.57,7,Urban,1,0
Jaipur,40,129714,Graduate,Government,5.24,5,Semi-Urban,3,1
Ahmedabad,30,36335,Graduate,Private,0.75,4,Urban,3,0
Pune,22,55547,Graduate,Government,1.92,3,Semi-Urban,0,0
Chennai,21,103756,Graduate,Self-Employed,2.72,5,Urban,4,0
Pune,45,15995,Primary,Private,6.82,5,Semi-Urban,1,0
Mumbai,31,7631,Secondary,Unemployed,5.34,6,Semi-Urban,1,0
Bangalore,25,142039,Postgraduate,Unemployed,3.37,7,Rural,2,0
Lucknow,26,93294,Secondary,Self-Employed,5.87,2,Semi-Urban,1,1
Lucknow,68,92278,Secondary,Self-Employed,1.69,3,Semi-Urban,1,0
Kolkata,52,69471,Secondary,Private,7.68,1,Semi-Urban,0,1
Kolkata,54,42116,Postgraduate,Government,7.26,5,Semi-Urban,2,1
Mumbai,38,97116,Secondary,Private,2.56,3,Semi-Urban,1,0
Ahmedabad,35,138014,Postgraduate,Government,6.26,2,Rural,1,1
Kolkata,50,52664,Postgraduate,Private,5.28,4,Semi-Urban,4,1
Hyderabad,25,92342,Primary,Unemployed,1.08,3,Semi-Urban,1,0
Bangalore,68,19407,Graduate,Unemployed,3.14,7,Semi-Urban,0,0
Mumbai,66,118926,Postgraduate,Government,10.0,7,Urban,1,1
Delhi,34,64201,Graduate,Private,1.45,1,Urban,1,0
Chennai,60,85093,Secondary,Self-Employed,5.31,7,Rural,3,0
Mumbai,48,22878,Graduate,Government,8.57,5,Semi-Urban,1,1
Mumbai,51,88100,Graduate,Unemployed,3.36,4,Semi-Urban,2,0
Lucknow,23,83629,Graduate,Government,2.98,2,Urban,3,1
Jaipur,39,48168,Secondary,Private,8.96,1,Semi-Urban,2,1
Ahmedabad,31,59862,Secondary,Self-Employed,3.4,4,Rural,2,0
Jaipur,20,33004,Postgraduate,Self-Employed,6.69,6,Semi-Urban,0,1
Hyderabad,29,25471,Postgraduate,Government,7.53,6,Rural,1,1
Delhi,53,96820,Primary,Private,7.99,2,Urban,2,1
Lucknow,29,107229,Secondary,Private,9.95,1,Rural,1,1
Delhi,62,70308,Primary,Self-Employed,8.13,7,Rural,1,0
Hyderabad,19,88969,Secondary,Unemployed,6.74,5,Rural,0,0
Jaipur,19,19568,Graduate,Private,9.01,2,Rural,0,1
Mumbai,32,14466,Primary,Self-Employed,9.1,7,Rural,2,0
Kolkata,40,62324,Primary,Self-Employed,9.75,4,Rural,2,1
Kolkata,46,107208,Primary,Private,7.88,1,Rural,3,0
Pune,34,80955,Secondary,Private,2.35,6,Rural,1,0
Chennai,49,99791,Postgraduate,Government,7.24,6,Rural,1,1
Ahmedabad,24,113718,Primary,Unemployed,1.21,3,Urban,0,0
Hyderabad,47,27650,Postgraduate,Government,3.52,1,Rural,0,1
Chennai,45,93290,Secondary,Government,1.6,4,Rural,2,0
Ahmedabad,31,82701,Primary,Self-Employed,9.52,4,Semi-Urban,3,1
Chennai,61,15683,Secondary,Self-Employed,3.72,3,Semi-Urban,3,0
Jaipur,47,85978,Postgraduate,Unemployed,7.28,7,Semi-Urban,0,1
Ahmedabad,34,9860,Postgraduate,Government,5.93,4,Rural,0,1
Jaipur,49,139801,Primary,Government,1.52,7,Urban,3,0
Mumbai,63,36351,Postgraduate,Self-Employed,5.83,7,Urban,3,1
Lucknow,23,67744,Graduate,Self-Employed,6.78,1,Semi-Urban,2,1
Jaipur,68,125198,Graduate,Private,8.87,7,Semi-Urban,3,1
Kolkata,41,79155,Primary,Government,1.17,6,Rural,1,0
Chennai,23,126449,Secondary,Unemployed,3.31,2,Urban,3,0
Pune,44,81700,Secondary,Government,7.08,6,Urban,4,1
Bangalore,35,11955,Secondary,Self-Employed,0.83,7,Semi-Urban,3,0
Ahmedabad,41,26662,Graduate,Private,2.43,6,Urban,0,0
Hyderabad,54,11408,Postgraduate,Government,2.58,1,Semi-Urban,0,1
Pune,41,6225,Graduate,Unemployed,6.86,7,Semi-Urban,4,0
Kolkata,55,148268,Postgraduate,Self-Employed,3.22,4,Rural,1,1
Jaipur,51,22279,Graduate,Private,6.2,3,Semi-Urban,3,0
Lucknow,57,115401,Secondary,Government,9.67,3,Rural,3,1
Mumbai,64,97404,Secondary,Unemployed,8.04,5,Urban,4,0
Bangalore,32,53481,Secondary,Self-Employed,3.66,3,Urban,2,0
Delhi,28,49552,Primary,Unemployed,4.99,3,Semi-Urban,2,0
Pune,39,142930,Primary,Government,2.41,4,Semi-Urban,1,0
Lucknow,41,79474,Postgraduate,Self-Employed,0.65,2,Rural,3,0
Delhi,18,30168,Primary,Government,3.25,2,Rural,3,0
Bangalore,35,37099,Graduate,Private,4.01,4,Urban,3,0
Hyderabad,61,66455,Graduate,Government,5.86,3,Urban,0,1
Hyderabad,29,59240,Postgraduate,Private,9.47,1,Semi-Urban,2,1
Chennai,60,79796,Postgraduate,Government,9.5,6,Semi-Urban,4,1
Bangalore,45,59592,Secondary,Unemployed,1.17,7,Rural,0,0
Bangalore,57,127181,Primary,Unemployed,6.34,6,Semi-Urban,0,0
Delhi,24,106611,Secondary,Self-Employed,0.9,2,Rural,2,0
Lucknow,40,63046,Primary,Unemployed,6.66,4,Urban,3,0
Ahmedabad,38,21488,Primary,Unemployed,1.62,1,Urban,1,0
Delhi,51,123521,Postgraduate,Private,9.49,3,Semi-Urban,4,1
Mumbai,28,136467,Secondary,Unemployed,8.71,4,Rural,2,1
Hyderabad,39,146917,Secondary,Private,0.71,2,Semi-Urban,1,0
Hyderabad,59,23394,Primary,Private,7.93,7,Semi-Urban,2,0
Chennai,52,98993,Primary,Private,6.54,1,Rural,2,0
Mumbai,69,64332,Postgraduate,Government,5.21,1,Semi-Urban,2,1
Hyderabad,46,47628,Graduate,Private,6.23,2,Rural,2,0
Delhi,59,26352,Secondary,Government,6.94,1,Rural,3,0
Mumbai,45,87971,Secondary,Private,8.9,6,Semi-Urban,0,1
Delhi,35,56993,Postgraduate,Government,7.79,7,Rural,2,1
Ahmedabad,31,108027,Postgraduate,Self-Employed,5.97,2,Urban,1,1
Ahmedabad,35,125212,Secondary,Self-Employed,8.33,6,Urban,1,1
Hyderabad,45,13539,Secondary,Government,9.88,4,Urban,1,1
Hyderabad,41,137335,Primary,Self-Employed,3.35,5,Urban,0,0
Lucknow,25,149377,Graduate,Unemployed,1.62,7,Semi-Urban,0,0
Ahmedabad,59,58817,Secondary,Private,7.45,3,Urban,1,1
Pune,62,54107,Postgraduate,Government,9.8,4,Urban,3,1
Pune,25,134240,Primary,Self-Employed,1.61,6,Urban,0,0
Chennai,21,104655,Primary,Self-Employed,4.6,3,Urban,0,0
Ahmedabad,44,61132,Postgraduate,Unemployed,1.09,3,Semi-Urban,3,0
Delhi,53,130701,Postgraduate,Private,7.88,6,Urban,2,1
Delhi,22,110494,Primary,Unemployed,9.51,6,Rural,0,0
Kolkata,50,57979,Postgraduate,Government,5.24,7,Rural,1,1
Mumbai,66,63013,Primary,Self-Employed,4.39,2,Semi-Urban,1,0
Jaipur,51,68797,Postgraduate,Self-Employed,9.12,5,Semi-Urban,3,1
Pune,47,56798,Primary,Self-Employed,1.77,7,Semi-Urban,1,0
Hyderabad,25,81421,Secondary,Unemployed,8.97,6,Urban,4,0
Chennai,56,12434,Secondary,Unemployed,4.23,3,Semi-Urban,1,0
Jaipur,64,35028,Postgraduate,Private,5.81,3,Urban,3,1
Bangalore,43,71558,Graduate,Government,5.52,4,Semi-Urban,3,1
Chennai,54,29331,Secondary,Private,6.35,5,Rural,3,0
Bangalore,51,72573,Primary,Private,9.45,5,Rural,4,0
Ahmedabad,24,134473,Graduate,Self-Employed,9.54,3,Urban,0,1
Bangalore,57,87979,Primary,Unemployed,8.4,5,Semi-Urban,2,0
Bangalore,45,9123,Primary,Government,2.32,4,Rural,1,0
Lucknow,56,21603,Secondary,Private,3.67,2,Urban,0,0
Lucknow,56,70941,Postgraduate,Government,5.13,3,Rural,3,1
Lucknow,45,47597,Postgraduate,Self-Employed,9.1,1,Semi-Urban,0,1
Ahmedabad,31,89238,Primary,Private,5.45,3,Urban,0,1
Jaipur,67,46751,Secondary,Unemployed,9.79,3,Rural,4,0
Chennai,55,131462,Primary,Private,9.85,2,Semi-Urban,3,1
Chennai,21,91978,Graduate,Self-Employed,6.19,6,Urban,3,1
Hyderabad,59,22693,Primary,Private,8.84,6,Rural,1,0
Lucknow,35,99524,Secondary,Self-Employed,9.99,1,Rural,1,1
Ahmedabad,61,102869,Primary,Private,8.57,1,Urban,1,1
Hyderabad,65,68825,Secondary,Government,6.74,1,Semi-Urban,1,1
Mumbai,42,145594,Postgraduate,Unemployed,8.53,6,Urban,0,1
Hyderabad,24,135475,Secondary,Self-Employed,1.29,7,Rural,0,0
Jaipur,55,50406,Graduate,Government,6.53,2,Rural,1,1
Pune,45,148193,Secondary,Self-Employed,2.56,5,Rural,1,0
Bangalore,22,128371,Graduate,Private,1.6,1,Semi-Urban,1,0
Lucknow,20,6617,Graduate,Self-Employed,8.98,5,Rural,2,1
Pune,61,48016,Primary,Self-Employed,6.58,4,Rural,1,0
Hyderabad,48,29276,Graduate,Unemployed,2.81,2,Urban,2,0
Ahmedabad,64,77240,Secondary,Government,4.17,5,Rural,1,0
Bangalore,59,111292,Postgraduate,Private,9.75,6,Urban,3,1
Chennai,37,22959,Secondary,Unemployed,8.69,7,Rural,4,0
Delhi,36,33522,Postgraduate,Self-Employed,0.65,6,Urban,0,0
Bangalore,65,146025,Graduate,Unemployed,9.81,1,Urban,3,1
Jaipur,28,31567,Primary,Self-Employed,4.0,7,Urban,4,0
Jaipur,57,67708,Graduate,Private,7.11,1,Urban,2,1
Hyderabad,20,131206,Graduate,Self-Employed,7.27,7,Semi-Urban,0,1
Mumbai,40,27560,Postgraduate,Unemployed,9.16,5,Rural,2,1
Jaipur,24,63390,Secondary,Unemployed,8.91,6,Semi-Urban,2,0
Jaipur,40,130772,Primary,Self-Employed,3.18,5,Rural,0,0
Ahmedabad,24,50104,Primary,Government,6.61,4,Urban,4,0
Hyderabad,63,62805,Primary,Unemployed,4.24,2,Rural,0,0
Bangalore,51,29496,Primary,Government,5.49,6,Urban,1,0
Mumbai,59,96257,Secondary,Government,5.77,3,Rural,2,1
Pune,36,8515,Primary,Government,4.27,6,Urban,1,0
Delhi,26,9454,Postgraduate,Government,4.91,4,Rural,0,1
Lucknow,65,27873,Postgraduate,Unemployed,2.48,6,Rural,0,0
Chennai,68,78920,Primary,Unemployed,6.27,4,Rural,4,0
Jaipur,35,18727,Primary,Government,7.71,6,Urban,2,0
Hyderabad,58,133376,Secondary,Unemployed,4.58,4,Rural,3,0
Lucknow,65,74070,Secondary,Government,9.79,7,Urban,0,1
Chennai,62,104059,Primary,Government,1.04,1,Semi-Urban,3,0
Chennai,59,129564,Secondary,Government,6.1,5,Rural,2,1
Pune,42,122213,Graduate,Self-Employed,6.04,6,Urban,1,1
Pune,69,30465,Primary,Private,0.84,2,Urban,2,0
Pune,31,64799,Secondary,Unemployed,2.63,1,Urban,4,0
Kolkata,61,101129,Postgraduate,Unemployed,9.1,4,Semi-Urban,3,1
Kolkata,42,144374,Primary,Government,5.67,2,Urban,3,1
Chennai,36,112288,Primary,Self-Employed,4.65,1,Semi-Urban,1,0
Pune,56,17875,Postgraduate,Self-Employed,4.45,3,Semi-Urban,1,1
Ahmedabad,32,32219,Postgraduate,Unemployed,8.94,6,Urban,0,1
Jaipur,33,41182,Secondary,Government,3.99,6,Rural,2,0
Lucknow,44,84781,Postgraduate,Unemployed,8.66,4,Semi-Urban,4,1
Lucknow,57,11457,Graduate,Government,3.44,1,Urban,0,1
Kolkata,27,142821,Primary,Government,5.55,1,Semi-Urban,2,1
Chennai,21,38064,Graduate,Private,1.87,4,Urban,1,0
Hyderabad,68,145893,Secondary,Government,8.34,3,Urban,4,1
Bangalore,36,120256,Postgraduate,Private,7.49,6,Semi-Urban,1,1
Bangalore,45,103297,Primary,Unemployed,5.54,5,Urban,1,0
Kolkata,38,143736,Postgraduate,Unemployed,0.75,3,Semi-Urban,3,0
Hyderabad,64,74918,Postgraduate,Self-Employed,5.07,4,Urban,2,1
Kolkata,31,95179,Secondary,Private,2.64,5,Rural,0,0
Bangalore,50,79944,Secondary,Unemployed,4.43,1,Rural,3,0
Hyderabad,65,94142,Secondary,Private,8.64,7,Semi-Urban,2,1
Pune,27,32603,Secondary,Unemployed,7.81,7,Semi-Urban,2,0
Chennai,36,51458,Primary,Private,2.8,3,Semi-Urban,2,0
Lucknow,47,75605,Graduate,Private,9.86,7,Semi-Urban,4,1
Ahmedabad,39,24623,Graduate,Government,9.08,3,Rural,3,1
Mumbai,20,49440,Primary,Unemployed,5.52,7,Semi-Urban,0,0
Chennai,54,87427,Postgraduate,Self-Employed,5.54,6,Urban,3,1
Pune,58,143776,Primary,Government,9.06,7,Urban,1,1
Bangalore,35,98826,Graduate,Self-Employed,6.54,6,Semi-Urban,2,1
Pune,28,32460,Graduate,Private,5.6,5,Urban,1,1
Kolkata,65,115373,Primary,Government,7.62,1,Semi-Urban,3,1
Hyderabad,19,142637,Secondary,Private,2.73,3,Urban,0,1
Lucknow,29,9870,Postgraduate,Unemployed,8.84,5,Urban,1,1
Jaipur,23,23909,Primary,Unemployed,5.55,3,Semi-Urban,1,0
Kolkata,60,14117,Graduate,Self-Employed,6.23,7,Semi-Urban,4,0
Chennai,57,72474,Secondary,Unemployed,1.35,6,Rural,3,0
Kolkata,61,98926,Postgraduate,Self-Employed,3.44,1,Semi-Urban,1,1
Chennai,46,132463,Graduate,Private,4.55,7,Rural,3,1
Jaipur,47,106536,Postgraduate,Government,4.43,1,Semi-Urban,0,1
Delhi,19,25128,Secondary,Unemployed,7.89,2,Urban,1,0
Lucknow,26,74001,Graduate,Private,3.18,5,Rural,0,0
Ahmedabad,64,5440,Secondary,Government,2.23,6,Urban,1,0
Ahmedabad,19,128491,Primary,Private,6.03,6,Semi-Urban,2,0
Mumbai,46,147735,Primary,Self-Employed,6.34,6,Semi-Urban,4,0
Pune,50,86662,Postgraduate,Private,1.66,7,Semi-Urban,4,0
Delhi,27,5005,Secondary,Self-Employed,0.52,4,Semi-Urban,4,0
Ahmedabad,51,12038,Secondary,Self-Employed,9.22,3,Rural,0,1
Kolkata,61,11414,Postgraduate,Unemployed,1.26,1,Rural,3,0
Pune,25,74506,Postgraduate,Self-Employed,9.03,3,Semi-Urban,4,1
Delhi,54,81586,Postgraduate,Self-Employed,4.29,3,Urban,1,1
Hyderabad,50,138678,Primary,Private,6.7,4,Rural,1,1
Hyderabad,64,21482,Postgraduate,Self-Employed,2.26,1,Urban,2,0
Pune,23,38948,Primary,Self-Employed,8.33,2,Semi-Urban,0,1
Chennai,61,94987,Postgraduate,Private,2.21,6,Rural,1,1
Chennai,57,25875,Secondary,Government,4.17,5,Rural,1,0
Kolkata,62,18057,Secondary,Unemployed,2.76,3,Rural,2,0
Delhi,36,37400,Postgraduate,Private,8.46,4,Urban,2,1
Delhi,49,73607,Postgraduate,Self-Employed,8.65,4,Semi-Urban,3,1
Pune,44,92561,Primary,Private,4.03,5,Semi-Urban,3,0
Bangalore,18,32503,Graduate,Government,3.42,5,Rural,3,0
Hyderabad,60,106096,Primary,Private,7.85,7,Rural,1,1
Delhi,69,51612,Secondary,Private,8.85,1,Semi-Urban,2,1
Pune,50,103318,Postgraduate,Private,6.43,3,Urban,0,1
Jaipur,57,89335,Secondary,Private,9.31,3,Rural,3,1
Mumbai,49,105989,Graduate,Self-Employed,4.14,5,Urban,4,1
Jaipur,22,98012,Primary,Private,1.94,6,Urban,1,0
Lucknow,34,86748,Secondary,Government,2.21,7,Semi-Urban,0,0
Kolkata,25,145500,Primary,Private,6.86,2,Semi-Urban,1,1
Delhi,59,70195,Postgraduate,Private,4.37,3,Urban,3,1
Lucknow,51,94846,Secondary,Self-Employed,1.98,4,Urban,1,0
Ahmedabad,26,107404,Graduate,Self-Employed,3.28,6,Semi-Urban,3,0
Lucknow,40,44142,Primary,Private,5.54,5,Rural,1,0
Pune,52,76540,Primary,Self-Employed,1.65,3,Urban,3,0
Delhi,67,81948,Graduate,Self-Employed,0.53,1,Rural,2,0
Mumbai,24,63951,Secondary,Private,9.21,5,Urban,2,1
Pune,32,16755,Secondary,Self-Employed,3.4,4,Semi-Urban,2,0
Pune,37,122985,Primary,Unemployed,2.6,1,Rural,2,0
Kolkata,67,89553,Graduate,Unemployed,7.14,7,Semi-Urban,2,1
Kolkata,42,139962,Primary,Unemployed,8.61,5,Urban,4,0
Hyderabad,20,99376,Primary,Self-Employed,6.51,5,Semi-Urban,1,0
Hyderabad,63,22175,Postgraduate,Unemployed,2.92,3,Rural,2,0
Chennai,41,70687,Secondary,Government,8.69,1,Semi-Urban,4,1
Bangalore,51,89983,Secondary,Unemployed,5.35,7,Rural,4,0
Delhi,63,51629,Postgraduate,Government,4.12,5,Semi-Urban,1,1
Delhi,39,121779,Secondary,Self-Employed,6.24,6,Semi-Urban,1,1
Lucknow,28,73513,Secondary,Unemployed,7.16,4,Rural,3,0
Delhi,65,87762,Secondary,Government,6.14,1,Rural,3,1
Delhi,25,137731,Graduate,Self-Employed,9.24,6,Rural,2,1
Bangalore,56,62941,Postgraduate,Unemployed,6.47,3,Urban,0,1
Ahmedabad,60,48473,Primary,Private,8.85,2,Semi-Urban,3,0
Hyderabad,52,21040,Graduate,Unemployed,6.08,7,Rural,0,0
Hyderabad,66,74806,Primary,Unemployed,3.63,5,Urban,3,0
Mumbai,63,149358,Postgraduate,Unemployed,5.56,2,Urban,4,1
Delhi,55,117076,Postgraduate,Private,1.32,5,Rural,4,0
Bangalore,25,60916,Postgraduate,Government,2.69,6,Rural,4,0
Hyderabad,54,138363,Secondary,Government,7.78,3,Rural,0,1
Bangalore,44,149195,Graduate,Private,6.78,3,Urban,2,1
Jaipur,45,8811,Postgraduate,Unemployed,2.08,3,Urban,3,0
Ahmedabad,57,36276,Primary,Unemployed,4.66,3,Semi-Urban,3,0
Delhi,51,86049,Secondary,Unemployed,1.85,1,Urban,0,0
Mumbai,49,148266,Secondary,Government,8.63,1,Rural,4,1
Lucknow,32,78062,Graduate,Government,1.54,5,Semi-Urban,2,0
Hyderabad,61,59499,Graduate,Private,6.72,1,Semi-Urban,3,1
Jaipur,34,51281,Graduate,Self-Employed,6.27,5,Semi-Urban,2,1
Bangalore,50,49852,Secondary,Private,4.99,7,Semi-Urban,2,0
Kolkata,64,9595,Postgraduate,Government,3.14,1,Rural,1,0
Pune,63,100930,Primary,Unemployed,4.34,1,Semi-Urban,2,0
Delhi,69,97676,Postgraduate,Unemployed,8.16,1,Rural,1,1
Delhi,33,24405,Primary,Unemployed,7.73,7,Urban,0,0
Jaipur,46,63122,Postgraduate,Unemployed,7.52,4,Rural,4,0
Bangalore,26,133909,Graduate,Self-Employed,7.62,7,Semi-Urban,1,1
Chennai,50,8447,Primary,Private,1.87,3,Urban,2,0
Delhi,66,15662,Secondary,Private,1.44,7,Urban,4,0
Chennai,46,63282,Primary,Government,8.68,4,Urban,2,1
Kolkata,30,140971,Secondary,Private,8.45,1,Semi-Urban,2,1
Jaipur,38,33582,Postgraduate,Self-Employed,6.97,1,Rural,1,1
Bangalore,38,72471,Graduate,Self-Employed,6.26,4,Rural,0,1
Bangalore,22,128513,Primary,Self-Employed,3.99,6,Semi-Urban,2,0
Ahmedabad,27,112578,Secondary,Unemployed,2.63,5,Semi-Urban,1,0
Pune,23,80871,Postgraduate,Government,6.84,3,Urban,2,1
Hyderabad,68,88205,Graduate,Self-Employed,9.17,7,Rural,4,1
Hyderabad,30,79081,Graduate,Private,4.65,5,Semi-Urban,0,1
Lucknow,18,110783,Graduate,Private,3.38,6,Semi-Urban,2,1
Mumbai,37,88805,Postgraduate,Private,3.07,3,Rural,0,1
Jaipur,64,129698,Postgraduate,Self-Employed,0.73,2,Urban,0,1
Kolkata,63,143138,Postgraduate,Self-Employed,5.44,3,Urban,4,1
Bangalore,25,15712,Graduate,Private,9.89,7,Urban,4,1
Pune,27,86527,Primary,Self-Employed,8.24,5,Rural,3,0
Chennai,26,134453,Secondary,Private,9.03,3,Semi-Urban,0,1
Jaipur,66,131888,Postgraduate,Unemployed,6.4,2,Semi-Urban,2,1
Lucknow,58,92185,Primary,Self-Employed,5.07,2,Semi-Urban,4,0
Jaipur,20,104851,Secondary,Unemployed,9.91,1,Semi-Urban,2,1
Lucknow,28,17210,Graduate,Unemployed,4.75,7,Rural,0,0
Bangalore,29,41972,Primary,Self-Employed,9.21,2,Urban,4,0
Mumbai,27,39136,Graduate,Private,7.74,4,Urban,3,1
Lucknow,42,121445,Secondary,Government,3.64,5,Urban,0,1
Bangalore,66,20945,Postgraduate,Unemployed,5.28,4,Urban,2,0
Bangalore,66,84180,Graduate,Self-Employed,4.15,6,Semi-Urban,3,0
Mumbai,42,75453,Primary,Unemployed,1.79,4,Semi-Urban,0,0
Hyderabad,28,90404,Postgraduate,Private,3.89,5,Rural,4,0
Jaipur,53,149296,Primary,Self-Employed,8.95,6,Urban,0,1
Delhi,56,8052,Secondary,Government,7.65,4,Semi-Urban,1,1
Delhi,43,32272,Secondary,Self-Employed,3.14,4,Semi-Urban,2,0
Chennai,31,46150,Postgraduate,Unemployed,4.0,7,Semi-Urban,4,0
Chennai,56,143312,Primary,Self-Employed,6.36,6,Urban,4,1
Delhi,57,102095,Primary,Self-Employed,4.45,4,Semi-Urban,1,0
Kolkata,18,73774,Primary,Unemployed,5.28,2,Urban,3,0
Delhi,21,48175,Primary,Government,7.13,5,Urban,4,0
Chennai,47,136637,Secondary,Private,4.94,5,Rural,3,0
Pune,29,21375,Primary,Self-Employed,2.31,5,Rural,3,0
Chennai,52,30710,Secondary,Government,5.45,4,Urban,3,0
Kolkata,30,112026,Primary,Private,3.88,2,Urban,0,0
Jaipur,69,32597,Primary,Unemployed,3.26,5,Urban,1,0
Delhi,48,79289,Graduate,Government,3.62,3,Semi-Urban,2,1
Mumbai,55,90687,Graduate,Government,4.67,5,Semi-Urban,1,1
Pune,60,123968,Primary,Self-Employed,8.92,1,Semi-Urban,4,1
Bangalore,40,45274,Secondary,Unemployed,7.47,3,Rural,1,0
Kolkata,21,53634,Primary,Self-Employed,6.84,5,Urban,2,0
Chennai,69,35041,Graduate,Unemployed,4.98,4,Semi-Urban,0,0
Mumbai,33,143320,Primary,Private,0.52,5,Semi-Urban,4,0
Lucknow,24,90365,Graduate,Self-Employed,3.74,2,Rural,0,1
Hyderabad,39,138275,Primary,Unemployed,8.23,2,Rural,4,0
Delhi,46,56986,Postgraduate,Unemployed,4.19,5,Urban,2,0
Hyderabad,28,30370,Primary,Government,5.86,7,Urban,0,0
Kolkata,50,40247,Secondary,Self-Employed,2.45,4,Semi-Urban,2,0
Lucknow,46,129403,Graduate,Self-Employed,9.2,4,Semi-Urban,2,1
Lucknow,56,124544,Postgraduate,Private,9.27,4,Semi-Urban,1,1
Lucknow,29,136506,Graduate,Unemployed,1.89,5,Semi-Urban,4,0
Bangalore,24,67982,Graduate,Government,7.38,5,Semi-Urban,3,1
Kolkata,56,70180,Secondary,Unemployed,1.21,1,Rural,3,0
Jaipur,59,113534,Primary,Unemployed,6.19,2,Urban,0,0
Hyderabad,65,29644,Secondary,Unemployed,2.2,7,Rural,2,0
Jaipur,43,43493,Primary,Self-Employed,1.88,3,Urban,1,0
Mumbai,57,88824,Postgraduate,Unemployed,0.54,3,Urban,4,0
Ahmedabad,26,140031,Secondary,Private,9.44,2,Urban,0,1
Pune,58,52289,Secondary,Government,8.38,6,Rural,2,1
Pune,51,147215,Graduate,Government,1.24,1,Semi-Urban,3,1
Jaipur,62,40481,Secondary,Unemployed,6.19,2,Urban,3,0
Ahmedabad,30,82097,Primary,Government,2.71,1,Urban,4,0
Ahmedabad,53,27578,Secondary,Unemployed,3.01,6,Rural,4,0
Delhi,42,148859,Secondary,Self-Employed,8.8,1,Rural,4,1
Mumbai,41,77048,Postgraduate,Government,1.59,4,Semi-Urban,0,1
Kolkata,61,146668,Primary,Self-Employed,6.21,2,Semi-Urban,4,0
Ahmedabad,34,100737,Graduate,Self-Employed,4.31,3,Urban,0,1
Chennai,19,23687,Primary,Private,2.31,5,Rural,1,0
Pune,30,127540,Postgraduate,Private,4.79,6,Semi-Urban,2,1
Chennai,48,35183,Primary,Government,9.43,6,Semi-Urban,3,1
Mumbai,46,25758,Primary,Unemployed,7.93,5,Semi-Urban,0,0
Ahmedabad,67,137154,Secondary,Unemployed,1.76,2,Rural,2,0
Hyderabad,45,101368,Secondary,Unemployed,8.57,7,Rural,4,0
Pune,44,50891,Primary,Unemployed,9.41,5,Rural,3,0
Delhi,32,51901,Primary,Private,3.13,1,Rural,0,0
Delhi,48,108912,Graduate,Unemployed,3.67,5,Rural,4,0
Lucknow,57,76062,Postgraduate,Unemployed,1.7,1,Urban,2,0
Bangalore,32,77008,Secondary,Self-Employed,3.78,1,Urban,1,0
Ahmedabad,50,138847,Secondary,Unemployed,6.89,3,Rural,2,0
Mumbai,37,22974,Secondary,Unemployed,3.09,5,Urban,0,0
Pune,59,85591,Secondary,Private,0.56,7,Rural,1,0
Bangalore,29,23615,Primary,Government,3.72,3,Urban,1,0
Mumbai,54,27838,Primary,Self-Employed,4.81,7,Urban,4,0
Jaipur,26,45728,Graduate,Self-Employed,5.88,5,Semi-Urban,2,1
Ahmedabad,40,121249,Secondary,Government,7.0,7,Rural,0,1
Kolkata,25,83000,Secondary,Self-Employed,1.09,1,Urban,1,0
Kolkata,49,57798,Primary,Unemployed,4.96,7,Urban,4,0
Ahmedabad,65,149608,Graduate,Unemployed,3.03,5,Semi-Urban,1,0
Lucknow,31,141772,Primary,Government,9.51,6,Urban,2,1
Lucknow,44,15248,Secondary,Private,3.92,6,Semi-Urban,3,0
Kolkata,42,50291,Secondary,Private,1.45,3,Urban,0,0
Hyderabad,30,87629,Postgraduate,Self-Employed,0.89,4,Semi-Urban,3,0
Pune,38,130612,Postgraduate,Private,3.02,6,Semi-Urban,2,1
Kolkata,62,22177,Postgraduate,Private,2.2,7,Rural,3,0
Hyderabad,48,48815,Graduate,Private,6.67,3,Rural,2,1
Bangalore,54,43533,Primary,Private,8.55,7,Urban,2,1
Hyderabad,65,5026,Secondary,Private,3.47,4,Rural,4,0
Bangalore,60,109997,Secondary,Private,5.99,2,Rural,3,0
Mumbai,22,65611,Graduate,Private,7.44,3,Rural,1,1
Chennai,30,92242,Secondary,Self-Employed,4.29,6,Urban,2,0
Mumbai,45,109913,Secondary,Unemployed,1.13,6,Urban,3,0
Kolkata,60,47082,Primary,Private,2.68,5,Rural,1,0
Bangalore,42,108613,Postgraduate,Unemployed,8.89,4,Rural,0,1
Kolkata,68,103315,Postgraduate,Government,8.33,6,Urban,1,1
Ahmedabad,52,94690,Graduate,Unemployed,1.32,5,Rural,3,0
Pune,64,100220,Postgraduate,Government,2.63,4,Semi-Urban,3,1
Delhi,56,20389,Postgraduate,Self-Employed,7.81,3,Urban,1,1
Kolkata,24,96860,Graduate,Unemployed,5.12,3,Urban,1,1
Pune,55,26797,Graduate,Government,7.72,5,Semi-Urban,2,1
Hyderabad,49,116975,Postgraduate,Unemployed,2.51,3,Rural,3,0
Mumbai,20,102169,Primary,Self-Employed,9.55,5,Semi-Urban,2,1
Hyderabad,62,71332,Graduate,Unemployed,7.94,1,Rural,2,0
Delhi,56,143260,Secondary,Government,2.38,7,Rural,0,1
Bangalore,54,28696,Graduate,Private,5.81,4,Urban,3,1
Ahmedabad,67,7024,Secondary,Private,1.57,5,Urban,2,0
Pune,39,142656,Graduate,Private,3.93,4,Rural,0,1
Ahmedabad,25,95998,Graduate,Self-Employed,6.77,1,Semi-Urban,2,1
Chennai,34,10285,Postgraduate,Private,3.64,4,Urban,2,0
Kolkata,69,12370,Postgraduate,Self-Employed,6.74,5,Rural,3,1
Bangalore,44,22903,Postgraduate,Private,2.83,7,Urban,1,0
Chennai,50,102904,Primary,Self-Employed,7.35,7,Urban,1,1
Jaipur,63,27995,Postgraduate,Self-Employed,3.92,3,Urban,3,0
Kolkata,34,110160,Postgraduate,Unemployed,8.01,7,Semi-Urban,1,1
Hyderabad,59,93377,Graduate,Private,1.8,7,Semi-Urban,4,0
Mumbai,29,149638,Graduate,Unemployed,3.94,4,Rural,1,0
Pune,65,42822,Primary,Government,4.91,4,Semi-Urban,2,0
Delhi,63,112412,Secondary,Private,4.53,6,Rural,2,0
Delhi,44,56222,Graduate,Private,4.61,6,Rural,0,0
Hyderabad,65,99088,Graduate,Private,4.73,1,Urban,3,1
Lucknow,25,95450,Secondary,Private,9.89,2,Urban,0,1
Delhi,40,114366,Primary,Unemployed,2.33,7,Semi-Urban,2,0
Pune,59,115078,Graduate,Unemployed,7.8,3,Rural,2,1
Hyderabad,66,68853,Postgraduate,Self-Employed,5.74,7,Rural,0,1
Bangalore,46,128794,Primary,Unemployed,4.43,5,Urban,4,0
Delhi,67,57442,Secondary,Self-Employed,6.52,1,Urban,1,1
Ahmedabad,37,14675,Secondary,Government,8.61,5,Urban,4,1
Hyderabad,33,94590,Postgraduate,Unemployed,4.93,5,Semi-Urban,4,0
Pune,34,113570,Postgraduate,Self-Employed,8.72,4,Rural,4,1
Ahmedabad,33,36661,Postgraduate,Private,1.39,1,Rural,4,0
Kolkata,36,69289,Primary,Government,6.7,1,Rural,1,0
Kolkata,25,22184,Secondary,Self-Employed,3.67,6,Urban,3,0
Delhi,55,52963,Postgraduate,Government,4.17,3,Semi-Urban,0,1
Ahmedabad,55,10267,Postgraduate,Private,5.92,2,Semi-Urban,4,0
Mumbai,46,67814,Secondary,Private,5.06,5,Urban,4,0
Kolkata,58,41025,Graduate,Self-Employed,4.13,7,Semi-Urban,0,0
Mumbai,53,126246,Primary,Self-Employed,3.43,3,Semi-Urban,0,0
Bangalore,43,82605,Graduate,Private,6.37,7,Rural,3,1
Hyderabad,48,137053,Postgraduate,Self-Employed,5.3,6,Urban,2,1
Chennai,61,48436,Primary,Private,3.57,3,Urban,3,0
Pune,29,82192,Graduate,Unemployed,2.45,5,Urban,2,0
Hyderabad,34,125591,Secondary,Self-Employed,7.86,4,Urban,1,1
Pune,32,89511,Postgraduate,Government,8.1,4,Rural,3,1
Ahmedabad,26,14665,Primary,Private,2.53,5,Semi-Urban,1,0
Bangalore,56,96277,Primary,Unemployed,2.99,6,Semi-Urban,0,0
Jaipur,59,57474,Primary,Self-Employed,2.77,6,Rural,3,0
Delhi,65,80911,Primary,Private,8.9,1,Semi-Urban,0,1
Pune,29,97643,Postgraduate,Unemployed,7.85,2,Urban,4,1
Pune,49,35484,Postgraduate,Self-Employed,1.21,7,Rural,0,0
Ahmedabad,42,106165,Secondary,Private,8.41,4,Rural,4,1
Mumbai,56,30835,Secondary,Private,0.85,2,Urban,2,0
Hyderabad,35,101453,Secondary,Private,2.91,3,Urban,4,0
Jaipur,32,58790,Graduate,Self-Employed,9.23,7,Urban,2,1
Lucknow,49,14643,Secondary,Unemployed,8.71,7,Semi-Urban,4,0
Delhi,23,80846,Postgraduate,Private,7.92,7,Urban,4,1
Chennai,61,18200,Graduate,Unemployed,4.85,3,Rural,1,0
Lucknow,60,57275,Postgraduate,Unemployed,3.55,5,Semi-Urban,1,0
Hyderabad,69,94001,Graduate,Government,8.87,5,Semi-Urban,0,1
Delhi,52,47448,Secondary,Unemployed,6.74,5,Rural,1,0
Pune,51,96685,Secondary,Unemployed,3.31,7,Semi-Urban,2,0
Chennai,55,15619,Secondary,Unemployed,4.9,6,Urban,1,0
Mumbai,22,110454,Graduate,Unemployed,8.87,4,Urban,0,1
Jaipur,35,6766,Postgraduate,Unemployed,9.08,2,Urban,3,1
Mumbai,33,8549,Primary,Self-Employed,6.76,3,Urban,2,0
Bangalore,25,112938,Postgraduate,Government,7.46,2,Semi-Urban,3,1
Ahmedabad,42,132673,Secondary,Private,0.87,4,Rural,2,0
Delhi,49,53328,Graduate,Government,6.24,7,Semi-Urban,0,1
Mumbai,43,30301,Graduate,Government,7.05,2,Rural,1,1
Lucknow,69,49763,Secondary,Private,0.69,7,Rural,3,0
Ahmedabad,39,49787,Graduate,Unemployed,8.52,2,Urban,3,1
Mumbai,48,125675,Secondary,Private,9.32,6,Semi-Urban,1,1
Kolkata,60,12425,Postgraduate,Unemployed,2.76,5,Urban,0,0
Bangalore,27,17857,Graduate,Private,8.54,6,Semi-Urban,1,1
Hyderabad,29,97999,Primary,Self-Employed,6.82,6,Semi-Urban,4,0
Jaipur,45,46457,Graduate,Government,6.02,7,Urban,4,1
Bangalore,23,136776,Secondary,Unemployed,8.51,2,Semi-Urban,4,1
Ahmedabad,37,10452,Primary,Government,3.21,2,Urban,3,0
Kolkata,22,116153,Secondary,Unemployed,8.01,6,Rural,3,0
Delhi,40,43862,Graduate,Private,3.49,2,Urban,0,1
Lucknow,26,23300,Primary,Private,7.98,6,Semi-Urban,2,0
Jaipur,46,145638,Primary,Private,4.79,1,Semi-Urban,1,0
Jaipur,33,143573,Graduate,Self-Employed,1.61,6,Rural,2,0
Bangalore,63,6845,Primary,Private,4.12,3,Rural,3,0
Ahmedabad,39,124342,Postgraduate,Private,2.72,3,Rural,1,1
Delhi,25,44181,Primary,Self-Employed,1.46,2,Urban,3,0
Pune,37,39404,Primary,Government,1.55,6,Urban,0,0
Kolkata,68,27564,Postgraduate,Government,7.91,6,Semi-Urban,1,1
Pune,31,102898,Secondary,Unemployed,8.87,5,Rural,3,0
Lucknow,56,23227,Secondary,Government,9.31,7,Rural,4,1
Delhi,54,100259,Postgraduate,Unemployed,8.61,5,Urban,4,1
Delhi,67,129451,Primary,Unemployed,8.39,5,Semi-Urban,3,0
Kolkata,51,22215,Graduate,Government,1.15,6,Rural,2,0
Chennai,28,135577,Postgraduate,Government,8.01,6,Urban,0,1
Pune,57,76074,Graduate,Self-Employed,7.94,3,Urban,0,1
Mumbai,50,113621,Secondary,Unemployed,1.75,4,Rural,3,0
Jaipur,48,148526,Postgraduate,Government,6.79,2,Rural,0,1
Chennai,61,111759,Graduate,Government,4.8,3,Semi-Urban,1,1
Mumbai,51,133471,Primary,Self-Employed,9.05,5,Rural,0,1
Ahmedabad,67,26711,Postgraduate,Government,7.11,3,Urban,4,1
Kolkata,24,53398,Graduate,Private,9.53,3,Rural,3,1
Ahmedabad,66,6286,Postgraduate,Private,1.5,3,Rural,1,0
Jaipur,40,113304,Postgraduate,Unemployed,0.89,5,Semi-Urban,0,0
Hyderabad,63,109959,Secondary,Self-Employed,9.75,4,Urban,4,1
Mumbai,24,64967,Secondary,Government,1.26,1,Rural,2,0
Chennai,42,102803,Primary,Unemployed,4.17,2,Urban,0,0
Mumbai,20,134745,Secondary,Government,6.67,2,Semi-Urban,4,1
Mumbai,55,59583,Secondary,Private,8.86,7,Urban,4,1
Kolkata,37,129077,Secondary,Government,2.92,3,Rural,4,0
Ahmedabad,51,116359,Graduate,Government,0.78,4,Rural,4,0
Pune,66,32086,Postgraduate,Government,5.45,5,Semi-Urban,2,1
Hyderabad,61,109132,Secondary,Private,4.98,1,Semi-Urban,3,0
Kolkata,61,64263,Graduate,Private,3.42,1,Semi-Urban,4,0
Lucknow,47,125155,Postgraduate,Self-Employed,8.8,3,Urban,3,1
Kolkata,34,65664,Secondary,Private,7.62,3,Urban,2,1
Jaipur,27,125474,Secondary,Unemployed,8.65,5,Urban,2,1
Hyderabad,52,81968,Postgraduate,Government,2.04,7,Urban,1,1
Delhi,37,139563,Graduate,Private,7.08,5,Semi-Urban,1,1
Lucknow,35,139464,Graduate,Unemployed,9.76,6,Urban,4,1
Bangalore,62,72804,Primary,Private,6.31,5,Urban,3,0
Kolkata,61,43400,Postgraduate,Government,2.13,3,Urban,2,1
Mumbai,44,33088,Primary,Unemployed,9.96,4,Urban,0,0
Pune,66,92893,Graduate,Private,5.52,3,Semi-Urban,1,1
Delhi,53,10969,Secondary,Private,8.48,7,Semi-Urban,1,1
Kolkata,40,13981,Primary,Unemployed,1.92,3,Rural,0,0
Kolkata,49,59091,Graduate,Self-Employed,6.83,1,Rural,3,1
Chennai,27,112154,Graduate,Unemployed,9.17,5,Urban,3,1
Chennai,28,29408,Secondary,Unemployed,5.55,2,Urban,3,0
Delhi,55,52940,Postgraduate,Unemployed,3.24,5,Semi-Urban,4,0
Ahmedabad,23,8657,Graduate,Unemployed,1.71,6,Rural,4,0
Chennai,58,26230,Primary,Private,3.31,4,Urban,0,0
Mumbai,64,89731,Secondary,Unemployed,3.87,4,Rural,2,0
Lucknow,51,143939,Postgraduate,Unemployed,7.24,5,Rural,0,1
Bangalore,53,9329,Postgraduate,Government,2.2,5,Rural,2,0
Hyderabad,54,40865,Postgraduate,Private,1.51,3,Semi-Urban,0,0
Bangalore,34,42869,Graduate,Government,4.18,2,Urban,4,0
Bangalore,57,125185,Postgraduate,Private,4.86,7,Urban,3,1
Hyderabad,57,88984,Graduate,Self-Employed,6.47,3,Semi-Urban,1,1
Chennai,29,130172,Secondary,Self-Employed,7.22,1,Semi-Urban,0,1
Delhi,38,106069,Secondary,Private,8.95,1,Semi-Urban,0,1
Hyderabad,57,94711,Postgraduate,Self-Employed,3.25,4,Rural,1,1
Jaipur,36,71252,Secondary,Self-Employed,5.52,4,Rural,0,0
Ahmedabad,20,84386,Primary,Private,3.98,2,Urban,3,0
Lucknow,35,123728,Primary,Unemployed,0.51,4,Urban,1,0
Pune,68,137783,Graduate,Government,6.0,6,Rural,1,1
Chennai,36,30801,Postgraduate,Private,8.25,1,Rural,3,1
Ahmedabad,64,95709,Graduate,Private,0.85,2,Semi-Urban,3,0
Hyderabad,23,58270,Secondary,Private,0.53,1,Rural,1,0
Jaipur,33,60535,Postgraduate,Government,7.41,5,Urban,3,1
Pune,25,21220,Graduate,Private,7.0,5,Urban,3,1
Lucknow,65,18392,Postgraduate,Government,4.36,2,Semi-Urban,3,1
Lucknow,35,138318,Postgraduate,Government,6.79,3,Semi-Urban,1,1
Chennai,69,25010,Graduate,Self-Employed,9.56,6,Urban,0,1
Hyderabad,65,131951,Postgraduate,Unemployed,2.85,7,Rural,2,0
Ahmedabad,60,73358,Secondary,Self-Employed,2.84,6,Rural,1,0
Delhi,56,101190,Primary,Private,2.27,7,Urban,2,0
Ahmedabad,66,120795,Primary,Private,7.38,4,Rural,3,0
Ahmedabad,66,127790,Postgraduate,Government,3.86,7,Rural,3,1
Lucknow,29,130223,Primary,Self-Employed,9.89,2,Urban,0,1
Delhi,62,80205,Postgraduate,Government,7.29,6,Urban,3,1
Delhi,27,6082,Graduate,Self-Employed,3.99,7,Semi-Urban,2,0
Chennai,24,147220,Secondary,Self-Employed,1.92,4,Urban,1,0
Pune,63,80093,Primary,Self-Employed,6.12,1,Semi-Urban,1,0
Kolkata,18,56952,Graduate,Self-Employed,3.3,7,Semi-Urban,0,0
Bangalore,66,41719,Secondary,Self-Employed,9.1,3,Rural,2,1
Bangalore,53,53737,Primary,Unemployed,4.69,4,Urban,3,0
Lucknow,38,112271,Primary,Private,3.28,5,Rural,4,0
Kolkata,54,72839,Secondary,Self-Employed,6.09,7,Urban,0,1
Pune,69,52931,Graduate,Self-Employed,1.8,5,Urban,0,0
Kolkata,41,44925,Graduate,Government,5.83,1,Rural,4,0
Chennai,42,92745,Primary,Private,1.03,2,Semi-Urban,1,0
Ahmedabad,24,131298,Secondary,Private,6.27,4,Urban,1,1
Lucknow,59,98709,Graduate,Private,5.54,7,Semi-Urban,1,1
Delhi,34,47287,Secondary,Self-Employed,5.45,7,Rural,4,0
Lucknow,46,112252,Secondary,Government,7.0,1,Rural,3,1
Bangalore,47,114323,Primary,Private,0.92,7,Urban,3,0
Pune,24,17803,Secondary,Government,4.87,5,Rural,2,0
Kolkata,50,123819,Secondary,Unemployed,4.72,7,Urban,2,0
Pune,24,98361,Postgraduate,Unemployed,4.87,7,Urban,1,1
Chennai,41,18698,Secondary,Government,9.81,5,Urban,4,1
Lucknow,28,20376,Graduate,Self-Employed,1.82,5,Urban,0,0
Hyderabad,26,18117,Primary,Private,7.06,3,Urban,3,0
Lucknow,29,53786,Primary,Unemployed,4.32,3,Rural,4,0
Delhi,52,118005,Secondary,Unemployed,5.36,5,Urban,2,0
Lucknow,21,71480,Secondary,Government,7.74,6,Semi-Urban,3,1
Jaipur,53,137583,Graduate,Self-Employed,2.0,2,Urban,3,1
Chennai,45,58233,Postgraduate,Government,7.75,3,Urban,4,1
Mumbai,30,116022,Primary,Government,1.17,4,Urban,2,0
Chennai,40,97529,Postgraduate,Government,5.09,3,Rural,4,1
Kolkata,36,105919,Graduate,Government,7.55,4,Semi-Urban,0,1
Mumbai,59,88533,Primary,Government,2.33,3,Semi-Urban,3,0
Kolkata,54,74407,Graduate,Self-Employed,7.82,5,Semi-Urban,4,1
Kolkata,56,78809,Secondary,Government,2.08,7,Rural,4,0
Delhi,41,22229,Graduate,Self-Employed,8.09,4,Rural,0,1
Delhi,33,47176,Secondary,Private,4.95,7,Urban,4,0
Ahmedabad,50,99825,Postgraduate,Private,7.0,7,Rural,3,1
Bangalore,29,139332,Primary,Private,9.22,2,Semi-Urban,1,1
Ahmedabad,51,102555,Primary,Private,4.38,3,Semi-Urban,1,0
Ahmedabad,24,8145,Postgraduate,Unemployed,2.71,3,Rural,2,0
Bangalore,28,102289,Secondary,Self-Employed,8.74,5,Rural,0,1
Hyderabad,48,143874,Primary,Private,2.04,4,Semi-Urban,2,0
Mumbai,46,7263,Graduate,Unemployed,6.5,6,Semi-Urban,1,0
Pune,30,62788,Secondary,Self-Employed,9.27,5,Semi-Urban,0,1
Ahmedabad,48,144227,Primary,Unemployed,6.91,7,Semi-Urban,4,0
Lucknow,19,136994,Graduate,Unemployed,2.36,4,Semi-Urban,4,0
Lucknow,56,50344,Graduate,Government,1.95,3,Rural,3,0
Kolkata,32,127819,Primary,Unemployed,2.9,3,Rural,1,0
Bangalore,28,78352,Postgraduate,Unemployed,4.22,3,Urban,4,0
Kolkata,51,45324,Postgraduate,Self-Employed,2.01,3,Urban,0,1
Jaipur,56,99075,Primary,Unemployed,8.08,1,Urban,4,0
Jaipur,21,82169,Graduate,Government,3.89,3,Rural,2,1
Pune,28,28384,Postgraduate,Private,9.39,3,Urban,2,1
Delhi,46,8512,Postgraduate,Private,8.5,6,Urban,2,1
Delhi,19,142138,Postgraduate,Self-Employed,9.13,6,Rural,2,1
Bangalore,33,128775,Secondary,Self-Employed,3.3,4,Semi-Urban,2,0
Bangalore,56,83743,Postgraduate,Unemployed,5.95,7,Rural,3,0
Ahmedabad,30,90642,Primary,Self-Employed,3.55,3,Rural,2,0
Jaipur,54,134587,Primary,Unemployed,2.94,3,Semi-Urban,3,0
Ahmedabad,34,84858,Secondary,Self-Employed,6.27,4,Urban,3,1
Delhi,38,59800,Secondary,Private,8.27,7,Rural,4,0
Mumbai,61,105364,Primary,Private,1.39,3,Rural,0,0
Mumbai,36,7387,Secondary,Private,3.12,3,Semi-Urban,2,0
Bangalore,24,137871,Postgraduate,Private,2.45,5,Rural,0,1
Kolkata,55,124095,Graduate,Unemployed,8.08,1,Urban,1,1
Delhi,25,40548,Graduate,Unemployed,9.37,4,Semi-Urban,3,1
Mumbai,30,95450,Graduate,Unemployed,1.26,5,Rural,1,0
Delhi,54,110669,Primary,Private,4.1,6,Urban,3,0
Chennai,19,85171,Secondary,Government,9.19,7,Urban,2,1
Lucknow,58,50414,Graduate,Private,3.77,2,Rural,1,0
Jaipur,28,78071,Postgraduate,Private,7.27,2,Urban,4,1
Ahmedabad,41,117808,Postgraduate,Government,1.46,6,Semi-Urban,1,1
Delhi,23,83591,Postgraduate,Government,4.72,1,Urban,3,1
Lucknow,43,9297,Secondary,Self-Employed,5.28,7,Semi-Urban,3,0
Chennai,24,114513,Graduate,Private,7.7,7,Semi-Urban,0,1
Ahmedabad,56,133668,Postgraduate,Government,3.24,2,Semi-Urban,1,1
Delhi,36,91479,Secondary,Self-Employed,3.01,1,Rural,4,0
Bangalore,23,103752,Postgraduate,Government,3.38,2,Urban,2,1
Lucknow,60,141080,Graduate,Government,5.78,2,Rural,0,1
Ahmedabad,46,120481,Graduate,Self-Employed,8.82,7,Rural,1,1
Delhi,60,72156,Graduate,Private,8.39,5,Semi-Urban,0,1
Lucknow,56,65263,Graduate,Self-Employed,1.05,7,Rural,1,0
Chennai,19,123996,Graduate,Private,8.85,2,Urban,2,1
Delhi,36,104252,Postgraduate,Government,1.4,7,Rural,2,1
Delhi,21,123632,Graduate,Self-Employed,4.45,6,Rural,4,0
Delhi,23,79855,Postgraduate,Unemployed,7.77,1,Semi-Urban,0,1
Pune,66,21575,Graduate,Government,1.27,3,Semi-Urban,4,0
Bangalore,54,17204,Postgraduate,Self-Employed,0.88,7,Rural,1,0
Chennai,45,16952,Graduate,Government,3.63,7,Semi-Urban,2,0
Ahmedabad,47,88323,Postgraduate,Self-Employed,7.43,3,Rural,2,1
Pune,24,147712,Graduate,Private,5.46,3,Urban,3,1
Kolkata,26,31437,Secondary,Unemployed,4.46,1,Urban,3,0
Pune,42,132129,Postgraduate,Government,8.22,1,Semi-Urban,4,1
Jaipur,50,92681,Secondary,Unemployed,7.78,3,Urban,0,1
Jaipur,18,12903,Postgraduate,Private,7.97,6,Urban,1,1
Delhi,68,31863,Postgraduate,Self-Employed,4.87,2,Rural,4,0
Pune,23,48381,Postgraduate,Unemployed,0.68,3,Semi-Urban,2,0
Kolkata,35,33548,Primary,Self-Employed,2.14,4,Urban,2,0
Pune,27,16467,Graduate,Private,7.54,7,Semi-Urban,2,1
Bangalore,45,62954,Secondary,Government,7.66,1,Semi-Urban,1,1
Bangalore,28,28901,Secondary,Private,9.74,4,Semi-Urban,4,1
Kolkata,50,28301,Postgraduate,Unemployed,2.31,4,Urban,1,0
Pune,18,129686,Secondary,Unemployed,1.67,1,Semi-Urban,2,0
Lucknow,30,90180,Secondary,Unemployed,1.82,7,Semi-Urban,3,0
Bangalore,54,74903,Secondary,Self-Employed,2.26,3,Rural,4,0
Bangalore,37,108955,Secondary,Government,5.52,6,Rural,3,1
Mumbai,18,24755,Primary,Unemployed,9.76,5,Rural,4,0
Pune,69,64817,Postgraduate,Unemployed,6.1,4,Rural,2,0
Bangalore,20,7093,Secondary,Unemployed,5.47,3,Semi-Urban,3,0
Chennai,35,101319,Primary,Private,6.9,5,Rural,3,0
Pune,58,27940,Primary,Unemployed,1.2,7,Rural,4,0
Jaipur,31,133714,Postgraduate,Private,8.25,4,Urban,3,1
Mumbai,48,96544,Graduate,Unemployed,6.65,3,Rural,3,0
Bangalore,44,89437,Graduate,Private,2.13,4,Rural,2,0
Mumbai,34,97969,Graduate,Self-Employed,6.49,3,Urban,4,1
Jaipur,63,112001,Secondary,Self-Employed,6.16,7,Semi-Urban,4,0
Kolkata,46,92725,Postgraduate,Private,1.12,6,Semi-Urban,0,1
Kolkata,53,120784,Graduate,Government,3.04,7,Urban,4,1
Pune,54,115675,Secondary,Government,4.21,2,Urban,2,1
Jaipur,43,99266,Postgraduate,Private,2.83,2,Semi-Urban,3,1
Hyderabad,34,14236,Secondary,Self-Employed,2.81,7,Rural,0,0
Hyderabad,39,77597,Graduate,Private,5.94,1,Urban,3,1
Pune,42,139974,Graduate,Government,4.97,5,Urban,4,1
Delhi,19,104656,Primary,Private,6.84,7,Urban,1,1
Mumbai,39,39364,Primary,Self-Employed,9.59,7,Semi-Urban,3,0
Mumbai,22,112071,Postgraduate,Government,6.78,4,Semi-Urban,4,1
Kolkata,21,99410,Secondary,Government,6.03,4,Semi-Urban,2,1
Hyderabad,53,148092,Secondary,Unemployed,8.55,3,Semi-Urban,4,1
Ahmedabad,23,63473,Graduate,Unemployed,6.5,5,Semi-Urban,0,0
Bangalore,69,49153,Graduate,Government,2.07,4,Rural,1,0
Bangalore,38,43502,Postgraduate,Government,3.49,5,Rural,1,1
Bangalore,30,20675,Primary,Private,7.47,7,Semi-Urban,1,0
Kolkata,54,123384,Graduate,Self-Employed,7.51,5,Semi-Urban,2,1
Jaipur,42,83229,Secondary,Government,9.88,2,Semi-Urban,1,1
Lucknow,43,94049,Graduate,Self-Employed,6.46,4,Urban,3,1
Hyderabad,56,94157,Primary,Government,9.05,4,Urban,2,1
Hyderabad,37,110711,Secondary,Self-Employed,1.02,1,Semi-Urban,4,0
Ahmedabad,50,115090,Primary,Unemployed,5.88,5,Semi-Urban,0,0
Mumbai,31,98321,Postgraduate,Government,9.24,3,Urban,2,1
Delhi,53,31465,Postgraduate,Private,3.23,2,Urban,0,1
Pune,34,37286,Primary,Self-Employed,1.97,7,Urban,2,0
Mumbai,38,59795,Secondary,Government,3.83,1,Urban,4,0
Jaipur,63,113139,Primary,Unemployed,8.03,2,Urban,0,1
Pune,33,108845,Graduate,Unemployed,1.3,3,Semi-Urban,2,0
Hyderabad,63,54986,Graduate,Unemployed,6.2,1,Semi-Urban,0,0
Jaipur,33,80396,Primary,Unemployed,1.79,2,Urban,1,0
Pune,37,60178,Graduate,Government,4.64,3,Semi-Urban,1,1
Ahmedabad,46,15745,Primary,Private,9.68,6,Urban,1,1
Ahmedabad,45,84637,Graduate,Self-Employed,2.35,1,Urban,3,0
Chennai,25,141100,Primary,Private,0.82,3,Urban,1,0
Lucknow,41,53566,Graduate,Self-Employed,4.56,1,Semi-Urban,1,0
Ahmedabad,20,48722,Secondary,Private,5.99,4,Semi-Urban,4,0
Hyderabad,42,91623,Secondary,Government,3.33,4,Semi-Urban,0,1
Delhi,36,116074,Graduate,Government,5.65,2,Semi-Urban,0,1
Bangalore,50,79974,Primary,Self-Employed,9.56,5,Rural,1,1
Chennai,19,89084,Graduate,Government,3.46,6,Urban,0,1
Bangalore,32,122353,Postgraduate,Self-Employed,3.44,7,Urban,2,1
Lucknow,39,109417,Postgraduate,Private,5.09,5,Semi-Urban,1,1
Pune,27,73099,Primary,Government,5.4,7,Semi-Urban,1,0
Kolkata,35,144570,Graduate,Government,0.51,7,Rural,3,0
Ahmedabad,39,30107,Graduate,Self-Employed,6.35,7,Urban,2,1
Delhi,63,138768,Secondary,Self-Employed,9.97,3,Urban,1,1
Lucknow,66,58839,Primary,Self-Employed,3.27,1,Semi-Urban,1,0
Bangalore,44,94241,Postgraduate,Self-Employed,6.49,4,Semi-Urban,0,1
Chennai,30,28397,Postgraduate,Unemployed,0.54,5,Rural,1,0
Ahmedabad,50,12704,Primary,Self-Employed,6.24,7,Urban,1,0
Hyderabad,22,21442,Postgraduate,Unemployed,4.75,4,Rural,1,0
Ahmedabad,43,134576,Primary,Private,5.54,7,Urban,1,1
Chennai,30,14765,Postgraduate,Self-Employed,5.67,6,Semi-Urban,3,1
Chennai,44,120828,Postgraduate,Unemployed,2.18,3,Rural,2,0
Kolkata,31,15002,Primary,Unemployed,7.81,6,Semi-Urban,3,0
Ahmedabad,41,16390,Primary,Unemployed,5.78,6,Urban,0,0
Ahmedabad,20,11641,Postgraduate,Government,3.07,3,Urban,4,0
Kolkata,64,116119,Postgraduate,Unemployed,9.41,1,Rural,1,1
Jaipur,68,20624,Secondary,Self-Employed,0.62,6,Semi-Urban,0,0
Jaipur,66,14966,Graduate,Self-Employed,7.4,5,Urban,4,1
Pune,47,76301,Primary,Self-Employed,4.12,7,Urban,1,0
Jaipur,52,120123,Primary,Unemployed,5.46,3,Rural,1,0
Mumbai,65,83183,Graduate,Unemployed,3.27,3,Rural,4,0
Ahmedabad,31,9959,Secondary,Government,3.55,7,Semi-Urban,3,0
Delhi,29,55802,Postgraduate,Private,0.64,4,Rural,4,0
Ahmedabad,45,129125,Postgraduate,Government,7.43,2,Urban,4,1
Mumbai,61,128795,Secondary,Self-Employed,7.25,6,Semi-Urban,2,1
Mumbai,46,32215,Secondary,Self-Employed,6.72,5,Semi-Urban,1,0
Bangalore,60,60046,Graduate,Self-Employed,8.84,1,Semi-Urban,1,1
Ahmedabad,34,99593,Graduate,Government,9.06,6,Urban,3,1
Lucknow,57,84036,Postgraduate,Self-Employed,5.79,7,Rural,3,1
Mumbai,66,114864,Secondary,Self-Employed,7.01,1,Semi-Urban,2,1
Delhi,38,125333,Secondary,Self-Employed,0.6,4,Urban,2,0
Kolkata,40,21772,Postgraduate,Unemployed,8.54,6,Rural,2,0
Pune,37,56943,Postgraduate,Private,8.26,1,Semi-Urban,3,1
Bangalore,28,73868,Postgraduate,Unemployed,0.69,6,Rural,4,0
Kolkata,51,54855,Postgraduate,Unemployed,5.66,3,Rural,1,0
Bangalore,27,106124,Postgraduate,Private,9.11,6,Rural,1,1
Delhi,27,62205,Graduate,Private,2.22,5,Urban,0,0
Chennai,60,141031,Postgraduate,Government,3.85,6,Semi-Urban,3,1
Ahmedabad,23,30874,Secondary,Private,3.65,1,Semi-Urban,3,0
Hyderabad,53,136007,Primary,Government,3.88,5,Semi-Urban,2,0
Lucknow,41,6301,Graduate,Government,0.9,1,Urban,0,0
Kolkata,29,63017,Secondary,Unemployed,3.15,7,Rural,0,0
Ahmedabad,60,48319,Primary,Self-Employed,3.3,7,Urban,3,0
Lucknow,40,27455,Graduate,Unemployed,8.73,2,Semi-Urban,2,0
Chennai,44,140184,Postgraduate,Unemployed,3.85,2,Rural,1,1
Hyderabad,62,62033,Graduate,Private,4.75,5,Urban,2,1
Lucknow,54,111924,Postgraduate,Private,4.12,7,Urban,1,1
Lucknow,23,37735,Postgraduate,Government,1.65,2,Urban,3,0
Kolkata,18,77781,Postgraduate,Government,9.91,2,Urban,2,1
Jaipur,23,131031,Primary,Government,8.35,3,Rural,0,1
Hyderabad,67,133305,Graduate,Private,5.64,1,Urban,4,1
Ahmedabad,39,113049,Postgraduate,Government,5.03,2,Rural,0,1
Chennai,58,10630,Secondary,Government,6.67,5,Urban,1,1
Hyderabad,41,70488,Graduate,Private,3.6,3,Semi-Urban,3,0
Delhi,42,139278,Secondary,Self-Employed,0.98,7,Urban,2,0
Jaipur,32,61289,Primary,Unemployed,4.34,2,Urban,3,0
Delhi,43,23953,Primary,Private,9.85,6,Semi-Urban,3,0
Chennai,25,105932,Graduate,Government,2.23,7,Rural,1,1
Kolkata,68,146140,Primary,Unemployed,5.51,5,Urban,3,0
Kolkata,41,83930,Primary,Private,0.58,1,Urban,2,0
Chennai,65,6067,Graduate,Unemployed,1.66,7,Semi-Urban,0,0
Bangalore,55,55658,Secondary,Unemployed,6.08,6,Rural,3,0
Chennai,23,57165,Postgraduate,Self-Employed,3.33,7,Semi-Urban,2,1
Jaipur,52,85781,Graduate,Government,9.1,2,Urban,2,1
Mumbai,59,145931,Graduate,Private,4.36,5,Rural,1,1
Kolkata,18,34164,Postgraduate,Government,2.48,6,Urban,3,1
Pune,63,109946,Secondary,Self-Employed,5.68,5,Semi-Urban,1,1
Jaipur,53,132580,Postgraduate,Self-Employed,8.05,4,Urban,0,1
Jaipur,29,104251,Postgraduate,Private,0.68,7,Semi-Urban,0,1
Jaipur,55,25773,Secondary,Private,5.3,6,Semi-Urban,2,0
Lucknow,28,38939,Secondary,Self-Employed,7.85,5,Rural,3,0
Jaipur,29,142186,Postgraduate,Private,1.48,6,Semi-Urban,2,1
Kolkata,59,103475,Postgraduate,Unemployed,9.08,4,Rural,3,1
Mumbai,67,17818,Graduate,Unemployed,3.01,1,Rural,1,0
Mumbai,56,14335,Secondary,Self-Employed,2.12,1,Rural,0,0
Jaipur,24,60008,Primary,Government,6.1,7,Rural,0,0
Delhi,28,76745,Secondary,Private,2.16,3,Rural,1,0
Kolkata,53,8577,Postgraduate,Private,6.96,6,Semi-Urban,4,1
Kolkata,69,78916,Postgraduate,Unemployed,5.16,4,Semi-Urban,4,0
Hyderabad,48,140148,Postgraduate,Private,1.54,5,Rural,4,0
Ahmedabad,50,64314,Postgraduate,Government,9.17,3,Semi-Urban,3,1
Bangalore,30,46205,Primary,Private,6.9,6,Rural,1,0
Bangalore,35,147167,Secondary,Private,5.69,3,Semi-Urban,3,1
Delhi,58,118583,Primary,Unemployed,4.06,6,Rural,3,0
Bangalore,41,89715,Primary,Private,1.78,7,Urban,1,0
Hyderabad,26,61680,Postgraduate,Self-Employed,7.22,7,Urban,3,1
Chennai,48,33400,Primary,Self-Employed,8.23,1,Rural,1,0
Bangalore,58,112345,Postgraduate,Government,1.7,5,Semi-Urban,4,1
Kolkata,27,92110,Postgraduate,Government,5.2,4,Rural,4,1
Chennai,19,125120,Postgraduate,Government,5.11,7,Semi-Urban,3,1
Bangalore,55,33562,Primary,Government,3.82,1,Rural,0,0
Kolkata,32,23510,Postgraduate,Unemployed,8.0,3,Rural,1,1
Kolkata,20,66608,Primary,Private,1.45,2,Semi-Urban,2,0
Jaipur,60,57182,Secondary,Unemployed,2.45,7,Semi-Urban,2,0
Mumbai,48,31883,Postgraduate,Government,0.52,3,Rural,3,0
Delhi,23,16094,Graduate,Private,4.04,2,Urban,0,0
Hyderabad,20,138479,Graduate,Self-Employed,3.27,6,Urban,1,1
Lucknow,28,17644,Graduate,Unemployed,8.74,1,Urban,4,0
Ahmedabad,32,90834,Graduate,Private,7.59,6,Urban,3,1
Bangalore,62,113982,Graduate,Self-Employed,1.3,4,Urban,1,0
Bangalore,69,57748,Primary,Self-Employed,7.54,5,Semi-Urban,1,0
Chennai,45,64021,Secondary,Government,6.92,7,Urban,1,1
Chennai,27,67651,Primary,Self-Employed,3.18,2,Semi-Urban,0,0
Ahmedabad,55,41807,Postgraduate,Self-Employed,0.65,7,Urban,1,0
Bangalore,64,33669,Secondary,Government,1.59,5,Semi-Urban,0,0
Pune,67,143354,Secondary,Private,2.87,6,Urban,0,1
Hyderabad,67,31539,Secondary,Private,8.26,1,Urban,1,1
Bangalore,24,139379,Secondary,Government,4.92,1,Semi-Urban,4,1
Mumbai,32,22745,Graduate,Unemployed,9.22,6,Semi-Urban,1,1
Ahmedabad,35,39555,Postgraduate,Government,8.0,6,Rural,4,1
Pune,35,137145,Secondary,Private,3.23,1,Urban,3,0
Hyderabad,69,37683,Secondary,Unemployed,8.53,4,Urban,2,0
Bangalore,58,30741,Graduate,Government,1.61,2,Semi-Urban,3,0
Lucknow,41,8599,Primary,Private,0.84,5,Semi-Urban,0,0
Jaipur,19,133513,Primary,Private,6.28,3,Urban,3,1
Mumbai,57,32293,Primary,Private,3.75,7,Urban,2,0
Lucknow,37,20389,Postgraduate,Self-Employed,3.63,6,Semi-Urban,2,0
Chennai,51,17318,Primary,Self-Employed,7.03,6,Semi-Urban,4,0
Chennai,60,8055,Secondary,Unemployed,8.58,7,Urban,3,0
Bangalore,43,126164,Graduate,Unemployed,3.56,1,Semi-Urban,0,0
Chennai,24,87579,Graduate,Unemployed,3.59,5,Semi-Urban,0,0
Mumbai,55,142392,Primary,Self-Employed,5.57,5,Urban,4,0
Hyderabad,47,109817,Graduate,Unemployed,6.71,4,Rural,4,0
Kolkata,59,9642,Secondary,Private,2.43,2,Semi-Urban,3,0
Delhi,22,14321,Primary,Private,9.17,4,Rural,4,0
Ahmedabad,28,84968,Secondary,Unemployed,6.72,4,Semi-Urban,2,0
Hyderabad,18,107770,Postgraduate,Unemployed,6.44,5,Rural,0,1
Kolkata,51,114762,Secondary,Self-Employed,9.09,2,Semi-Urban,2,1
Pune,18,119183,Secondary,Private,9.12,2,Rural,1,1
Mumbai,36,122159,Secondary,Government,1.79,2,Rural,2,0
Lucknow,19,30727,Secondary,Government,1.88,7,Semi-Urban,0,0
Kolkata,38,78820,Postgraduate,Self-Employed,7.74,1,Rural,1,1
Mumbai,37,114062,Primary,Self-Employed,9.59,2,Urban,3,1
Jaipur,40,32476,Secondary,Self-Employed,6.83,5,Urban,1,1
Lucknow,38,147063,Primary,Private,4.41,7,Urban,4,0
Chennai,41,125355,Graduate,Unemployed,6.99,1,Rural,0,1
Chennai,21,75047,Secondary,Unemployed,2.67,3,Semi-Urban,4,0
Lucknow,29,146868,Secondary,Self-Employed,9.98,6,Rural,2,1
Pune,39,8881,Graduate,Private,4.6,4,Semi-Urban,3,0
Pune,37,20668,Primary,Government,9.35,2,Rural,0,1
Pune,35,33106,Postgraduate,Self-Employed,4.59,3,Semi-Urban,3,0
Kolkata,18,20729,Secondary,Private,9.32,2,Rural,0,1
Ahmedabad,47,134354,Graduate,Self-Employed,3.69,4,Rural,4,0
Kolkata,50,75320,Graduate,Private,7.73,5,Urban,2,1
Bangalore,41,59913,Secondary,Private,9.53,5,Rural,1,1
Delhi,31,64402,Primary,Self-Employed,6.64,4,Urban,3,0
Lucknow,53,126649,Primary,Unemployed,6.94,3,Semi-Urban,0,0
Hyderabad,22,108930,Secondary,Self-Employed,1.48,1,Semi-Urban,0,0
Delhi,28,64739,Graduate,Unemployed,5.01,6,Urban,3,0
Jaipur,41,9507,Secondary,Unemployed,8.92,6,Rural,1,0
Kolkata,48,107552,Postgraduate,Government,2.79,6,Semi-Urban,2,1
Kolkata,30,84059,Postgraduate,Private,7.99,1,Rural,0,1
Mumbai,33,140064,Primary,Self-Employed,6.92,2,Rural,0,1
Delhi,41,135514,Postgraduate,Private,2.62,4,Rural,3,1
Mumbai,30,92680,Graduate,Government,3.19,4,Semi-Urban,3,1
Hyderabad,41,30530,Postgraduate,Unemployed,4.56,1,Semi-Urban,0,0
Mumbai,43,20305,Secondary,Self-Employed,1.69,3,Rural,0,0
Delhi,19,114097,Graduate,Private,9.18,6,Urban,0,1
Lucknow,33,57044,Primary,Government,7.52,7,Urban,4,0
Jaipur,55,135436,Primary,Unemployed,3.97,4,Urban,0,0
Kolkata,63,94363,Postgraduate,Unemployed,3.35,5,Rural,2,0
Hyderabad,18,63817,Primary,Private,7.05,5,Urban,2,0
Kolkata,66,108038,Secondary,Unemployed,4.53,7,Semi-Urban,1,0
Bangalore,28,51666,Graduate,Government,2.68,4,Urban,3,0
Jaipur,68,23909,Secondary,Unemployed,4.59,6,Urban,1,0
Ahmedabad,52,149057,Secondary,Self-Employed,8.78,6,Rural,0,1
Mumbai,60,27525,Secondary,Self-Employed,1.15,6,Semi-Urban,3,0
Chennai,46,117293,Secondary,Private,4.0,3,Semi-Urban,0,1
Delhi,54,106046,Graduate,Government,9.64,5,Urban,3,1
Kolkata,34,42403,Graduate,Unemployed,0.64,3,Rural,4,0
Mumbai,56,139902,Secondary,Unemployed,8.96,1,Rural,4,0
Hyderabad,59,136605,Secondary,Unemployed,4.06,2,Urban,4,0
Kolkata,45,28504,Primary,Self-Employed,2.3,6,Semi-Urban,1,0
Ahmedabad,46,115551,Primary,Government,0.64,1,Semi-Urban,3,0
Jaipur,60,60715,Graduate,Unemployed,1.17,2,Semi-Urban,1,0
Jaipur,20,41855,Primary,Private,2.13,7,Rural,3,0
Kolkata,69,46721,Graduate,Government,0.74,5,Urban,0,0
Hyderabad,27,116597,Graduate,Government,3.69,2,Rural,4,1
Jaipur,59,105659,Postgraduate,Unemployed,0.93,2,Semi-Urban,4,0
Jaipur,31,39723,Graduate,Self-Employed,7.08,4,Rural,3,0
Ahmedabad,29,10539,Primary,Government,8.28,2,Semi-Urban,1,0
Delhi,64,121360,Postgraduate,Private,8.93,4,Urban,1,1
Hyderabad,59,106140,Primary,Government,5.72,2,Semi-Urban,2,1
Hyderabad,47,74180,Graduate,Self-Employed,9.49,4,Urban,4,1
Lucknow,49,121985,Graduate,Private,0.55,5,Rural,4,0
Lucknow,49,90981,Secondary,Self-Employed,1.77,5,Rural,1,0
Jaipur,59,40934,Graduate,Unemployed,3.29,2,Rural,4,0
Chennai,49,145583,Postgraduate,Government,8.0,7,Semi-Urban,1,1
Lucknow,43,136255,Graduate,Private,8.91,7,Urban,2,1
Jaipur,68,14475,Secondary,Self-Employed,6.37,3,Rural,3,0
Pune,18,64577,Graduate,Unemployed,4.14,7,Rural,3,0
Bangalore,59,31008,Graduate,Private,6.83,5,Urban,2,1
Bangalore,19,47756,Graduate,Government,2.22,1,Semi-Urban,4,0
Hyderabad,34,85730,Secondary,Government,4.85,7,Rural,0,1
Chennai,47,87702,Primary,Self-Employed,5.32,1,Semi-Urban,4,0
Ahmedabad,56,51840,Graduate,Private,1.5,4,Semi-Urban,1,0
Delhi,24,43623,Postgraduate,Unemployed,0.82,3,Semi-Urban,0,0
Lucknow,69,68303,Secondary,Unemployed,7.63,6,Rural,2,0
Pune,44,51062,Postgraduate,Unemployed,5.58,4,Rural,3,0
Jaipur,26,61690,Graduate,Self-Employed,3.66,2,Urban,3,0
Chennai,39,103980,Secondary,Unemployed,4.65,7,Urban,4,0
Hyderabad,51,140162,Graduate,Private,9.6,5,Semi-Urban,3,1
Lucknow,63,50266,Postgraduate,Self-Employed,4.16,3,Rural,4,0
Chennai,66,92643,Secondary,Government,1.48,4,Semi-Urban,1,0
Lucknow,18,63704,Primary,Self-Employed,4.9,4,Urban,1,0
Delhi,26,122374,Primary,Self-Employed,6.66,1,Semi-Urban,2,1
Delhi,37,13382,Primary,Self-Employed,0.62,2,Semi-Urban,1,0
Ahmedabad,36,94609,Graduate,Private,3.66,4,Rural,4,0
Bangalore,53,51698,Secondary,Government,4.24,1,Semi-Urban,3,0
Mumbai,57,6110,Postgraduate,Government,4.91,3,Semi-Urban,1,1
Mumbai,62,120266,Postgraduate,Self-Employed,3.37,4,Rural,1,1
Lucknow,21,136458,Graduate,Self-Employed,6.84,6,Rural,4,1
Ahmedabad,26,52801,Graduate,Self-Employed,9.47,6,Urban,1,1
Mumbai,58,119012,Postgraduate,Private,9.18,1,Rural,3,1
Hyderabad,39,101085,Secondary,Private,6.81,6,Semi-Urban,3,1
Mumbai,35,36566,Graduate,Unemployed,5.32,2,Urban,3,0
Kolkata,29,28798,Secondary,Government,8.35,5,Urban,3,1
Jaipur,59,149637,Postgraduate,Unemployed,8.44,6,Urban,0,1
Ahmedabad,60,28027,Secondary,Unemployed,8.38,3,Urban,3,0
Hyderabad,56,10631,Primary,Self-Employed,2.0,4,Semi-Urban,0,0
Chennai,26,61878,Postgraduate,Private,0.74,1,Semi-Urban,3,0
Hyderabad,23,50206,Primary,Unemployed,9.84,4,Semi-Urban,3,0
Bangalore,36,108473,Postgraduate,Unemployed,9.62,5,Semi-Urban,4,1
Chennai,65,63334,Primary,Unemployed,5.86,4,Urban,3,0
Pune,64,77323,Secondary,Self-Employed,9.93,4,Semi-Urban,1,1
Jaipur,24,58619,Postgraduate,Self-Employed,7.82,1,Urban,3,1
Jaipur,33,108536,Postgraduate,Private,5.42,5,Rural,2,1
Jaipur,22,140360,Primary,Unemployed,4.2,3,Semi-Urban,4,0
Jaipur,33,11734,Secondary,Unemployed,6.13,1,Rural,4,0
Lucknow,18,44008,Postgraduate,Private,5.4,7,Rural,3,1
Jaipur,68,54349,Graduate,Private,9.94,5,Semi-Urban,2,1
Jaipur,54,143886,Primary,Private,5.16,5,Urban,3,0
Jaipur,56,143923,Postgraduate,Government,8.44,4,Rural,1,1
Ahmedabad,36,129478,Secondary,Private,8.23,2,Semi-Urban,4,1
Lucknow,54,137672,Secondary,Self-Employed,1.18,2,Rural,4,0
Delhi,34,61614,Secondary,Government,1.33,3,Rural,2,0
Hyderabad,43,8692,Secondary,Private,6.77,4,Semi-Urban,0,0
Hyderabad,39,131745,Primary,Self-Employed,2.96,2,Rural,2,0
Chennai,25,25373,Postgraduate,Private,6.75,1,Urban,1,1
Ahmedabad,50,117413,Primary,Private,1.87,3,Urban,2,0
Kolkata,19,19507,Primary,Government,4.27,4,Rural,0,0
Hyderabad,47,67931,Secondary,Self-Employed,1.47,6,Rural,1,0
Mumbai,64,80499,Graduate,Unemployed,3.18,1,Semi-Urban,1,0
Kolkata,37,119362,Secondary,Private,1.34,2,Urban,0,0
Jaipur,35,102449,Graduate,Government,9.72,2,Rural,3,1
Jaipur,60,101819,Primary,Self-Employed,4.25,2,Urban,2,0
Lucknow,27,44423,Secondary,Private,9.06,2,Rural,1,1
Kolkata,41,108612,Secondary,Unemployed,9.73,5,Semi-Urban,2,1
Mumbai,21,91120,Primary,Self-Employed,9.14,6,Semi-Urban,0,1
Lucknow,54,122409,Secondary,Self-Employed,4.82,3,Urban,4,1
Chennai,21,95918,Postgraduate,Government,7.9,3,Urban,0,1
Kolkata,30,71600,Graduate,Private,1.96,2,Rural,2,0
Ahmedabad,42,46848,Graduate,Private,1.4,3,Rural,1,0
Jaipur,30,11820,Graduate,Self-Employed,8.83,6,Rural,2,1
Jaipur,35,13512,Secondary,Private,0.8,1,Urban,4,0
Bangalore,41,56534,Postgraduate,Self-Employed,9.74,1,Semi-Urban,1,1
Lucknow,19,130191,Secondary,Unemployed,6.89,7,Semi-Urban,4,0
Delhi,65,65945,Graduate,Government,4.49,3,Urban,3,1
Delhi,50,88420,Secondary,Private,1.84,2,Semi-Urban,0,0
Lucknow,36,88488,Graduate,Private,7.37,4,Urban,3,1
Ahmedabad,26,14711,Primary,Government,5.85,6,Rural,2,0
Pune,45,91009,Graduate,Unemployed,7.26,2,Urban,3,1
Lucknow,52,14597,Primary,Unemployed,4.47,5,Semi-Urban,0,0
Ahmedabad,56,65067,Primary,Unemployed,1.13,4,Urban,1,0
Chennai,27,53022,Primary,Unemployed,3.49,6,Urban,4,0
Jaipur,18,117673,Graduate,Unemployed,3.49,5,Urban,1,0
Mumbai,59,56782,Postgraduate,Self-Employed,0.58,3,Urban,3,0
Pune,38,115716,Graduate,Private,0.59,5,Semi-Urban,2,0
Kolkata,26,123030,Secondary,Private,3.64,3,Rural,3,0
Pune,64,77036,Secondary,Private,7.41,5,Semi-Urban,0,1
Mumbai,32,40342,Postgraduate,Self-Employed,6.43,4,Semi-Urban,0,1
Bangalore,52,90745,Postgraduate,Government,2.77,5,Rural,2,1
Jaipur,22,62396,Postgraduate,Unemployed,6.23,2,Semi-Urban,1,1
Delhi,58,119836,Primary,Government,6.65,3,Rural,0,1
Ahmedabad,39,111998,Postgraduate,Unemployed,5.46,1,Rural,0,1
Lucknow,58,55021,Postgraduate,Unemployed,5.45,5,Urban,2,1
Lucknow,40,135672,Postgraduate,Government,4.01,3,Semi-Urban,1,1
Delhi,24,123559,Graduate,Private,1.67,1,Rural,3,0
Pune,40,71836,Secondary,Self-Employed,4.16,3,Semi-Urban,4,0
Jaipur,61,82017,Secondary,Government,3.78,7,Semi-Urban,2,0
Hyderabad,42,107689,Postgraduate,Private,6.12,3,Rural,1,1
Ahmedabad,44,85291,Secondary,Unemployed,8.63,1,Urban,4,0
Chennai,58,95450,Graduate,Private,4.07,1,Rural,2,0
Mumbai,23,61006,Secondary,Unemployed,7.24,4,Urban,3,0
Pune,51,109268,Primary,Unemployed,8.21,6,Rural,3,0
Kolkata,26,55138,Graduate,Private,2.51,7,Rural,1,0
Bangalore,66,67398,Secondary,Unemployed,9.07,5,Urban,1,1
Lucknow,50,62228,Secondary,Self-Employed,1.17,5,Urban,3,0
Pune,68,67670,Graduate,Private,9.07,7,Semi-Urban,3,1
Bangalore,23,130613,Secondary,Government,2.05,3,Rural,2,0
Mumbai,54,107071,Secondary,Unemployed,3.7,7,Semi-Urban,1,0
Lucknow,48,115572,Postgraduate,Unemployed,6.25,2,Semi-Urban,4,1
Lucknow,51,143997,Primary,Self-Employed,9.1,2,Urban,3,1
Hyderabad,58,8107,Graduate,Self-Employed,2.93,6,Urban,4,0
Pune,46,91388,Postgraduate,Government,7.75,3,Semi-Urban,1,1
Jaipur,31,100719,Secondary,Unemployed,7.25,4,Urban,1,1
Delhi,53,123018,Graduate,Government,2.02,1,Rural,0,1
Delhi,53,32617,Graduate,Government,5.05,3,Urban,3,1
Chennai,32,79258,Primary,Unemployed,5.07,5,Urban,1,0
Kolkata,25,55075,Primary,Government,3.39,2,Rural,1,0
Bangalore,43,131998,Graduate,Government,7.91,2,Urban,3,1
Pune,53,27631,Primary,Self-Employed,9.3,2,Semi-Urban,0,1
Ahmedabad,65,128120,Primary,Self-Employed,7.31,4,Semi-Urban,0,1
Kolkata,38,102158,Secondary,Government,9.74,5,Semi-Urban,0,1
Hyderabad,45,143955,Primary,Unemployed,0.98,4,Urban,0,0
Lucknow,21,51221,Primary,Self-Employed,0.85,1,Urban,2,0
Jaipur,33,110922,Postgraduate,Government,8.99,3,Urban,3,1
Pune,39,38550,Secondary,Private,9.03,3,Semi-Urban,3,1
Kolkata,29,19642,Secondary,Private,1.52,7,Urban,3,0
Kolkata,33,111093,Graduate,Government,3.9,2,Rural,0,1
Jaipur,68,98885,Primary,Private,8.44,7,Urban,0,1
Chennai,57,84538,Postgraduate,Self-Employed,1.72,2,Semi-Urban,1,1
Bangalore,55,67014,Postgraduate,Unemployed,3.04,1,Rural,2,0
Bangalore,59,24523,Secondary,Government,6.97,4,Rural,3,0
Kolkata,54,115285,Primary,Self-Employed,9.83,6,Semi-Urban,2,1
Mumbai,46,110879,Postgraduate,Unemployed,8.07,6,Rural,3,1
Kolkata,35,95629,Graduate,Private,7.88,6,Rural,0,1
Kolkata,27,81830,Primary,Private,3.76,5,Rural,0,0
Jaipur,59,50538,Primary,Private,6.78,1,Rural,3,0
Lucknow,56,52310,Primary,Private,1.57,3,Rural,4,0
Jaipur,35,146980,Postgraduate,Self-Employed,9.93,3,Urban,0,1
Pune,18,120266,Secondary,Self-Employed,5.07,4,Semi-Urban,1,1
Kolkata,56,17699,Secondary,Unemployed,6.57,7,Semi-Urban,0,0
Bangalore,38,71912,Graduate,Government,8.82,1,Urban,1,1
Ahmedabad,18,84183,Postgraduate,Unemployed,0.51,5,Urban,2,0
Bangalore,32,65282,Primary,Government,9.77,1,Semi-Urban,0,1
Delhi,21,63249,Graduate,Private,3.91,1,Semi-Urban,0,1
Chennai,37,43176,Graduate,Private,3.73,4,Urban,2,0
Hyderabad,27,13163,Secondary,Private,1.88,5,Urban,1,0
Pune,40,59210,Primary,Private,8.65,6,Rural,4,0
Pune,58,128844,Primary,Self-Employed,8.77,3,Urban,1,1
Chennai,51,109587,Postgraduate,Unemployed,0.69,2,Urban,3,0
Ahmedabad,63,76979,Postgraduate,Government,1.03,7,Rural,3,0
Hyderabad,65,83860,Postgraduate,Government,9.22,6,Rural,3,1
Lucknow,50,9920,Graduate,Self-Employed,1.67,5,Semi-Urban,2,0
Kolkata,51,87911,Primary,Private,6.4,3,Semi-Urban,1,0
Hyderabad,56,42996,Secondary,Unemployed,6.39,6,Urban,0,0
Ahmedabad,27,147820,Graduate,Private,8.76,4,Rural,3,1
Mumbai,37,99071,Graduate,Self-Employed,5.94,7,Rural,1,1
Delhi,18,52252,Secondary,Government,4.62,5,Semi-Urban,0,1
Hyderabad,30,127734,Secondary,Self-Employed,9.76,5,Semi-Urban,1,1
Hyderabad,18,142522,Postgraduate,Government,2.67,3,Urban,2,1
Delhi,22,57756,Secondary,Unemployed,3.0,3,Rural,3,0
Kolkata,33,55235,Secondary,Government,1.31,1,Semi-Urban,4,0
Hyderabad,32,95546,Secondary,Unemployed,9.77,1,Urban,3,1
Delhi,66,136092,Secondary,Private,7.21,5,Urban,3,1
Delhi,45,130802,Postgraduate,Private,0.61,2,Urban,2,1
Delhi,48,113421,Graduate,Self-Employed,7.19,4,Semi-Urban,0,1
Jaipur,40,145736,Primary,Unemployed,4.34,3,Semi-Urban,3,0
Ahmedabad,65,71635,Primary,Private,9.69,1,Semi-Urban,0,1
Jaipur,62,28225,Graduate,Unemployed,3.14,4,Semi-Urban,0,0
Mumbai,60,111885,Primary,Private,7.25,7,Semi-Urban,2,1
Lucknow,34,90333,Primary,Private,6.46,6,Rural,3,0
Jaipur,66,15807,Graduate,Government,0.61,6,Rural,2,0
Jaipur,51,11402,Primary,Self-Employed,8.91,5,Rural,2,0
Ahmedabad,30,9521,Primary,Government,1.83,3,Rural,4,0
Lucknow,31,119693,Graduate,Unemployed,6.8,6,Urban,2,1
Chennai,28,13382,Primary,Private,7.87,7,Urban,4,0
Delhi,45,115996,Secondary,Self-Employed,6.49,3,Rural,0,1
Pune,59,20065,Graduate,Private,1.42,1,Semi-Urban,0,0
Lucknow,49,90470,Postgraduate,Private,9.76,6,Rural,1,1
Mumbai,52,19425,Primary,Government,2.75,2,Rural,1,0
Kolkata,48,18111,Postgraduate,Unemployed,6.46,6,Urban,0,1
Mumbai,34,58257,Primary,Self-Employed,8.07,3,Semi-Urban,3,0
Delhi,64,128990,Secondary,Self-Employed,9.42,2,Urban,1,1
Lucknow,26,132813,Graduate,Self-Employed,6.24,4,Semi-Urban,2,1
Mumbai,27,86046,Postgraduate,Unemployed,2.96,6,Urban,1,0
Mumbai,25,42851,Graduate,Self-Employed,8.45,3,Rural,0,1
Chennai,38,13816,Postgraduate,Unemployed,2.05,6,Semi-Urban,3,0
Chennai,30,7175,Primary,Self-Employed,0.71,6,Urban,0,0
Lucknow,67,16341,Secondary,Private,9.13,3,Rural,3,0
Delhi,22,68908,Postgraduate,Unemployed,5.97,2,Urban,1,1
Jaipur,23,64696,Postgraduate,Government,1.16,1,Urban,2,1
Bangalore,47,88115,Secondary,Self-Employed,6.01,7,Urban,2,1
Hyderabad,48,35194,Secondary,Government,1.88,6,Rural,0,0
Pune,34,89358,Secondary,Unemployed,0.8,5,Semi-Urban,3,0
Hyderabad,28,107548,Secondary,Private,1.61,4,Urban,1,0
Ahmedabad,37,39579,Secondary,Government,7.86,3,Rural,3,1
Chennai,65,101554,Graduate,Government,7.68,6,Urban,3,1
Lucknow,26,58294,Primary,Private,6.24,7,Semi-Urban,3,0
Hyderabad,19,54777,Primary,Private,2.49,1,Urban,1,0
Delhi,54,141978,Postgraduate,Unemployed,7.52,3,Rural,3,1
Pune,18,45751,Secondary,Self-Employed,4.38,6,Urban,2,0
Hyderabad,21,113750,Graduate,Government,5.35,4,Urban,0,1
Pune,53,79180,Graduate,Government,9.03,5,Semi-Urban,4,1
Kolkata,42,36644,Postgraduate,Unemployed,4.85,3,Semi-Urban,3,0
Delhi,20,38521,Secondary,Self-Employed,6.45,6,Semi-Urban,2,0
Bangalore,26,16564,Primary,Unemployed,9.64,2,Urban,2,0
Mumbai,39,110155,Secondary,Government,4.79,1,Rural,0,1
Pune,40,149493,Graduate,Government,5.83,5,Urban,0,1
Delhi,29,93747,Secondary,Private,6.05,3,Urban,4,1
Pune,27,16202,Primary,Private,2.79,6,Urban,4,0
Pune,51,114407,Primary,Self-Employed,7.5,5,Urban,4,1
Jaipur,60,139757,Postgraduate,Government,7.4,2,Semi-Urban,1,1
Jaipur,27,95197,Graduate,Government,2.53,3,Semi-Urban,1,1
Delhi,47,47637,Secondary,Private,0.63,5,Semi-Urban,2,0
Jaipur,39,29276,Secondary,Unemployed,9.99,3,Semi-Urban,0,1
Ahmedabad,23,85946,Postgraduate,Unemployed,6.03,3,Rural,3,0
Bangalore,67,80214,Postgraduate,Government,2.22,5,Urban,0,1
Lucknow,19,46230,Postgraduate,Government,3.19,3,Urban,1,1
Delhi,47,129086,Graduate,Self-Employed,6.37,2,Urban,2,1
Delhi,19,134526,Secondary,Self-Employed,1.81,5,Rural,3,0
Ahmedabad,49,145521,Postgraduate,Private,0.85,6,Rural,4,0
Chennai,59,40059,Graduate,Government,8.09,7,Semi-Urban,4,1
Chennai,33,6532,Secondary,Unemployed,7.3,5,Urban,1,0
Jaipur,29,107666,Primary,Self-Employed,3.44,2,Urban,2,0
Lucknow,18,86551,Postgraduate,Private,1.06,2,Rural,0,0
Jaipur,25,76880,Graduate,Private,5.12,2,Urban,1,1
Kolkata,65,111734,Secondary,Unemployed,3.12,6,Rural,0,0
Kolkata,67,118997,Secondary,Self-Employed,4.28,6,Semi-Urban,3,0
Mumbai,30,57168,Postgraduate,Unemployed,3.1,7,Rural,0,0
Kolkata,32,118123,Postgraduate,Private,2.17,7,Urban,3,1
Chennai,61,142461,Secondary,Government,4.18,3,Rural,2,1
Bangalore,25,92897,Graduate,Unemployed,9.67,3,Rural,1,1
Kolkata,27,109599,Primary,Private,3.03,4,Semi-Urban,0,0
Jaipur,63,84239,Secondary,Government,3.69,7,Urban,2,1
Pune,22,23642,Graduate,Government,3.63,7,Urban,2,0
Delhi,67,111862,Postgraduate,Self-Employed,5.06,3,Semi-Urban,0,1
Bangalore,36,41509,Secondary,Self-Employed,8.51,2,Rural,4,0
Bangalore,64,84417,Postgraduate,Private,4.32,4,Rural,4,0
Jaipur,55,54237,Primary,Unemployed,8.16,7,Urban,3,0
Delhi,28,68176,Postgraduate,Government,1.59,2,Rural,2,0
Chennai,60,133633,Primary,Self-Employed,9.0,1,Semi-Urban,1,1
Bangalore,37,84865,Postgraduate,Self-Employed,2.26,7,Urban,1,1
Mumbai,37,122181,Postgraduate,Unemployed,0.87,6,Rural,2,0
Jaipur,38,67059,Primary,Self-Employed,2.0,5,Semi-Urban,4,0
Bangalore,35,54150,Postgraduate,Private,2.31,1,Semi-Urban,2,0
Lucknow,67,93367,Graduate,Unemployed,5.33,6,Urban,3,0
Delhi,27,46091,Postgraduate,Government,4.77,6,Urban,2,1
Kolkata,51,5903,Secondary,Private,7.3,2,Rural,0,0
Bangalore,43,59235,Postgraduate,Government,0.98,3,Rural,4,0
Jaipur,47,60342,Graduate,Government,5.23,5,Rural,0,1
Kolkata,26,40572,Secondary,Self-Employed,3.66,3,Semi-Urban,0,0
Mumbai,63,22610,Graduate,Private,6.49,3,Semi-Urban,2,1
Kolkata,68,39052,Secondary,Private,0.92,7,Rural,2,0
Lucknow,48,103993,Postgraduate,Unemployed,0.83,5,Urban,1,0
Chennai,59,92063,Graduate,Private,4.56,5,Semi-Urban,0,1
Bangalore,21,102540,Postgraduate,Unemployed,8.21,1,Semi-Urban,2,1
Hyderabad,23,58533,Secondary,Private,6.88,2,Rural,1,0
Hyderabad,31,128989,Graduate,Government,0.66,3,Urban,0,1
Kolkata,21,125388,Primary,Unemployed,2.2,2,Semi-Urban,1,0
Ahmedabad,43,33702,Graduate,Private,2.65,2,Urban,4,0
Delhi,64,128482,Postgraduate,Unemployed,4.52,7,Semi-Urban,3,1
Hyderabad,65,13631,Primary,Self-Employed,6.07,4,Urban,0,0
Ahmedabad,56,92388,Primary,Self-Employed,2.56,1,Urban,2,0
Hyderabad,34,129798,Secondary,Unemployed,4.13,3,Semi-Urban,4,0
Ahmedabad,36,75043,Primary,Unemployed,6.05,6,Urban,1,0
Delhi,68,40764,Primary,Government,4.14,5,Semi-Urban,3,0
Pune,66,134014,Secondary,Private,1.86,5,Semi-Urban,0,0
Hyderabad,23,118076,Graduate,Self-Employed,5.17,2,Urban,3,1
Lucknow,46,104007,Postgraduate,Self-Employed,3.58,1,Semi-Urban,4,1
Bangalore,28,29940,Graduate,Private,8.71,1,Urban,3,1
Ahmedabad,33,112418,Primary,Self-Employed,7.87,3,Semi-Urban,0,1
Bangalore,47,76792,Postgraduate,Self-Employed,2.31,3,Urban,4,0
Jaipur,42,13367,Graduate,Unemployed,1.95,2,Semi-Urban,1,0
Jaipur,57,116764,Postgraduate,Self-Employed,3.8,2,Semi-Urban,0,1
Delhi,28,13573,Primary,Self-Employed,4.42,2,Rural,3,0
Ahmedabad,24,20582,Graduate,Self-Employed,9.35,4,Semi-Urban,0,1
Mumbai,43,141450,Postgraduate,Private,3.37,1,Semi-Urban,4,1
Jaipur,39,70296,Postgraduate,Government,8.74,2,Urban,3,1
Delhi,42,149572,Graduate,Unemployed,5.3,7,Urban,1,1
Jaipur,36,70841,Graduate,Government,8.91,1,Urban,2,1
Jaipur,48,26881,Primary,Self-Employed,7.17,6,Urban,1,0
Mumbai,43,75233,Secondary,Self-Employed,7.23,5,Rural,0,1
Hyderabad,59,70285,Postgraduate,Self-Employed,5.43,5,Rural,2,1
Kolkata,58,64547,Graduate,Government,8.48,1,Urban,4,1
Pune,53,143294,Graduate,Private,2.92,6,Urban,3,1
Jaipur,40,12933,Graduate,Private,9.12,5,Urban,3,1
Jaipur,64,88385,Postgraduate,Unemployed,6.55,5,Urban,4,1
Lucknow,30,103706,Primary,Government,4.67,5,Semi-Urban,0,1
Pune,42,143012,Secondary,Private,9.83,3,Urban,1,1
Mumbai,19,89590,Postgraduate,Unemployed,8.69,6,Semi-Urban,2,1
Bangalore,19,111399,Primary,Self-Employed,7.83,3,Urban,4,1
Ahmedabad,33,64145,Postgraduate,Self-Employed,3.1,1,Rural,0,1
Jaipur,26,62520,Postgraduate,Unemployed,9.75,1,Rural,0,1
Kolkata,45,9544,Graduate,Private,7.56,4,Urban,2,1
Ahmedabad,30,59812,Primary,Government,6.25,3,Rural,4,0
Pune,52,124090,Graduate,Unemployed,9.26,1,Rural,1,1
Ahmedabad,58,104054,Graduate,Private,2.04,3,Rural,1,0
Hyderabad,30,137689,Primary,Unemployed,1.82,4,Rural,4,0
Jaipur,48,105834,Graduate,Private,5.86,1,Semi-Urban,3,1
Ahmedabad,38,139405,Graduate,Self-Employed,1.04,1,Semi-Urban,1,0
Bangalore,49,45002,Secondary,Unemployed,6.81,1,Semi-Urban,3,0
Bangalore,51,136583,Primary,Government,2.79,1,Semi-Urban,4,0
Jaipur,25,117850,Primary,Unemployed,1.63,2,Urban,0,0
Chennai,58,135011,Graduate,Self-Employed,4.39,6,Rural,4,0
Bangalore,65,126548,Graduate,Self-Employed,4.93,6,Rural,0,1
Ahmedabad,19,36786,Primary,Private,2.12,3,Urban,4,0
Delhi,55,41244,Primary,Self-Employed,0.89,3,Urban,3,0
Bangalore,49,72261,Postgraduate,Private,4.43,3,Semi-Urban,3,1
Pune,57,23477,Primary,Self-Employed,7.72,4,Semi-Urban,4,0
Chennai,45,13496,Postgraduate,Private,8.8,7,Rural,0,1
Ahmedabad,54,125522,Graduate,Government,1.43,2,Urban,4,1
Mumbai,58,148342,Secondary,Private,5.48,7,Rural,0,1
Lucknow,18,25724,Secondary,Private,3.0,3,Urban,3,0
Mumbai,58,35416,Postgraduate,Government,4.06,3,Semi-Urban,2,1
Hyderabad,27,40575,Graduate,Private,9.37,1,Rural,1,1
Lucknow,21,81614,Graduate,Private,3.84,7,Rural,3,0
Hyderabad,52,98566,Graduate,Government,3.97,1,Urban,4,1
Lucknow,27,132192,Primary,Self-Employed,2.49,7,Rural,4,0
Lucknow,64,24359,Graduate,Unemployed,9.62,7,Semi-Urban,0,1
Delhi,28,144770,Primary,Private,4.84,1,Rural,1,0
Kolkata,31,48634,Postgraduate,Self-Employed,5.92,3,Urban,3,1
Pune,55,122255,Secondary,Unemployed,4.81,1,Rural,1,0
Mumbai,29,47864,Postgraduate,Government,2.9,3,Semi-Urban,1,1
Bangalore,62,99482,Graduate,Private,8.2,7,Urban,3,1
Ahmedabad,34,42355,Graduate,Private,0.77,4,Urban,0,0
Chennai,33,42690,Postgraduate,Government,7.06,4,Semi-Urban,0,1
Pune,52,61630,Primary,Private,6.15,5,Urban,0,0
Hyderabad,19,26658,Primary,Unemployed,1.87,2,Urban,2,0
Delhi,28,20797,Primary,Unemployed,2.08,1,Rural,1,0
Hyderabad,58,63799,Secondary,Government,6.76,6,Urban,2,1
Kolkata,20,123301,Secondary,Private,3.47,1,Rural,0,0
Chennai,46,57236,Graduate,Self-Employed,3.02,2,Semi-Urban,3,0
Delhi,35,11265,Postgraduate,Private,1.06,7,Semi-Urban,1,0
Hyderabad,37,130611,Postgraduate,Government,7.78,2,Semi-Urban,3,1
Kolkata,64,126754,Graduate,Self-Employed,8.89,7,Semi-Urban,4,1
Ahmedabad,31,96426,Primary,Unemployed,8.29,5,Urban,1,0
Ahmedabad,51,147957,Secondary,Unemployed,4.93,2,Urban,3,0
Hyderabad,66,114681,Postgraduate,Self-Employed,5.57,3,Rural,0,1
Pune,48,48826,Graduate,Self-Employed,2.8,1,Rural,2,0
Chennai,57,60597,Primary,Government,2.14,2,Rural,3,0
Jaipur,59,143515,Primary,Private,8.32,3,Urban,4,1
Pune,35,102375,Secondary,Unemployed,8.08,2,Rural,0,1
Ahmedabad,47,22084,Secondary,Private,7.88,6,Urban,4,0
Chennai,42,94447,Graduate,Unemployed,4.9,3,Semi-Urban,2,0
Kolkata,36,9383,Graduate,Private,8.71,4,Urban,4,1
Delhi,25,97313,Primary,Unemployed,9.3,3,Semi-Urban,3,0
Lucknow,45,39361,Primary,Private,3.62,5,Rural,3,0
Hyderabad,25,85294,Postgraduate,Government,2.63,7,Urban,0,1
Mumbai,48,66331,Primary,Unemployed,4.91,3,Rural,2,0
Chennai,20,100057,Graduate,Government,2.2,2,Rural,2,0
Bangalore,20,126685,Secondary,Unemployed,8.9,4,Semi-Urban,1,1
Kolkata,61,101917,Graduate,Unemployed,3.71,4,Rural,1,0
Jaipur,39,35932,Postgraduate,Unemployed,5.97,3,Urban,3,0
Lucknow,34,6908,Postgraduate,Private,6.15,2,Rural,4,0
Bangalore,53,35412,Secondary,Unemployed,5.39,4,Semi-Urban,4,0
Jaipur,34,133319,Graduate,Government,1.99,6,Semi-Urban,0,1
Mumbai,31,88710,Postgraduate,Private,9.91,3,Rural,2,1
Ahmedabad,68,7928,Graduate,Private,2.14,3,Semi-Urban,3,0
Pune,26,70158,Postgraduate,Unemployed,7.64,7,Rural,4,0
Hyderabad,47,37309,Secondary,Self-Employed,8.02,3,Semi-Urban,1,1
Delhi,38,14280,Postgraduate,Private,1.88,4,Rural,3,0
Jaipur,29,45449,Graduate,Unemployed,9.37,1,Rural,0,1
Lucknow,54,31957,Graduate,Government,5.13,2,Urban,3,1
Chennai,49,75499,Postgraduate,Self-Employed,6.47,5,Urban,4,1
Ahmedabad,28,98057,Primary,Private,6.6,5,Rural,0,0
Chennai,37,115065,Secondary,Self-Employed,5.3,2,Urban,1,1
Lucknow,52,79893,Secondary,Private,1.85,1,Urban,1,0
Chennai,64,30176,Postgraduate,Self-Employed,7.64,7,Semi-Urban,4,1
Jaipur,63,61967,Postgraduate,Self-Employed,6.03,7,Urban,0,1
Kolkata,28,5987,Primary,Government,1.63,7,Semi-Urban,1,0
Chennai,69,101854,Secondary,Self-Employed,7.15,7,Urban,0,1
Pune,25,31015,Primary,Government,7.18,2,Urban,3,0
Mumbai,21,117350,Secondary,Unemployed,5.71,3,Rural,2,0
Delhi,44,71404,Postgraduate,Private,1.36,6,Urban,2,0
Jaipur,61,121751,Secondary,Government,3.85,2,Rural,2,0
Bangalore,57,133807,Secondary,Private,0.98,2,Rural,1,0
Lucknow,55,53231,Secondary,Government,5.04,6,Rural,4,0
Ahmedabad,64,33305,Primary,Private,9.11,4,Rural,2,0
Jaipur,47,59306,Primary,Government,0.52,5,Urban,4,0
Kolkata,61,126139,Secondary,Private,3.03,5,Rural,2,0
Ahmedabad,65,23318,Graduate,Unemployed,8.1,3,Urban,3,0
Pune,65,149318,Primary,Private,0.59,6,Urban,2,0
Lucknow,44,26584,Postgraduate,Unemployed,0.6,7,Semi-Urban,4,0
Ahmedabad,38,20169,Postgraduate,Unemployed,6.3,7,Semi-Urban,1,0
Chennai,69,30968,Secondary,Unemployed,8.0,3,Semi-Urban,3,0
Jaipur,37,142457,Postgraduate,Self-Employed,7.88,4,Rural,4,1
Mumbai,21,127684,Primary,Private,7.91,3,Urban,0,1
Lucknow,28,120391,Graduate,Self-Employed,3.93,6,Urban,2,1
Hyderabad,30,30444,Graduate,Self-Employed,8.89,6,Rural,3,1
Pune,26,111081,Graduate,Private,0.62,1,Semi-Urban,1,0
Delhi,21,67497,Postgraduate,Unemployed,3.47,4,Semi-Urban,0,0
Lucknow,29,10362,Secondary,Self-Employed,3.7,6,Urban,2,0
Kolkata,26,104254,Postgraduate,Self-Employed,2.07,6,Urban,3,1
Jaipur,30,144322,Secondary,Government,3.69,4,Urban,4,1
Chennai,65,73354,Graduate,Private,6.07,7,Semi-Urban,2,1
Delhi,43,41368,Primary,Self-Employed,5.44,2,Urban,3,0
Delhi,55,49109,Postgraduate,Private,3.53,7,Semi-Urban,2,0
Pune,59,32426,Primary,Private,7.62,2,Semi-Urban,3,0
Ahmedabad,30,122632,Graduate,Self-Employed,7.29,1,Semi-Urban,4,1
Kolkata,56,117637,Secondary,Private,3.17,7,Rural,2,0
Ahmedabad,45,44023,Primary,Unemployed,3.57,6,Rural,3,0
Chennai,36,127268,Postgraduate,Self-Employed,3.23,4,Urban,0,1
Delhi,41,114211,Primary,Self-Employed,1.72,4,Semi-Urban,1,0
Kolkata,36,99897,Primary,Self-Employed,7.65,2,Urban,3,1
Kolkata,66,84777,Postgraduate,Government,0.94,7,Semi-Urban,3,0
Bangalore,30,49858,Secondary,Government,1.93,5,Urban,3,0
Jaipur,30,95042,Postgraduate,Government,1.5,5,Urban,2,1
Delhi,45,88098,Graduate,Government,8.34,6,Rural,1,1
Delhi,19,25239,Secondary,Self-Employed,0.92,2,Rural,2,0
Kolkata,27,149137,Primary,Unemployed,6.81,6,Rural,3,0
Ahmedabad,39,115951,Postgraduate,Private,0.92,3,Rural,3,0
Delhi,30,46291,Graduate,Private,7.97,4,Semi-Urban,1,1
Kolkata,26,43805,Postgraduate,Self-Employed,9.17,7,Urban,0,1
Delhi,50,103831,Secondary,Unemployed,5.13,7,Urban,2,0
Kolkata,31,14290,Graduate,Private,8.14,6,Semi-Urban,0,1
Bangalore,65,136283,Primary,Unemployed,7.21,1,Semi-Urban,3,0
Jaipur,37,88634,Secondary,Self-Employed,8.06,7,Urban,3,1
Kolkata,32,24072,Graduate,Government,7.78,5,Rural,4,1
Delhi,49,48290,Secondary,Unemployed,2.45,6,Rural,4,0
Chennai,50,90186,Primary,Private,5.25,3,Rural,0,0
Jaipur,34,20115,Graduate,Private,9.62,4,Semi-Urban,4,1
Bangalore,41,10149,Postgraduate,Private,3.76,7,Urban,1,1
Kolkata,47,46992,Postgraduate,Government,9.72,3,Semi-Urban,0,1
Chennai,30,22716,Primary,Unemployed,6.04,6,Urban,4,0
Kolkata,64,102724,Graduate,Unemployed,4.89,4,Rural,4,0
Ahmedabad,65,18621,Primary,Private,6.75,4,Rural,1,0
Delhi,33,142892,Primary,Unemployed,8.25,2,Rural,1,0
Lucknow,19,118065,Secondary,Private,4.24,2,Urban,0,1
Pune,34,35399,Postgraduate,Unemployed,0.81,1,Rural,2,0
Mumbai,49,124374,Primary,Government,7.23,1,Urban,1,1
Ahmedabad,60,48098,Secondary,Government,9.58,7,Semi-Urban,4,1
Chennai,25,50511,Primary,Self-Employed,6.44,3,Rural,0,0
Ahmedabad,69,58243,Primary,Self-Employed,2.29,2,Semi-Urban,2,0
Hyderabad,20,120131,Primary,Self-Employed,2.86,4,Semi-Urban,0,0
Kolkata,29,33750,Postgraduate,Unemployed,9.14,2,Urban,4,1
Kolkata,37,60398,Graduate,Government,0.63,4,Semi-Urban,2,0
Mumbai,33,49345,Postgraduate,Government,5.71,2,Urban,2,1
Mumbai,31,98430,Secondary,Government,2.01,4,Urban,1,0
Hyderabad,33,119921,Graduate,Private,3.19,3,Semi-Urban,3,0
Delhi,66,96729,Secondary,Unemployed,3.42,2,Urban,4,0
Pune,60,56843,Primary,Unemployed,2.58,5,Urban,3,0
Lucknow,66,146294,Graduate,Self-Employed,8.03,5,Urban,4,1
Lucknow,68,136458,Secondary,Private,3.66,4,Semi-Urban,0,1
Bangalore,50,69334,Primary,Private,3.78,3,Urban,3,0
Bangalore,47,72170,Secondary,Government,4.8,4,Rural,2,0
Delhi,29,45878,Secondary,Self-Employed,9.07,3,Semi-Urban,1,1
Bangalore,32,95352,Postgraduate,Unemployed,7.04,1,Semi-Urban,4,1
Bangalore,35,23383,Primary,Private,1.09,2,Urban,1,0
Hyderabad,45,140973,Postgraduate,Government,0.87,3,Semi-Urban,4,1
Hyderabad,40,47889,Graduate,Unemployed,5.88,4,Rural,2,0
Bangalore,31,19633,Primary,Government,8.93,7,Semi-Urban,2,1
Ahmedabad,47,67244,Postgraduate,Unemployed,3.57,7,Semi-Urban,2,0
Jaipur,50,134177,Postgraduate,Government,2.85,1,Semi-Urban,2,1
Jaipur,62,146779,Graduate,Unemployed,7.61,7,Urban,2,1
Delhi,32,88597,Secondary,Self-Employed,6.22,4,Rural,1,1
Lucknow,24,20115,Secondary,Unemployed,5.87,5,Rural,0,0
Mumbai,32,80379,Secondary,Unemployed,1.92,5,Rural,3,0
Delhi,69,44979,Graduate,Unemployed,2.17,2,Semi-Urban,1,0
Bangalore,59,74377,Postgraduate,Government,3.18,6,Rural,3,1
Hyderabad,63,11416,Primary,Private,2.46,2,Urban,0,0
Kolkata,55,146705,Graduate,Unemployed,9.73,7,Semi-Urban,4,1
Ahmedabad,63,133785,Secondary,Unemployed,0.68,1,Urban,0,0
Chennai,61,136666,Secondary,Self-Employed,6.45,7,Semi-Urban,0,1
Hyderabad,28,135364,Primary,Unemployed,5.42,5,Urban,4,0
Jaipur,46,102507,Graduate,Self-Employed,3.57,3,Semi-Urban,3,0
Hyderabad,48,123243,Secondary,Unemployed,8.93,5,Urban,2,1
Ahmedabad,42,140933,Graduate,Government,6.87,6,Rural,4,1
Mumbai,69,108070,Postgraduate,Private,9.98,2,Semi-Urban,4,1
Bangalore,41,41126,Graduate,Private,2.1,4,Semi-Urban,0,0
Kolkata,36,85382,Postgraduate,Private,1.33,7,Urban,4,0
Jaipur,19,23228,Primary,Government,1.82,1,Urban,1,0
Jaipur,39,29009,Postgraduate,Self-Employed,3.06,6,Urban,2,0
Pune,37,5094,Postgraduate,Private,4.46,5,Semi-Urban,0,1
Lucknow,50,85636,Primary,Government,8.69,3,Urban,3,1
Mumbai,25,103453,Secondary,Government,3.19,6,Rural,3,0
Jaipur,42,59486,Primary,Unemployed,9.19,3,Urban,3,0
Lucknow,63,95510,Graduate,Self-Employed,4.9,3,Urban,3,1
Jaipur,26,25860,Primary,Government,6.65,1,Urban,3,0
Bangalore,51,77812,Graduate,Self-Employed,3.01,3,Rural,0,0
Lucknow,40,71087,Secondary,Private,1.98,3,Urban,1,0
Ahmedabad,22,144558,Graduate,Private,8.76,5,Urban,1,1
Pune,42,54607,Primary,Private,1.54,1,Semi-Urban,3,0
Bangalore,25,145817,Primary,Unemployed,7.85,4,Semi-Urban,1,0
Ahmedabad,33,111664,Secondary,Unemployed,6.02,4,Urban,2,0
Kolkata,65,23330,Primary,Self-Employed,8.68,3,Semi-Urban,1,0
Mumbai,62,125803,Secondary,Self-Employed,7.32,6,Urban,4,1
Mumbai,69,48336,Secondary,Unemployed,3.18,2,Urban,3,0
Chennai,32,13070,Primary,Government,5.96,1,Rural,4,0
Chennai,18,6320,Postgraduate,Self-Employed,0.62,7,Urban,4,0
Lucknow,39,94043,Graduate,Self-Employed,5.01,2,Semi-Urban,3,1
Mumbai,20,43921,Postgraduate,Private,1.32,1,Semi-Urban,0,0
Lucknow,55,11589,Secondary,Self-Employed,4.57,1,Semi-Urban,1,0
Chennai,31,97995,Graduate,Self-Employed,1.54,5,Semi-Urban,2,0
Kolkata,53,20589,Postgraduate,Government,9.58,3,Urban,0,1
Jaipur,35,41375,Primary,Self-Employed,5.47,5,Rural,2,0
Ahmedabad,64,48085,Postgraduate,Government,9.18,6,Rural,3,1
Hyderabad,58,65840,Graduate,Private,0.71,7,Urban,1,0
Lucknow,35,103704,Graduate,Unemployed,6.56,2,Semi-Urban,0,1
Kolkata,20,102047,Graduate,Private,3.42,2,Rural,3,0
Ahmedabad,27,35982,Graduate,Government,4.6,4,Rural,0,1
Mumbai,66,64720,Postgraduate,Government,8.79,6,Urban,4,1
Jaipur,56,33514,Primary,Self-Employed,9.81,7,Semi-Urban,1,1
Ahmedabad,64,139923,Primary,Self-Employed,2.84,6,Rural,1,0
Pune,18,81034,Graduate,Unemployed,9.51,5,Urban,3,1
Chennai,44,103388,Primary,Government,7.04,5,Rural,3,0
Ahmedabad,44,49845,Postgraduate,Government,9.54,6,Rural,3,1
Hyderabad,28,115853,Primary,Private,5.84,5,Semi-Urban,1,0
Kolkata,66,113417,Secondary,Unemployed,9.63,4,Semi-Urban,4,1
Jaipur,22,118436,Primary,Private,8.98,7,Rural,1,1
Bangalore,24,26159,Graduate,Self-Employed,1.72,7,Semi-Urban,3,0
Ahmedabad,36,94788,Primary,Self-Employed,3.45,5,Rural,2,0
Delhi,46,29003,Primary,Private,2.81,5,Rural,4,0
Hyderabad,32,110722,Primary,Self-Employed,5.93,7,Rural,1,0
Hyderabad,52,40139,Primary,Private,8.13,6,Urban,2,0
Delhi,64,57452,Secondary,Government,7.71,7,Semi-Urban,4,1
Pune,54,27205,Postgraduate,Government,7.4,6,Semi-Urban,1,1
Bangalore,29,61955,Graduate,Self-Employed,4.07,5,Rural,3,0
Chennai,47,12464,Graduate,Unemployed,1.83,5,Semi-Urban,1,0
Kolkata,37,14840,Primary,Government,2.5,6,Rural,4,0
Jaipur,54,45768,Postgraduate,Self-Employed,7.55,2,Semi-Urban,3,1
Kolkata,20,145533,Primary,Unemployed,1.9,3,Semi-Urban,0,0
Bangalore,26,25927,Secondary,Self-Employed,2.62,2,Rural,2,0
Kolkata,58,103622,Postgraduate,Private,4.53,5,Semi-Urban,3,1
Delhi,56,20329,Postgraduate,Self-Employed,1.19,1,Rural,3,0
Hyderabad,43,20791,Postgraduate,Private,2.52,1,Urban,4,0
Kolkata,19,57627,Postgraduate,Government,1.92,4,Rural,4,0
Lucknow,40,133885,Primary,Government,9.54,2,Semi-Urban,2,1
Ahmedabad,40,114554,Secondary,Self-Employed,2.32,6,Urban,4,0
Bangalore,38,135436,Postgraduate,Unemployed,8.69,4,Urban,3,1
Pune,33,92073,Graduate,Self-Employed,1.59,4,Rural,2,0
Lucknow,26,39370,Graduate,Self-Employed,8.76,1,Urban,2,1
Delhi,30,56408,Secondary,Government,6.19,2,Rural,1,1
Mumbai,45,95941,Graduate,Government,8.57,3,Semi-Urban,3,1
Delhi,44,143604,Primary,Self-Employed,8.74,7,Rural,3,1
Pune,68,40416,Primary,Government,6.17,6,Urban,4,0
Pune,69,77439,Secondary,Private,9.22,2,Rural,3,1
Lucknow,34,23242,Postgraduate,Self-Employed,6.06,4,Rural,4,0
Ahmedabad,55,84324,Graduate,Government,7.27,5,Semi-Urban,3,1
Bangalore,53,40249,Graduate,Self-Employed,4.45,4,Rural,1,0
Chennai,18,105124,Secondary,Government,9.18,2,Semi-Urban,3,1
Hyderabad,35,100049,Secondary,Private,8.33,1,Urban,1,1
Lucknow,68,90078,Graduate,Private,2.08,7,Urban,3,0
Pune,26,37294,Postgraduate,Self-Employed,5.98,2,Rural,3,1
Mumbai,30,139756,Secondary,Private,9.02,3,Rural,0,1
Jaipur,57,146503,Primary,Private,8.03,6,Urban,3,1
Pune,62,94627,Graduate,Government,9.64,6,Urban,1,1
Ahmedabad,32,95381,Secondary,Self-Employed,2.7,5,Urban,2,0
Ahmedabad,60,95027,Secondary,Government,3.99,5,Rural,1,0
Pune,61,75366,Secondary,Government,5.32,4,Urban,3,1
Ahmedabad,63,99176,Graduate,Unemployed,2.71,2,Rural,4,0
Lucknow,21,124667,Primary,Private,4.24,6,Urban,0,1
Pune,50,77870,Primary,Government,5.61,1,Urban,4,0
Pune,41,52387,Graduate,Government,2.32,3,Rural,0,0
Bangalore,53,14304,Secondary,Government,2.94,4,Semi-Urban,0,0
Hyderabad,68,22032,Graduate,Private,1.69,2,Rural,4,0
Mumbai,58,96291,Graduate,Private,7.28,1,Semi-Urban,3,1
Ahmedabad,27,117889,Secondary,Private,3.93,2,Rural,1,0
Bangalore,53,64486,Graduate,Self-Employed,2.59,1,Semi-Urban,4,0
Chennai,37,70552,Postgraduate,Government,5.32,7,Semi-Urban,2,1
Chennai,58,44244,Primary,Private,1.15,2,Semi-Urban,0,0
Kolkata,62,142014,Postgraduate,Government,9.27,2,Rural,1,1
Lucknow,61,55697,Postgraduate,Self-Employed,3.3,7,Rural,2,0
Lucknow,28,131031,Postgraduate,Unemployed,8.92,6,Rural,1,1
Delhi,29,7693,Graduate,Self-Employed,5.23,4,Semi-Urban,3,0
Mumbai,35,86098,Secondary,Private,8.58,2,Semi-Urban,2,1
Pune,47,11259,Graduate,Private,2.85,2,Rural,4,0
Ahmedabad,61,124746,Primary,Self-Employed,2.17,4,Rural,1,0
Mumbai,65,112772,Graduate,Government,8.57,4,Urban,4,1
Kolkata,54,122928,Graduate,Private,2.52,5,Urban,4,0
Delhi,37,141014,Graduate,Private,7.59,5,Urban,1,1
Bangalore,42,52419,Graduate,Self-Employed,3.77,6,Urban,1,1
Mumbai,29,107092,Postgraduate,Government,7.61,4,Urban,0,1
Bangalore,38,61105,Secondary,Self-Employed,9.12,7,Rural,0,1
Chennai,42,28404,Primary,Self-Employed,9.83,3,Semi-Urban,2,0
Ahmedabad,28,77656,Primary,Government,3.92,6,Semi-Urban,2,0
Kolkata,26,141774,Primary,Government,3.99,1,Rural,2,0
Pune,67,105965,Graduate,Unemployed,9.82,4,Rural,0,1
Ahmedabad,42,61332,Primary,Self-Employed,8.68,5,Rural,4,0
Hyderabad,52,108182,Postgraduate,Government,0.93,2,Urban,3,1
Lucknow,69,116395,Secondary,Private,5.95,4,Urban,3,1
Kolkata,49,107619,Graduate,Unemployed,2.22,4,Urban,1,0
Mumbai,66,113269,Graduate,Self-Employed,9.94,5,Rural,0,1
Ahmedabad,31,78844,Postgraduate,Government,1.82,5,Rural,1,1
Jaipur,18,129983,Primary,Unemployed,5.81,3,Semi-Urban,3,0
Lucknow,34,39142,Graduate,Unemployed,6.82,6,Rural,1,0
Lucknow,42,114699,Graduate,Private,9.4,5,Urban,0,1
Jaipur,25,101226,Postgraduate,Unemployed,8.55,5,Semi-Urban,0,1
Delhi,22,12393,Postgraduate,Self-Employed,2.83,5,Rural,0,0
Delhi,22,107281,Primary,Government,5.94,6,Semi-Urban,3,0
Jaipur,58,14388,Secondary,Unemployed,9.56,2,Semi-Urban,0,0
Hyderabad,52,67969,Secondary,Unemployed,7.49,4,Rural,2,0
Chennai,36,41660,Primary,Self-Employed,7.04,4,Urban,2,0
Jaipur,40,94244,Secondary,Private,7.67,5,Urban,0,1
Chennai,26,84544,Postgraduate,Private,3.56,7,Semi-Urban,2,1
Ahmedabad,47,136183,Postgraduate,Government,7.43,7,Rural,0,1
Hyderabad,67,120370,Postgraduate,Self-Employed,2.71,6,Rural,3,1
Kolkata,33,22545,Secondary,Private,4.57,3,Urban,2,0
Chennai,50,138451,Secondary,Government,8.95,5,Rural,3,1
Lucknow,19,92346,Graduate,Government,0.68,6,Rural,2,0
Ahmedabad,31,22809,Graduate,Private,4.44,6,Semi-Urban,4,0
Lucknow,63,32967,Graduate,Self-Employed,3.03,3,Rural,4,0
Hyderabad,18,145820,Secondary,Unemployed,2.39,6,Rural,3,0
Chennai,43,28424,Graduate,Private,8.47,4,Rural,2,1
Bangalore,42,113411,Postgraduate,Unemployed,7.12,3,Urban,4,1
Hyderabad,33,75069,Secondary,Unemployed,1.57,3,Urban,0,0
